node_id,business,business_online_day,cum_cost_7d,cum_revenue_7d,pred_cost_knn3_median,pred_cost_knn3_mean,pred_cost_knn3_hybrid,pred_cost_knn5_median,pred_cost_knn5_mean,pred_cost_knn5_hybrid,pred_cost_knn10_median,pred_cost_knn10_mean,pred_cost_knn10_hybrid,pred_cost_knn20_median,pred_cost_knn20_mean,pred_cost_knn20_hybrid,pred_cost_business_prior,pred_revenue_knn3_median,pred_revenue_knn3_mean,pred_revenue_knn3_hybrid,pred_revenue_knn5_median,pred_revenue_knn5_mean,pred_revenue_knn5_hybrid,pred_revenue_knn10_median,pred_revenue_knn10_mean,pred_revenue_knn10_hybrid,pred_revenue_knn20_median,pred_revenue_knn20_mean,pred_revenue_knn20_hybrid,pred_revenue_business_prior,same_business_neighbors_found_top120,nearest_same_business_feature_distance,pred_cost_current_hybrid,pred_revenue_current_hybrid
ant0920a71788ca93618647d52869000,10000168,2026-03-19,0.7600000000000001,0.04,0.8800000000000001,1.0943360315005877,3.2811385372000577,0.8800000000000001,1.4895716042497724,2.800910829760046,0.86,1.08952019517902,2.1472738865066976,0.5800000000000001,0.8994259436141664,1.730506016533359,4.721821659520092,0.11,1.3290268059644108,2.3821065200880254,0.11,0.9241776140292026,1.9276852160704203,0.11,0.979439385145574,1.321790144046947,0.07,0.778244953039306,1.0909362311502335,3.7453704321408408,10,0.13355731964111328,4.168952374708391,2.057119301300611
ant09d8892abfe8f75264d42a871cf00,10000182,2026-06-05,555.04,12.98,1.8,1.9546525160830275,2.6098753358904814,1.8,1.9546525160830275,2.6098753358904814,1.8,1.9546525160830275,2.6098753358904814,1.8,1.9546525160830275,2.6098753358904814,3.0958005374247706,3.58,3.7384288939812604,3.549187293487825,3.58,3.7384288939812604,3.549187293487825,3.58,3.7384288939812604,3.549187293487825,3.58,3.7384288939812604,3.549187293487825,3.53069966958052,3,0.1935725212097168,140.11999647395083,6.763501011253737
47919ecb405922a034ef057b6a31ee00,10000292,2026-06-19,247.85,208.6,1168.84,1069.7413644783303,873.4143984023278,1384.5300000000002,1353.5677817814153,1040.3445187218624,1168.84,1182.3722989945013,1011.2796791479082,250.79,1020.7857373112338,339.8638074887449,696.1590374437245,514.7900000000001,710.1212601459605,637.5759624769714,1348.9899999999998,1107.4125962279788,1030.1187699815769,514.7900000000001,1148.1445160843439,580.2758466543848,283.95000000000005,940.9078055847651,369.4095079926309,711.2475399631542,10,0.07223701477050781,618.4568833392234,646.1915448229306
e6a1952ead43a74797a9b797e8419d00,10000280,2026-04-01,157.93,180.14,209.26,1639.4581406514462,573.821288983924,474.58,1338.0157883971344,633.5690311871392,940.92,1601.39023823033,891.4660207914262,474.58,1276.6386171578679,538.1756124748556,792.5580623742784,282.17,736.6817532923063,516.7301289379146,282.17,832.2180379478649,469.8181031503317,495.59,1205.2390321487485,549.5487354335545,282.17,984.9708874353443,357.22924126013265,657.4662063006634,10,0.09331643581390381,763.1037267393747,414.37859061874144
16f241d06aa7e0bf8566233a3c45e800,1380460970,2026-03-16,737.1800000000001,878.5500000000002,3109.0799999999995,2634.514740250201,2477.771929605431,2304.81,2167.040770120868,2201.898543684345,2304.81,2645.982872821897,2236.2023624562303,2304.81,2445.290811026879,2255.804544611593,2098.9870873686905,3851.07,3221.9805827971095,3124.8157180018216,3124.82,2723.367003382934,2906.9415744014577,3124.82,3183.8089215358077,2979.5677162676384,3098.13,3062.657201985689,3000.733130667361,2689.063148802915,10,0.1934773325920105,623.4690313208199,878.5500000000002
16f241d06aa7e0bf8566233a3c45e800,10000278,2026-04-01,335.05,334.83,94.72,140.44886498613297,230.9552531343814,74.92,102.36625563334796,193.80820250750514,94.72,397.3827414205771,167.3788016716701,59.11,273.1941106059564,109.82728100300204,312.69640501501027,81.97,177.68677583236945,250.22006896303765,61.78999999999999,123.56887441110368,206.4800551704301,81.97,401.70155879717055,171.70337011362008,61.98,295.9894315342548,119.81802206817203,351.1701103408602,10,0.1591063141822815,116.40615588905357,132.3225842258896
ant200ce86ee79ae32dd8d688fb6fc00,10000083,2026-05-12,1.58,1.76,14.774946297266226,14.774946297266226,14.774946297266226,14.774946297266226,14.774946297266226,14.774946297266226,14.774946297266226,14.774946297266226,14.774946297266226,14.774946297266226,14.774946297266226,14.774946297266226,14.774946297266226,17.21346633744408,17.21346633744408,17.21346633744408,17.21346633744408,17.21346633744408,17.21346633744408,17.21346633744408,17.21346633744408,17.21346633744408,17.21346633744408,17.21346633744408,17.21346633744408,17.21346633744408,0,,6.398284278041452,6.984329994180049
ant203337aa1d5a63557a8d6f912a600,10000149,2026-05-11,10.14,12.06,3.89,3.2327007478988596,7.38496585170323,1.92,2.672456039714357,5.700972681362583,3.89,4.939802257612754,5.753981787575055,3.1499999999999995,4.97078678719656,4.416389072545033,9.481945362725167,5.96,4.5105350703698575,10.137796733759279,3.12,3.6841885612633063,7.882237387007423,5.96,6.902867492476964,8.188158258004949,5.96,6.916386765999698,7.296894954802968,12.644474774014846,10,0.014451920986175537,9.708582889627412,10.808145200882326
ant20e4f9a9f82f03430b8446940d400,10000084,2026-03-27,0.2299999999999999,0.16,1.97,1.949780053793412,6.279955224361576,1.09,1.7448889410734527,5.409960199432512,1.09,1.7448889410734527,5.409960199432512,1.09,1.7448889410734527,5.409960199432512,8.865928358978522,2.47,2.1858767384991684,12.1186640064658,1.03,1.9104238827678617,10.406590227969602,1.03,1.9104238827678617,10.406590227969602,1.03,1.9104238827678617,10.406590227969602,17.90786241034528,4,0.08667176961898804,5.628393736984164,6.712567783598227
ant213916389e70636c79da500b36300,10000149,2026-07-10,1.94,4.05,4.41,3.5892642371354464,7.57996585170323,4.61,4.966759968285062,7.045972681362583,4.61,5.433340477521906,6.233981787575056,4.7700000000000005,6.590533061612439,5.712389072545034,9.481945362725167,6.819999999999999,5.590511322344017,10.460296733759279,7.59,6.853044753807628,10.117237387007423,7.42,7.638168337967115,9.161491591338283,7.88,9.099446224322666,8.832894954802969,12.644474774014846,10,0.0723840594291687,5.935006358025406,8.337435934840395
ant21427572f0e023f389773d740fb00,10000209,2026-07-24,0.7000000000000001,1.32,0.51,0.749611205921102,8.543602880045178,0.35,0.5492255785161073,6.856882304036142,0.35,0.5492255785161073,6.856882304036142,0.35,0.5492255785161073,6.856882304036142,13.363764608072284,1.7800000000000002,1.7689243404056112,10.428799082469267,0.65,1.2452507883907311,8.134039265975412,0.65,1.2452507883907311,8.134039265975412,0.65,1.2452507883907311,8.134039265975412,15.618078531950825,5,0.1310354471206665,4.718589649197958,4.5724509005429965
ant2185840ca42d93b4287022d419b00,10000182,2026-06-20,3.41,6.57,0.24,0.21,2.0248753358904814,0.15,0.178,1.6229002687123852,0.24,0.352,1.1919335124749235,0.24,0.5625,0.8111601074849539,3.0958005374247706,0.55,0.4866666666666667,2.412937293487825,0.24,0.37800000000000006,1.8853498347902602,0.53,0.654,1.5302332231935067,0.47,1.044,1.0821399339161037,3.53069966958052,10,1.1920928955078125e-07,3.7051680581128177,3.4924790509166845
ant2288552de4f5f319bbd97a36c6800,10000251,2026-03-16,0.2299999999999999,0.83,0.32,0.30705615214054527,2.8277142035832354,0.3500000000000001,0.32877040337866137,2.3411713628665884,0.32,0.8753824741279708,1.6574475752443922,0.3500000000000001,1.4924595173580373,1.1464685451466352,4.332342725733176,1.08,1.0079966712281396,4.459803265693751,1.1800000000000002,1.1080707530265863,3.833842612555001,1.08,1.9078684789263791,2.8825617417033342,1.1800000000000002,2.9306707032445893,2.2415370450220005,6.487685225110002,10,0.014709174633026123,3.7605996677831657,3.293685628808193
ant2299d2d6495313694b48c07be2700,10000251,2026-03-16,3.62,6.83,2.61,2.798322457179598,3.6864642035832356,1.67,2.21244010820943,3.001171362866588,1.7600000000000002,2.1426193976210013,2.617447575244392,1.7600000000000002,2.333031842573939,2.2744685451466355,4.332342725733176,4.51,4.886138062591589,5.746053265693751,2.99,3.880540802901,4.7388426125550005,3.0400000000000005,3.654971438587292,4.189228408370001,3.0400000000000005,4.132726130802821,3.7295370450220005,6.487685225110002,10,0.0010257363319396973,3.987799708419706,5.396018624814142
ant22dba0ead87233eb6931b5d9d4700,10000238,2026-03-17,0.19,0.4000000000000001,1.0,0.6313800606551545,9.854957213021088,1.0,0.6313800606551545,9.854957213021088,1.0,0.6313800606551545,9.854957213021088,1.0,0.6313800606551545,9.854957213021088,13.396940098229521,1.97,1.2584777914971585,10.187625279244436,1.97,1.2584777914971585,10.187625279244436,1.97,1.2584777914971585,10.187625279244436,1.97,1.2584777914971585,10.187625279244436,13.474675390942211,2,0.05817657709121704,4.486874735094194,3.6114605277639367
ant22dba0ead87233eb6931b5d9d4700,10000168,2026-03-18,0.54,0.13,0.55,0.503962824019782,3.1573885372000574,0.29,0.37976024074334597,2.505910829760046,0.29,0.3273164576128039,1.7672738865066975,0.32,0.34118288341240866,1.2769177520695851,4.721821659520092,0.07,0.16750451772193556,2.3671065200880257,0.05,0.11995602967217357,1.8976852160704203,0.07,0.09369694282852514,1.2951234773802804,0.07,0.09846475643462929,0.8689935722045306,3.7453704321408408,10,0.043432772159576416,3.5031218900764127,2.084240682381674
ant23186cc3848d1381981e68283c200,10000129,2026-06-03,0.46,0.24,5.48,7.18335728429281,7.239221835325612,5.48,9.077489462212963,6.88737746826049,5.48,8.898106942766065,6.418251645506993,5.62,8.26907876756657,6.154950987304196,8.29475493652098,4.13,7.1921989423631265,7.441878655455132,4.13,9.918543397779603,6.779502924364106,4.13,9.912966344226334,5.896335282909403,4.33,9.266161918538076,5.349801169745643,9.429005848728211,10,0.014446020126342773,12.611986198731794,10.43293025778082
ant23186cc3848d1381981e68283c200,10000038,2026-07-01,0.32,0.36,0.24,5.900168469282929,4.663444000646633,4.47,6.0777366103639,5.893755200517306,0.7,6.157849593622637,2.9058368003448716,0.5700000000000001,3.87242112557746,1.9195020802069225,7.317510401034613,0.0,5.716516444985287,5.326705846777746,4.58,6.822386726270491,6.551364677422197,0.29,7.170175201609614,3.034243118281465,0.29,4.478035637582105,1.9365458709688783,8.522729354844394,10,0.019285738468170166,10.872355153125133,11.554545259454256
ant23530345bc7d535f595da949c5200,10000251,2026-03-16,5.619999999999999,10.22,4.59,5.1279121569822985,4.428964203583235,3.13,4.023057039653517,3.731171362866588,3.84,3.7347794621695893,4.004114241911059,3.13,3.419341712888999,3.370468545146635,4.332342725733176,8.25,9.256072617228039,7.148553265693751,5.380000000000001,7.298342556230237,5.933842612555001,6.19,6.609332281113336,6.2892284083700005,5.6,5.9977539373792155,5.777537045021999,6.487685225110002,10,0.1263328194618225,4.545836862283841,6.033265603696641
ant236c4e8db194d398281a19a9a9500,10000149,2026-05-12,3.89,8.940000000000001,2.09,2.0485874996869056,6.709965851703229,2.09,3.960487335801543,5.785972681362583,3.53,5.011525723289984,5.513981787575055,4.72,5.166142798889483,5.672389072545033,9.481945362725167,2.67,4.239877072957017,8.904046733759278,6.5,5.450103868628125,9.572237387007423,6.5,7.255261729853124,8.54815825800495,6.5,7.956094337671425,7.728894954802969,12.644474774014846,10,0.11594134569168091,7.292006079602389,10.793859043822938
ant240abb6229a843a5faf0faca41800,10000227,2026-07-04,1.38,2.43,0.2,0.42000000000000004,7.322910809161643,0.2,0.45000000000000007,6.531476274810349,0.2,0.45000000000000007,6.531476274810349,0.2,0.45000000000000007,6.531476274810349,11.596657294658629,0.38,0.7666666666666666,8.753200088438492,0.38,0.825,7.822844523056437,0.38,0.825,7.822844523056437,0.38,0.825,7.822844523056437,13.777120141501587,4,1.1920928955078125e-07,4.542658110856066,4.112076551566425
ant240eb378aa012373c8b9645c39f00,10000193,2026-05-17,0.09,0.34,0.1699999999999999,0.40472194420715996,3.3973618944247823,1.0,1.0433125859141685,3.1668895155398262,0.1999999999999999,0.8130994839205766,1.911259677026551,0.4700000000000001,0.7228603690378455,1.9005232444351916,5.3337790310796525,0.44,0.89869623784017,3.0582991344204733,1.98,2.0868875052803633,3.3046393075363785,0.44,1.4074549348800565,1.8364262050242526,0.6599999999999999,1.2757500555098529,1.8274348867861048,4.629278615072757,10,0.14636480808258057,3.6371954936383375,2.503492688845964
ant248eaf018c3c6ab5e93cc6053c000,10000251,2026-07-23,5.89,8.89,1.96,1.86,3.442714203583235,1.65,1.472,2.991171362866588,1.27,1.606,2.2907809085777258,1.4600000000000002,1.695,2.215879664666626,4.332342725733176,3.43,2.9733333333333336,5.341053265693751,2.78,2.428,4.633842612555001,2.16,2.6069999999999998,3.602561741703334,2.5600000000000005,2.8528571428571428,3.593601375028948,6.487685225110002,10,1.1920928955078125e-07,4.532104901702997,5.333191183839315
ant254aace576858375ebb1db3a5cf00,10000050,2026-03-16,25.56,24.020000000000003,8.61,11.272921715858674,7.859997957934028,3.43,7.808999709838029,5.419998366347222,3.57,5.794007646403684,4.849998910898149,3.43,4.2281437692667545,4.225999346538889,7.409996732694445,13.29,12.34493754670485,10.39040461798773,3.8,8.359779478885194,6.225323694390186,4.39,7.082565977756937,5.810215796260124,3.26,4.746951938695921,4.338129477756074,8.65064738878037,10,0.06363660097122192,5.734010143744236,7.613114055283187
ant254f8f6a7f47331349215330bdf00,10000129,2026-03-16,0.8900000000000001,0.31,0.65,0.5533564825779801,5.427971835325613,0.65,1.0696132344435543,4.47237746826049,0.65,1.9438137615851114,3.1982516455069936,1.07,2.914192928852036,2.5149509873041955,8.29475493652098,0.23,0.33854018190341195,5.979378655455132,0.23,1.1927899076090378,4.829502924364106,0.5700000000000001,1.8862973168375987,3.5230019495760705,3.0,3.3634353871912888,4.285801169745643,9.429005848728211,10,0.043469130992889404,5.338467926533223,5.37267192989939
ant254f8f6a7f47331349215330bdf00,10000038,2026-04-27,0.27,0.1,8.92,9.520148257358466,7.918444000646633,8.059999999999999,8.2565042959349,7.688755200517306,4.47,4.671036301546218,5.419170133678204,1.66,4.377736726857737,2.7915020802069224,7.317510401034613,12.73,13.95050320377071,10.100455846777745,10.329999999999998,11.430599339230191,9.426364677422196,4.58,6.229853654447711,5.894243118281465,2.0,5.862602941885504,3.3045458709688784,8.522729354844394,10,0.06281375885009766,5.096170852782556,5.705470175194405
ant277eca842348c3c918fb52fa0d800,10000149,2026-03-16,4.87,6.48,7.739999999999999,7.295799445744749,8.82871585170323,7.739999999999999,6.863312158807119,8.610972681362583,4.2,5.937901560203638,5.960648454241722,4.2,5.947274037885645,5.2563890725450335,9.481945362725167,8.66,7.629095369324724,11.150296733759278,8.66,6.939197651257084,10.652237387007423,5.27,6.258015853437432,7.728158258004949,5.27,7.05648928462789,6.744894954802969,12.644474774014846,10,0.014445841312408447,5.944057504012452,8.01042570784735
ant28feb41f2d0f13ec8ae51ec5cc500,10000050,2026-03-16,0.2599999999999999,0.13,1.52,2.5196361681627666,5.2012479579340285,1.52,3.001602108983203,4.464998366347222,1.52,5.216880049245919,3.483332244231482,2.14,5.122564711234313,3.193999346538889,7.409996732694445,2.78,3.7488198744459154,6.449154617987732,2.78,4.631472630602839,5.715323694390185,2.78,6.217804353037288,4.73688246292679,3.1000000000000005,6.433869134742812,4.210129477756074,8.65064738878037,10,0.04333353042602539,6.30221639417401,8.202922297445472
ant29068b7d923653fa1bc2fcbd17100,10000168,2026-06-15,0.6000000000000001,0.45,0.43,0.40986665369981323,3.1123885372000575,0.45,1.2136475239212596,2.585910829760046,1.6799999999999995,1.5042358616737297,2.6939405531733636,0.7300000000000001,1.1769110369997178,1.5283643319040183,4.721821659520092,0.06,0.31580610221641336,2.3633565200880255,0.8800000000000001,2.3436265802867173,2.3126852160704203,0.91,2.097487327104241,1.8551234773802805,0.91,1.952528425340859,1.4770740864281682,3.7453704321408408,10,0.07911473512649536,4.368607509576015,2.181648710215509
ant2934199c4234b37a189fa54a82400,10000050,2026-03-16,0.6600000000000001,0.13,0.6000000000000001,0.5946424919816581,4.856247957934028,0.1,0.39203227954620246,3.7549983663472224,0.12,0.27112643721256763,2.549998910898149,0.12,0.25850764102115337,2.038420192814328,7.409996732694445,0.56,0.9650395974064105,5.616654617987732,0.03,0.5923536620743269,4.340323694390185,0.03,0.33241960113672575,2.9035491295934572,0.03,0.27086082153268887,2.298591418100098,8.65064738878037,10,0.10145336389541626,4.375405159479774,3.6291139580280944
ant296b0494c7fe43423beb15fc03200,10000182,2026-06-04,0.7500000000000001,1.63,0.31,0.6541746087708246,2.0511253358904815,0.31,0.6184270518098313,1.7029002687123853,0.8500000000000001,1.0476966538857941,1.5986001791415902,0.48,0.9254794136955451,1.2493530992425794,3.0958005374247706,0.62,1.2765620017145656,2.439187293487825,0.62,1.239908555526621,2.07534983479026,1.62,2.041767520047093,2.2568998898601738,0.95,1.796351459185064,1.7090293145825057,3.53069966958052,10,0.101249098777771,4.080699777336846,3.601018104673605
ant2aee6b88f28713f0d99483af96e00,10000149,2026-03-20,16.25,16.139999999999997,10.03,11.868896068208262,9.68746585170323,10.03,9.799874304844069,9.755972681362582,10.03,8.153173267964961,9.847315120908387,10.03,8.165512132339638,9.920389072545031,9.481945362725167,13.18,14.43307606993008,12.845296733759278,13.18,14.060443100178313,12.912237387007423,11.84,10.712690069278944,12.108158258004948,11.84,11.266720952146034,12.000894954802968,12.644474774014846,10,0.0435643196105957,10.31266303814146,11.241400709362033
ant2b62e1505f0343dea825e547fec00,10000168,2026-03-18,1.2000000000000002,2.73,0.8000000000000002,0.83116533282487,3.251138537200058,0.65,0.707179250478397,2.6859108297600462,0.8000000000000002,1.0378635580636582,2.1072738865066976,0.8000000000000002,1.1938301264606717,1.5843643319040184,4.721821659520092,1.77,1.9050057065952994,3.004606520088026,1.51,1.6500728446267956,2.6276852160704203,1.51,1.8355733648114758,2.2551234773802804,1.0,1.9865130953320098,1.549074086428168,3.7453704321408408,10,0.05814099311828613,3.731936153610264,2.750712674920208
ant2bb33681ade5b348da2623aab6e00,10000038,2026-05-21,0.1,0.0,0.08,0.2207096361248531,4.6034440006466335,0.44,0.34707608890916014,3.8787552005173067,0.44,2.2619698093224803,2.7325034670115382,0.5,3.8202644364527583,1.8635020802069224,7.317510401034613,0.0,0.07666764237902464,5.326705846777746,0.09,0.08872629113095656,4.306364677422197,0.13,2.695821711250767,2.927576451614798,0.42,4.704932066180163,2.040545870968878,8.522729354844394,10,0.014711380004882812,4.436891428784305,3.679972901837552
ant2bb33681ade5b348da2623aab6e00,10000099,2026-05-21,2.59,3.35,3.68,5.257914435047964,8.99679270152767,11.04,7.609737152992992,11.613434161222136,11.04,9.085351518218799,11.422289440814758,2.7,6.044713762141668,4.597373664488854,12.186868322444273,5.4,7.242530288398666,10.888444125512427,14.18,10.096507186320407,14.180755300409942,14.18,11.247577933370716,14.180503533606629,2.98,7.439218922423366,5.220302120163976,14.181510600819882,10,0.014456510543823242,5.083243384693894,4.962474976554056
ant2bb33681ade5b348da2623aab6e00,10000149,2026-07-21,3.1999999999999997,1.49,1.72,3.171823197790826,6.571215851703229,6.92,6.75330598676661,8.200972681362583,5.0200000000000005,5.750503903626495,6.507315120908389,4.83,5.97202686141837,5.760389072545033,9.481945362725167,3.88,3.713528080135314,9.35779673375928,6.44,9.346192033149118,9.542237387007424,6.44,8.592949147260056,8.508158258004949,6.44,9.479803777011746,7.6808949548029695,12.644474774014846,10,0.014456510543823242,5.44927833951879,7.380016500317944
ant2dfe280d3df4e37b1b90e1111ad00,10000251,2026-03-16,2.83,4.640000000000001,3.06,3.77677389909408,3.8552142035832353,3.9700000000000006,4.30169584228914,4.151171362866588,3.06,3.5948773074433364,3.484114241911059,3.06,3.2083101031165167,3.3144685451466356,4.332342725733176,5.03,5.656821703069786,5.941053265693752,7.01,6.767911567325206,6.748842612555,5.03,5.737593437252117,5.515895075036667,5.03,5.225156152516249,5.321537045022,6.487685225110002,10,0.014474868774414062,4.219169174182991,4.541834582243878
ant2e7bcbeab0538377fa913ff010400,10000149,2026-03-16,0.34,0.55,1.65,3.372571158123529,6.54496585170323,4.83,5.067048512839435,7.1559726813625835,4.279999999999999,4.551757338026337,6.013981787575055,4.279999999999999,5.061558692445553,5.320389072545033,9.481945362725167,5.2,5.8334391133453725,9.852796733759279,9.71,9.969797912114604,11.177237387007423,6.509999999999999,8.248165406206756,8.554824924671614,7.390000000000001,8.648303975217209,8.44089495480297,12.644474774014846,10,0.07236695289611816,5.947121924246617,8.176988313000122
ant2ef7be54494f23560baaceda84f00,10000251,2026-03-17,4.22,6.96,3.86,3.657091978604176,4.155214203583236,3.86,3.5373276346894214,4.096171362866588,3.86,3.752863477664485,4.017447575244392,3.86,3.5243432343580197,3.972462553745994,4.332342725733176,6.4,6.106455002122733,6.4548032656937515,6.4,5.973040648501446,6.443842612555001,6.4,6.493292921662498,6.429228408370001,6.4,5.963825773419191,6.420877434550001,6.487685225110002,10,0.057600975036621094,4.6943097456733085,4.363201713365871
ant2f0f9649f13623455b6025a996300,10000038,2026-07-15,1.11,0.6400000000000001,0.43,3.401010038651802,4.734694000646633,0.33,2.169140010058024,3.8237552005173066,0.33,1.3409956525780053,2.659170133678205,0.3699999999999999,2.653707317171971,1.7595020802069223,7.317510401034613,0.19,2.8420760432662036,5.397955846777746,0.19,1.8005869446006444,4.356364677422197,0.19,1.1250001952082707,2.967576451614798,0.22,2.8194247316064955,1.8805458709688783,8.522729354844394,10,0.08669388294219971,4.54360965258358,4.309956821086836
ant2fef846e3c5a03d5883e10d641200,10000129,2026-03-28,0.97,0.75,1.43,7.7907977566416875,5.720471835325612,1.43,6.419119679151607,4.862377468260489,1.43,6.331307730206892,3.718251645506993,0.92,4.239103341339555,2.3949509873041954,8.29475493652098,1.5,8.88551165487895,6.455628655455132,0.6000000000000001,5.64698507074496,5.0145029243641055,0.6,6.176669353542262,3.5430019495760705,0.6000000000000001,4.227989811869205,2.365801169745642,9.429005848728211,10,0.10452002286911011,5.388542658259453,4.5950931221510345
20c5cdfee9676d1182b16b25bb9b9600,10000079,2026-05-06,1347.63,404.64,2722.13,2418.72529256451,1635.5075434118935,2424.2200000000003,2054.3864269270953,1703.877034729515,2424.2200000000003,2124.5326824624217,1943.9913564863432,1573.62,1878.6388404632103,1450.6854311372977,983.5340694590293,1036.16,1292.2706343234306,1016.0934656349576,1114.87,1789.4270933133798,1059.461772507966,1756.67,2093.875595363645,1505.797848338644,1115.4199999999998,1865.009086407808,1092.2186552116523,1004.0535450159322,10,0.05836808681488037,1008.6828154247804,851.913755649131
ef550fb2fc7d6a520a52887d66af7000,10000278,2026-05-23,201.96,186.93,491.29,1473.501995966141,379.66900313438146,491.29,1057.6603260514332,401.99320250750515,279.23,692.6905892008549,290.38546833833675,144.22,499.5064607822446,180.8453054380457,312.69640501501027,395.44,1460.871803735936,367.77131896303763,395.44,1070.598993048952,373.30505517043014,328.35,710.6239438002877,335.95670344695344,175.36,502.89535306375814,213.57958920453484,351.1701103408602,10,0.114521324634552,253.37272346731484,247.26010415227984
45d8aca72e748b9025eaa68f90e27900,10000175,2026-03-16,1119.4,1313.2,633.8,711.8289863623675,639.6547301068774,988.82,1145.9164521234604,815.993784085502,988.82,1192.7939599676995,873.602522723668,988.82,1192.7939599676995,873.602522723668,643.167568171004,637.46,697.190436685776,727.9436814324757,1035.13,1309.5440320768498,908.6819451459806,1035.13,1443.9312277979072,950.8312967639872,1035.13,1443.9312277979072,950.8312967639872,782.2338902919612,10,3.0994415283203125e-06,830.0732047154154,913.9762166964446
c1787fe1819465714c67c594e2f0c700,10000292,2026-06-11,146.71,188.48,923.35,951.7183468760869,781.3556484023279,869.01,805.4672684071608,782.5845187218622,684.1700000000001,760.5048220466161,688.1663458145749,684.1700000000001,743.8140132916436,687.5002881788124,696.1590374437245,1194.1899999999998,1086.503678519054,892.3509624769713,982.26,932.1520828802579,846.7537699815771,813.16,795.5600207368019,779.189179987718,813.16,757.3608582054213,784.8509833230984,711.2475399631542,10,0.05777853727340698,176.43601808687663,210.1846899008825
0169e2efdf711e8aa7eab262bf99c200,10000292,2026-05-22,239.06,357.13,312.86,334.1896757459919,552.4218984023279,209.4,241.93917917764628,452.77951872186225,209.4,520.2690992177514,371.6530124812415,209.4,438.7347595192566,306.7518074887449,696.1590374437245,317.67,320.9203111372732,563.6559624769714,219.7,247.366193488964,465.4737699815771,219.7,433.30465428768423,383.54917998771805,219.7,390.4608615889493,318.0095079926308,711.2475399631542,10,0.06584036350250244,596.8000569856457,563.1473005408153
4e296fa193d0c844232d799206d52c00,10000278,2026-04-13,203.52,432.5,279.23,328.2079830793252,300.1465031343814,279.23,297.89373317970086,295.9632025075051,279.23,604.677484876854,290.38546833833675,144.22,497.99617752322115,180.8453054380457,312.69640501501027,328.35,381.6882459949186,342.61256896303763,328.35,321.3297860530085,339.7600551704301,328.35,620.4441019278414,335.95670344695344,195.23,512.8404895849608,229.13002398714352,351.1701103408602,10,0.12900525331497192,203.51999999999992,134.84389314710256
64992ce782f49ba374331def7c0eda00,10000281,2026-04-09,1911.5800000000004,1809.7,418.43,454.8689891429912,890.0066048662832,585.01,1606.2400869139096,878.9812838930266,418.43,1292.7877512444647,669.9375225953511,1395.63,1651.929190381185,1351.0945135572108,1172.9525677860531,691.7,743.1019063228053,976.0991562083101,848.3800000000002,1485.0018882630063,997.5593249666481,691.7,1277.0818594988416,843.3795499777655,1422.61,1670.3236173619812,1367.4357299866592,1146.738649933296,10,0.04336261749267578,978.2243956081444,1183.3183071361525
98a94e2fc875608b35c124de1f15f000,10000281,2026-06-19,206.92,230.19,1342.66,1864.8020565577917,1236.5928548662832,1342.66,1895.031913702076,1257.8062838930266,1282.58,1514.3745628598813,1243.427345637876,1282.58,1514.3745628598813,1243.427345637876,1172.9525677860531,1165.55,1544.6051859456004,1153.79290620831,1412.2,1701.7330452214374,1279.469324966648,1165.55,1401.3213312642818,1158.8316606904627,1165.55,1401.3213312642818,1158.8316606904627,1146.738649933296,9,0.11459332704544067,271.33179538055685,441.2004818907298
85ea3848fcfdbb061799f17636dad000,10000278,2026-07-16,24.540000000000003,40.03,32.27,32.223333333333336,207.5365031343814,32.27,30.364,172.48320250750513,39.56,78.84,144.61246346731164,39.56,78.84,144.61246346731164,312.69640501501027,30.09,36.52333333333333,230.76506896303763,30.09,36.672,190.6300551704301,60.16,119.62,172.08696551571546,60.16,119.62,172.08696551571546,351.1701103408602,8,1.1920928955078125e-07,89.32171578606314,174.2374797501437
f0db80ff8815a0d3a5a9d6c2e1779700,10000278,2026-06-08,62.13,20.959999999999997,197.14,391.5970680080875,269.3627531343814,179.01,286.1786599878526,245.85320250750513,154.59,243.19459958797086,207.29213500500344,179.01,384.51699838288226,205.74728100300203,312.69640501501027,232.31,1048.5198895404474,306.59756896303765,153.47,710.372977506536,252.32005517043012,207.51,520.9725493164533,255.39670344695338,209.93,567.9292743343864,238.17802206817203,351.1701103408602,10,0.04333376884460449,76.83531737379643,124.61051624340196
1a4cfe597002674dbf4e4da2ecbf9000,1380317970,2026-03-16,1419.09,2787.2699999999995,941.01,1113.938876662269,999.2939126724863,1240.26,1303.3389561537,1137.262130137989,1617.51,1619.2818022196955,1423.094753425326,1617.51,1586.616446302378,1500.8608520551957,1034.2642602759781,361.55,1258.5745818370397,828.3327633352856,1135.39,1426.6672377520176,1121.8962106682284,1994.19,1799.5171458953455,1698.9274737788191,1677.66,1726.8805092494308,1563.8084842672915,1108.4024213364569,10,0.01444852352142334,1104.3692864473674,1185.8102285309064
63cce32d917da401e53b6c5a95404000,10000123,2026-05-15,315.08000000000004,643.5,82.53,100.3141076570389,216.56941662911817,82.53,87.52592100859005,189.76153330329453,82.53,87.52592100859005,189.76153330329453,82.53,87.52592100859005,189.76153330329453,296.9930666065891,87.18,94.39540031023081,271.1798210373099,87.18,93.83454284828086,234.37985682984794,87.18,93.83454284828086,234.37985682984794,87.18,93.83454284828086,234.37985682984794,381.57971365969587,5,0.12172996997833252,137.99248581939273,173.58948203928054
6fbca342531dbd7f7793e7cf00fd3d00,10000304,2026-07-15,1899.14,2233.9700000000003,2998.45,2966.103504891141,2155.147973289777,2998.45,3838.375322648876,2323.8083786318216,2998.45,3548.378218444663,2479.494906639863,2998.45,3548.378218444663,2479.494906639863,1649.1667572636434,4291.99,3497.3677319361896,2798.065042403279,4291.99,4186.081658130141,3096.8500339226234,4834.16,4093.2472428624174,3706.2946414789412,4834.16,4093.2472428624174,3706.2946414789412,1901.7100678452473,8,0.04333329200744629,3843.417055971781,3477.6549039789106
antc93412304df254b299588dacd2400,10000054,2026-04-26,19.3,44.4,4.169999999999999,6.905802986843827,15.401513087460195,11.85,9.588360944085265,16.995210469968157,11.36,8.964997005027385,14.953473646645438,11.29,15.147628963913592,13.460084187987261,22.140420939936313,4.720000000000001,6.688603112573608,19.767909357728485,14.890000000000002,11.969017270463961,21.84332748618279,14.890000000000002,11.786240249302088,19.525551657455196,14.890000000000002,15.643489811470985,17.671330994473117,28.796654972365577,10,0.11077892780303955,8.021673476920126,11.260965268400492
29be8f5cd5309164293d3d56a61d8700,10000304,2026-07-22,3237.1400000000003,3835.91,6326.170000000001,4170.07054830236,2985.45339804546,6326.170000000001,4170.07054830236,2985.45339804546,6326.170000000001,4170.07054830236,2985.45339804546,6326.170000000001,4170.07054830236,2985.45339804546,1649.1667572636434,6621.55,4477.413301663773,3250.2357627466054,6621.55,4477.413301663773,3250.2357627466054,6621.55,4477.413301663773,3250.2357627466054,6621.55,4477.413301663773,3250.2357627466054,1901.7100678452473,2,0.2652248740196228,2084.7335924814693,1509.451704860529
9f7e32855869df2da24fa4a2efba6700,10000244,2026-06-29,130.6,208.57,153.89,1274.3,439.5581471295807,153.89,1274.3,439.5581471295807,153.89,1274.3,439.5581471295807,153.89,1274.3,439.5581471295807,553.8254059814129,205.56,1622.795,496.2071329912721,205.56,1622.795,496.2071329912721,205.56,1622.795,496.2071329912721,205.56,1622.795,496.2071329912721,612.4659861877809,2,1.1920928955078125e-07,438.7874681902634,482.4730684484782
9f7e32855869df2da24fa4a2efba6700,10000304,2026-07-07,205.34000000000003,281.02000000000004,125.02,272.585,1213.6962551883169,125.02,272.585,1213.6962551883169,125.02,272.585,1213.6962551883169,125.02,272.585,1213.6962551883169,1649.1667572636434,135.52,314.125,1397.0843341751768,135.52,314.125,1397.0843341751768,135.52,314.125,1397.0843341751768,135.52,314.125,1397.0843341751768,1901.7100678452473,2,1.1920928955078125e-07,630.9128453963034,689.5539268719996
f4fe24ef2d4fa98c7210f32b387a5200,10000295,2026-05-16,44.64,94.35,131.52,219.98738067136,136.9162333061107,131.52,182.925045947391,135.83698664488855,131.52,181.55516400862442,134.39799109659236,105.47,144.52400078454923,112.69582776870355,140.1539732897771,291.93999999999994,472.4484089058549,246.5889327520497,177.32999999999998,342.7848211477673,198.35414620163976,73.59,249.83702687008392,122.18609746775985,166.59,255.9015093269214,177.5875609173499,219.37829240327952,10,0.07223659753799438,235.7049961891548,427.5446867764442
2b6f87519deb8830d97359d6bc83d200,10000003,2026-06-16,708.33,996.7,447.36,447.36,267.6391030708978,447.36,447.36,267.6391030708978,447.36,447.36,267.6391030708978,447.36,447.36,267.6391030708978,231.69492368507738,433.43000000000006,433.43000000000006,285.6074819125703,433.43000000000006,433.43000000000006,285.6074819125703,433.43000000000006,433.43000000000006,285.6074819125703,433.43000000000006,433.43000000000006,285.6074819125703,256.0429782950843,1,0.26634860038757324,190.57837637872177,236.22220868584336
b5bf3140938ba75b631c9045422dc000,10000278,2026-04-01,162.2,162.95,154.59,191.48219591310158,253.4065031343814,154.59,186.86391373112025,233.64320250750512,154.59,272.78155791991225,207.29213500500344,179.01,426.9095178032104,205.74728100300203,312.69640501501027,209.93,243.83518103098723,298.20506896303766,207.51,206.58625270213747,279.3400551704301,207.51,301.6835041774213,255.39670344695338,207.51,553.6092779216226,236.24202206817205,351.1701103408602,10,0.10112112760543823,126.66670096951675,139.96851084655452
b5bf3140938ba75b631c9045422dc000,10000281,2026-04-01,1455.9199999999998,1924.78,1474.6200000000003,1269.8671804017752,1286.0778548662834,1474.6200000000003,1593.9680602214457,1323.7862838930268,1474.6200000000003,1470.8572762209978,1374.0641892620179,1426.67,1589.490727804013,1375.9265135572107,1172.9525677860531,1228.43,1358.3427760252962,1177.37290620831,1228.43,1345.8570249338586,1187.5843249666482,1228.43,1416.9768976673174,1201.1995499777654,1261.64,1594.8982349598375,1238.6597299866594,1146.738649933296,10,0.09225082397460938,611.3069061531135,834.5287169202124
cb3f9b46ee54d334868bff5783ed0600,10000001,2026-05-15,0.08,0.0,0.07,0.07316026509057574,10.732664336728158,0.07,0.0842313128386708,8.600131469382527,0.08,0.09959839779346712,5.763420979588352,0.08,0.11222180046333775,5.408207168364079,17.130262938765053,0.0,0.0,12.287861945583167,0.0,0.0,9.830289556466534,0.0,0.0,6.55352637097769,0.0,0.0,6.143930972791583,19.660579112933068,10,0.11012738943099976,32.240365529069095,13.772727251598097
antys073adcd56f7f9b07edad4eb3e00,10000181,2026-05-10,0.05,0.13,0.36,0.44999999999999996,7.179217077684262,0.36,0.36,5.81537366214741,0.36,0.36,5.81537366214741,0.36,0.36,5.81537366214741,11.27074732429482,0.8,1.0433333333333334,8.376164370436877,0.8,0.8300000000000001,6.860931496349501,0.8,0.8300000000000001,6.860931496349501,0.8,0.8300000000000001,6.860931496349501,12.921862992699001,5,1.1920928955078125e-07,4.251547684420411,3.562922531938797
antys0aed06f0a1905e305d789018100,10000168,2026-03-31,0.2,0.23,0.32,0.29333333333333333,3.0711385372000577,0.32,0.636,2.520910829760046,0.32,0.5466666666666667,1.8920791641143184,0.32,0.5466666666666667,1.8920791641143184,4.721821659520092,0.14,0.1366666666666667,2.393356520088026,0.14,0.9880000000000002,1.9426852160704204,0.2,0.8011111111111112,1.4662037257645857,0.2,0.8011111111111112,1.4662037257645857,3.7453704321408408,9,1.1920928955078125e-07,3.499035980656661,2.1593176583018217
antysb4a0df23c5644c898ec297d6f00,10000251,2026-03-16,0.38,0.74,0.28,0.6266666666666667,2.8127142035832353,0.72,0.75,2.526171362866588,0.72,0.7008408091535139,1.9241142419110588,0.72,0.7357543157315234,1.442468545146635,4.332342725733176,0.5900000000000001,1.21,4.2760532656937515,1.21,1.402,3.848842612555001,1.21,1.3181402038501115,2.9692284083700007,1.21,1.3812739394084315,2.265537045022,6.487685225110002,10,0.0,3.754146395017696,3.235780312104605
ant028883af7742b42f3a07a2c950401,10000019,2026-04-14,64.15,111.45,15.75,31.639148745953545,62.15621841207501,30.48,36.477382748475506,60.23997472966001,26.96,36.717262354316254,47.97331648644001,30.48,46.45196602852875,49.07998420603751,89.99994945932002,21.2,41.01313118689021,76.43807561681274,35.98,45.509249454130654,72.78046049345019,33.4,40.76687222693188,58.793640328966795,33.4,52.701629001858706,57.20653780840637,109.58092098690038,10,0.05063885450363159,19.70555033210156,29.925640802777853
d6c0adf8e7fe9be1304ffcdf142b5e01,1380389889,2026-05-30,41.71,51.39,3.95,30.66997091896338,25.126093461110994,29.25,32.117266125082885,33.5408747688888,40.35,53.39247613625554,39.5105831792592,29.25,44.68118551295592,30.966349907555518,37.83174953777759,3.99,35.170157714265,28.789204797851266,32.96,37.184416390628805,38.31436383828101,48.86,61.28926576748452,47.12957589218734,32.96,52.39007784154871,35.1017455353124,43.66872767656203,10,0.1761760711669922,41.73981311941128,46.257479537908125
f3f0eeaa81922b94c59acd48149a2901,10000278,2026-04-01,66.84,92.47,267.75,363.4858948200387,295.8415031343814,179.01,270.0150699351145,245.85320250750513,154.59,227.00258233945144,207.29213500500344,154.59,505.35583831644743,186.21128100300206,312.69640501501027,117.59,863.129614062252,263.5775689630376,203.16,620.4801408172688,277.1650551704301,203.16,447.71076653684247,252.4967034469534,207.51,671.5617246093018,236.24202206817205,351.1701103408602,10,0.07222449779510498,194.32648438430743,241.1310048287691
ant10b918bc74d3bd314a9d7e60fb801,10000019,2026-06-22,81.36000000000001,88.59,4.23,30.639999999999997,65.49424961380002,4.23,30.639999999999997,65.49424961380002,4.23,30.639999999999997,65.49424961380002,4.23,30.639999999999997,65.49424961380002,89.99994945932002,6.67,19.11,80.17780070492884,6.67,19.11,80.17780070492884,6.67,19.11,80.17780070492884,6.67,19.11,80.17780070492884,109.58092098690038,2,1.1920928955078125e-07,55.89621488904197,78.01125723621205
ant1830083f9a085fcc63d7a5360aa01,10000139,2026-07-02,6.91,8.34,7.16,6.198669780414033,18.378277470685397,3.53,4.722307875026253,14.31962197654832,3.53,4.722307875026253,14.31962197654832,3.53,4.722307875026253,14.31962197654832,25.109243953096637,1.81,4.61632805679633,21.61313627746796,2.3000000000000003,4.835794034064127,17.897509021974365,2.3000000000000003,4.835794034064127,17.897509021974365,2.3000000000000003,4.835794034064127,17.897509021974365,33.49501804394873,5,0.0834968090057373,11.355893659037614,13.616708523277993
ant205a8b0a21cc232dab729d993fb01,10000190,2026-03-16,0.18,0.45,0.8800000000000001,0.6922539720209071,18.556831414646076,0.3399999999999999,0.6094088251836434,16.352739035240955,0.3399999999999999,0.6094088251836434,16.352739035240955,0.3399999999999999,0.6094088251836434,16.352739035240955,29.162930263433722,2.04,1.608793286010262,21.517012729136095,0.72,1.3997616891057305,18.76623353700986,0.72,1.3997616891057305,18.76623353700986,0.72,1.3997616891057305,18.76623353700986,33.20322036661775,4,0.08682084083557129,6.277157217283403,6.472191655238213
ant205a8b0a21cc232dab729d993fb01,10000234,2026-03-16,0.1199999999999999,0.26,0.17,0.22197920483436515,7.330799425800231,0.17,0.21155387755489255,5.898639540640185,0.17,0.20154696952715107,4.9438662838668215,0.17,0.20154696952715107,4.9438662838668215,11.62727908128037,0.2,0.21892659974396034,8.152180593915153,0.2,0.20644713534910386,6.561744475132123,0.28,0.2644873183398994,5.548120395943435,0.28,0.2644873183398994,5.548120395943435,12.923488950264247,7,0.07135111093521118,4.263433765686136,3.420081940439647
ant205a8b0a21cc232dab729d993fb01,10000243,2026-03-16,0.24,0.48,0.13,0.16341795262240044,11.253919032063246,0.18,0.2368676626736813,9.054135225650597,0.18,0.40073469925192445,6.096090150433732,0.18,0.3703319701954271,5.40007954450035,17.928270451301195,0.38,0.373668196444549,13.128854429742688,0.38,0.4927909911062813,10.57908354379415,0.38,0.7796835854438882,7.179389029196101,0.38,0.7261364646647877,6.379460908114205,20.7781670875883,10,0.08498507738113403,4.997566069186799,4.530344671266377
ant21216a9f8f6f433a5aeec21ff5001,10000303,2026-06-11,0.16,0.0,1.2200000000000002,1.5610904115411575,5.755208099696325,1.2200000000000002,1.8020476220801658,4.84816647975706,1.2200000000000002,1.3454056025171033,3.6387776531713736,1.2200000000000002,1.3454056025171033,3.6387776531713736,8.476332959514119,0.0,0.0,4.834568634327804,0.0,0.0,3.867654907462243,0.0,0.0,2.578436604974829,0.0,0.0,2.578436604974829,7.735309814924486,10,0.061093926429748535,4.181042062440329,2.316055003549617
ant21adab10ab7f63fc4a5195fd9cb01,10000246,2026-03-16,0.45,0.8,0.66,0.3889520093920691,23.477649090057966,0.66,0.3889520093920691,23.477649090057966,0.66,0.3889520093920691,23.477649090057966,0.66,0.3889520093920691,23.477649090057966,32.60470872608115,0.29,0.2803197146211453,26.88570857389438,0.29,0.2803197146211453,26.88570857389438,0.29,0.2803197146211453,26.88570857389438,0.29,0.2803197146211453,26.88570857389438,37.52399200345213,2,0.14787018299102783,6.915198594900477,7.448413421956667
ant21e328177a8f23ab89dbef767eb01,10000238,2026-07-23,0.09,0.21,0.21,0.21,11.199116748524602,0.21,0.21,11.199116748524602,0.21,0.21,11.199116748524602,0.21,0.21,11.199116748524602,13.396940098229521,0.45,0.45,11.303896159118509,0.45,0.45,11.303896159118509,0.45,0.45,11.303896159118509,0.45,0.45,11.303896159118509,13.474675390942211,1,1.1920928955078125e-07,4.741330886174076,4.173093543625898
ant238139a0796c038b485b602271a01,10000288,2026-06-20,1.89,2.99,0.7400000000000001,0.6733333333333335,9.743335258656131,0.5,0.6300000000000001,8.636298007694338,0.5,0.6300000000000001,8.636298007694338,0.5,0.6300000000000001,8.636298007694338,15.14533641384981,0.0,0.0,10.635622791651025,0.0,0.1625,9.453886925912023,0.0,0.1625,9.453886925912023,0.0,0.1625,9.453886925912023,17.01699646664164,4,1.1920928955078125e-07,5.3728185586768085,4.196236633097211
ant23a8a3ab6a567387bacf8ede81501,10000168,2026-03-18,0.26,0.11,0.35,0.33161665784987826,3.0823885372000577,0.35,0.8355265112447786,2.535910829760046,0.35,0.7624485245626255,1.8072738865066975,0.27,0.6361730368388799,1.1603643319040182,4.721821659520092,0.12,0.19860482113842937,2.3858565200880255,0.12,1.4130435646981305,1.9326852160704204,0.06,0.8339080849702981,1.2884568107136138,0.05,0.7246741067126571,0.789074086428168,3.7453704321408408,10,0.021800100803375244,3.4485031845651,2.0035753316028924
ant23b55bb2d60b330e383aba62ded01,10000129,2026-03-28,0.64,0.88,0.39,0.9567952727150988,5.330471835325612,0.4700000000000001,0.8963439389371973,4.38237746826049,0.4700000000000001,0.6690083975004594,3.0782516455069935,0.52,0.7676031436583816,2.0749509873041956,8.29475493652098,0.2,0.8923767281244068,5.968128655455132,0.21,0.7483298646911503,4.819502924364106,0.21,0.5423184034619112,3.2830019495760707,0.36,0.678457397381831,2.1738011697456416,9.429005848728211,10,0.10111844539642334,4.707429056895,3.840842931742359
ant243b43c1d27683fd3a640681da401,10000251,2026-06-23,0.1399999999999999,0.3599999999999999,1.7400000000000002,1.6925799302089528,3.3602142035832356,2.57,2.108591149292841,3.451171362866588,2.81,2.6715834192471495,3.317447575244392,2.7000000000000006,2.305364502809095,3.0264685451466358,4.332342725733176,1.76,1.7314642749371896,4.714803265693751,3.18,2.868015575299761,4.833842612555001,4.23,4.06112986925751,4.982561741703334,4.23,3.637787618558987,4.681537045022001,6.487685225110002,10,0.04159265756607056,3.7291094529357287,3.209914243507382
ant24b1c0f2123fc332786665b6f6601,10000256,2026-07-24,0.83,1.54,0.55,0.7166666666666667,8.384797374945366,0.55,0.7166666666666667,8.384797374945366,0.55,0.7166666666666667,8.384797374945366,0.55,0.7166666666666667,8.384797374945366,13.085675799912584,0.88,1.1233333333333333,10.007829020411647,0.88,1.1233333333333333,10.007829020411647,0.88,1.1233333333333333,10.007829020411647,0.88,1.1233333333333333,10.007829020411647,15.484526432658635,3,1.1920928955078125e-07,4.621577354276474,4.54304703099289
ant24f84f548fb1e3bee96187890b501,10000227,2026-03-16,1.0400000000000005,1.7800000000000002,0.6100000000000001,0.864621707673819,7.476660809161642,0.6100000000000001,0.7422507285034053,6.103328647329314,0.6100000000000001,0.5760112533625382,4.272219098219543,0.6100000000000001,0.5760112533625382,4.272219098219543,11.596657294658629,1.0699999999999998,1.4842244123756905,9.01195008843849,1.0699999999999998,1.2470101613088849,7.423560070750794,1.0699999999999998,1.0041515598098212,5.305706713833863,1.0699999999999998,1.0041515598098212,5.305706713833863,13.777120141501587,10,0.04336965084075928,4.463715842358699,4.073012748371202
ant255bae3a45bf0363191ad88fb7201,10000050,2026-03-16,0.07,0.0,0.15,2.351721104636412,4.687497957934029,0.15,2.8797906638129787,3.7799983663472227,0.4,1.9840716241291259,2.7366655775648154,0.22,1.546037332378832,1.6579993465388887,7.409996732694445,0.09,2.5974253568281966,5.440404617987732,0.09,3.8860783680183846,4.370323694390185,0.28,2.388070937773271,3.0702157962601238,0.09,1.7936297507341972,1.802129477756074,8.65064738878037,10,0.05778270959854126,4.345380480755424,2.9815810238574505
ant255ff49390de036f1a95e81e94101,10000083,2026-04-13,16.58,7.2,1.2000000000000002,3.1889189469912163,9.68434143579139,1.23,2.6648187363135594,8.002473148633113,2.28,4.639114332613911,6.444982099088742,2.28,5.01132163937804,4.778989259453244,14.774946297266226,1.62,3.517811777850612,11.365916460902548,2.1,3.0788549801818554,9.65673316872204,3.74,5.280324780139253,8.231155445814693,3.640000000000001,5.783503396072219,6.354693267488816,17.21346633744408,10,0.07222491502761841,6.301260961549499,6.357198564460039
ant26244ecec1eb63607b81e2c2c4401,10000084,2026-04-19,9.98,12.27,1.08,1.668335177036314,5.946205224361576,1.08,1.3847501779278277,4.972964179489261,1.08,3.109481758622316,3.675309452992841,2.92,3.0641366348326455,4.109185671795704,8.865928358978522,1.45,2.0813215561786627,11.736164006465799,1.45,1.687910299774172,9.67893120517264,1.45,3.4113652350543604,6.935954136781761,2.97,3.492047600794515,5.957572482069056,17.90786241034528,10,0.08289593458175659,7.84285903251754,9.8128945226812
ant264ab042db2f83d5597954f0e5001,10000149,2026-03-26,0.14,0.43,11.54,13.500739876472458,10.25371585170323,15.29,15.965769460049831,12.385972681362583,12.099999999999998,11.872639418000619,11.227315120908386,10.98,10.555339010174704,10.680389072545033,9.481945362725167,19.27,19.753597322621484,15.129046733759278,24.15,22.704965797116312,18.397237387007422,22.71,17.733916012091292,19.354824924671618,15.510000000000002,15.369791382958192,14.93689495480297,12.644474774014846,10,0.0144883394241333,7.69301619617853,9.032078898158968
ant2668e665a5fae3c5999db01372501,10000256,2026-03-17,0.62,1.08,0.36,0.6876463544797045,8.313547374945365,0.42,0.5926437935384777,6.752837899956292,0.42,0.5926437935384777,6.752837899956292,0.42,0.5926437935384777,6.752837899956292,13.085675799912584,0.55,1.0532990660859125,9.884079020411647,0.7000000000000001,1.0226820463251631,8.092263216329318,0.7000000000000001,1.0226820463251631,8.092263216329318,0.7000000000000001,1.0226820463251631,8.092263216329318,15.484526432658635,5,0.043338239192962646,4.91095813062271,4.718589349473188
ant2810b441dca2233659804b8db8101,10000084,2026-03-22,1.35,2.67,0.97,3.0954787881750785,5.904955224361576,0.98,2.975165121416619,4.922964179489261,1.62,4.114651775208373,4.035309452992841,2.0500000000000003,4.156609189557939,3.5317235562996787,8.865928358978522,1.3,429.3275851726079,11.6799140064658,1.3,278.55004095684995,9.60393120517264,2.3,157.583661033489,7.502620803448427,2.92,96.5100616889542,6.178230958770713,17.90786241034528,10,0.06384879350662231,9.802913925769394,17.61033541007957
ant28aefea1dc3f6318f82913182d801,10000149,2026-04-08,8.12,12.52,11.41,9.432927515132329,10.20496585170323,5.33,6.892008347144419,7.4059726813625835,5.33,7.655187167940401,6.713981787575056,6.33,7.564286540668584,6.960389072545033,9.481945362725167,17.709999999999997,15.79865635296479,14.544046733759277,12.33,13.083571265141385,12.487237387007422,13.31,13.839255502049117,13.088158258004949,13.25,12.733554470101872,13.12889495480297,12.644474774014846,10,0.07394838333129883,10.364157164257312,11.38568807616758
ant28ca6379ba840335aa40e298b8401,10000084,2026-04-28,1.34,1.22,5.029999999999999,4.326835168679701,7.427455224361576,2.75,3.250662567134278,5.807964179489261,2.75,4.8189534866367305,4.788642786326174,2.75,4.8189534866367305,4.788642786326174,8.865928358978522,7.9,6.933221821159997,14.1549140064658,3.33,5.159080186425481,10.61893120517264,3.74,6.869986982336269,8.462620803448427,3.74,6.869986982336269,8.462620803448427,17.90786241034528,10,0.073025643825531,5.63831469723969,6.948349177804369
ant290a82c1af66233158c622bff0a01,10000251,2026-03-18,0.22,0.86,3.37,3.713507315387379,3.9714642035832353,3.099999999999999,2.624356084033189,3.7161713628665876,2.47,2.7393798886797454,3.0907809085777256,1.7400000000000002,2.2137369617175535,2.2584685451466355,4.332342725733176,6.200000000000001,6.264674927859534,6.379803265693751,4.77,4.589223990720156,5.628842612555001,4.77,4.599043971847621,5.342561741703333,3.18,3.820329289503848,3.8415370450220006,6.487685225110002,10,0.07644623517990112,3.50648121407466,3.329498343109829
ant295e19215c2e43d54b1bf3d9bfd01,10000084,2026-07-15,2.07,1.36,8.0,6.953333333333334,8.541205224361576,8.0,6.953333333333334,8.541205224361576,8.0,6.953333333333334,8.541205224361576,8.0,6.953333333333334,8.541205224361576,8.865928358978522,13.19,10.816666666666666,16.1386640064658,13.19,10.816666666666666,16.1386640064658,13.19,10.816666666666666,16.1386640064658,13.19,10.816666666666666,16.1386640064658,17.90786241034528,3,1.1920928955078125e-07,5.256054450892623,9.259981722956493
ant296de7afb8b17353989a1ac9b9001,10000182,2026-06-30,0.78,1.4799999999999998,1.14,1.5200495767920366,2.3623753358904818,0.52,1.1063831419392565,1.8079002687123853,0.45,0.7567538456477325,1.3319335124749236,0.45,0.7288020280454283,0.9791601074849541,3.0958005374247706,2.27,2.9226489833792577,3.057937293487825,0.8099999999999999,2.044671959639386,2.17034983479026,0.7200000000000001,1.3760581138901133,1.6568998898601734,0.7200000000000001,1.3123909431202643,1.282139933916104,3.53069966958052,10,0.057799339294433594,3.874785877988794,3.674268420299361
ant29e531b56cbc7384383a14fbd6f01,10000099,2026-03-17,3.37,7.94,0.21,0.755561671677869,7.69554270152767,0.22,0.5953790460936184,6.203434161222137,0.2399999999999999,1.9635603442455594,4.222289440814758,0.2399999999999999,1.6943209709790192,3.753784800718903,12.186868322444273,0.28,1.775584658184409,8.968444125512427,0.28,1.2919089583678163,7.230755300409941,0.3,2.7563099076398565,4.927170200273295,0.3,2.3805298129455283,4.382797235535259,14.181510600819882,10,0.05784517526626587,7.776389718598952,9.909386450309388
ant29e531b56cbc7384383a14fbd6f01,10000038,2026-04-20,0.0999999999999999,0.03,4.31,10.600166801525857,6.189694000646633,4.28,7.9644325370807,5.798755200517307,3.67,5.860828996600212,4.885836800344871,3.66,6.311467534163279,4.391502080206923,7.317510401034613,8.41,12.335008519878226,8.480455846777746,6.510000000000001,10.00770537629788,7.516364677422198,6.3500000000000005,7.549264814958434,7.074243118281466,5.72,7.4346452705700505,6.2805458709688775,8.522729354844394,10,0.01444464921951294,6.8827968385447615,9.461175961121045
ant2a03c57d250fd39a98f642ed5e901,10000193,2026-07-05,0.07,0.38,0.4,0.6066666666666668,3.4836118944247825,0.3,0.45,2.816889515539826,0.3,0.598,1.9779263436932177,0.3999999999999999,0.874,1.3867558062159304,5.3337790310796525,0.84,1.21,3.208299134420473,0.69,0.932,2.659639307536379,0.69,1.2349999999999999,2.003092871690919,0.8099999999999999,1.7244999999999997,1.5738557230145513,4.629278615072757,10,1.1920928955078125e-07,3.6030561862248143,2.433985737047286
ant2aa63486fb9823b05a0b452cd8001,10000038,2026-05-08,0.08,0.0,0.5700000000000001,0.44313779339828147,4.787194000646633,0.48,0.4493001845011191,3.8987552005173063,0.48,1.1836218247684551,2.7591701336782046,0.5,1.960332352344156,1.8635020802069224,7.317510401034613,0.13,0.12908495017795293,5.375455846777746,0.13,0.219046519684693,4.326364677422197,0.13,1.3775579093575843,2.927576451614798,0.29,2.543656310076763,1.9365458709688783,8.522729354844394,10,0.0144575834274292,5.477244308723138,5.4666335056511866
ant2aa63486fb9823b05a0b452cd8001,10000050,2026-05-29,2.59,5.3,0.1,0.12067807248710297,4.668747957934028,0.1,0.12865634262745615,3.7549983663472224,0.14,1.2013946721069648,2.563332244231482,0.15,1.3303875386270356,1.6019993465388889,7.409996732694445,0.0,0.02718714446378303,5.406654617987732,0.05,0.05512282377327242,4.350323694390186,0.03,1.6336896795054696,2.9035491295934572,0.06,1.8866699743790307,1.7781294777560739,8.65064738878037,10,0.0144575834274292,5.35158880773603,5.2742832290719805
ant2aa63486fb9823b05a0b452cd8001,10000084,2026-05-29,1.55,2.28,2.19,4.235952109322516,6.362455224361576,2.19,5.641875627887721,5.527964179489261,2.19,4.125003908571098,4.41530945299284,2.19,3.5503762124291134,3.525185671795704,8.865928358978522,2.77,5.38192206101531,12.2311640064658,2.77,6.698841932009824,10.33893120517264,2.77,5.01597466961603,7.815954136781761,2.89,4.42073618907278,5.893572482069056,17.90786241034528,10,0.014609456062316895,6.177977953824145,12.48858643800381
ant2bb6ec70fc5d53dcb9e6106de3901,10000218,2026-03-16,3.4300000000000006,7.219999999999999,1.36,1.310762039167695,7.973369927518012,1.1800000000000002,1.1697269763584548,6.5606959420144095,0.8600000000000001,0.9906519689734519,4.553797294676274,0.6900000000000001,0.9204099237952078,4.206059963759006,11.94139188402882,2.9300000000000006,2.670529825238051,9.871189813850357,2.2199999999999998,2.3983228783541786,8.127951851080285,1.7000000000000002,1.9577701922345088,5.811967900720191,1.6700000000000004,1.8252919336318139,5.534344906925178,14.035903702160569,10,0.06375402212142944,5.500521879533461,4.762158808454461
ant2c657861876d333b9842aa9c04201,10000084,2026-03-16,4.97,4.94,3.16,2.766016812206666,6.726205224361577,3.16,3.030087360323847,6.012964179489261,1.85,2.8749307658019583,4.188642786326174,2.92,3.0887990546905795,4.109185671795704,8.865928358978522,3.95,3.468773389370834,12.673664006465799,3.95,4.110573342006146,10.92893120517264,2.2299999999999995,3.8390713188948804,7.45595413678176,3.69,4.038961759185253,6.533572482069055,17.90786241034528,10,0.0760270357131958,5.760027737241128,7.022394267805376
ant2c657861876d333b9842aa9c04201,10000149,2026-05-25,1.26,1.63,5.57,5.03825681722699,8.01496585170323,5.57,6.092395837490186,7.525972681362584,5.370000000000001,6.703688515422107,6.7406484542417235,3.37,4.989463024923394,4.592389072545033,9.481945362725167,7.08,9.28204418486813,10.557796733759279,7.08,9.795132767732778,9.862237387007422,7.069999999999999,8.534957636605409,8.928158258004949,6.55,6.898086911541924,7.768894954802969,12.644474774014846,10,0.06163853406906128,6.875875525982732,9.59320075773152
ant2c657861876d333b9842aa9c04201,10000129,2026-07-20,1.15,1.72,1.28,1.8265688481081388,5.664221835325613,1.28,1.7449342376045012,4.787377468260489,0.8,1.1833237412456783,3.2982516455069932,0.88,2.260893591197732,2.3629509873041954,8.29475493652098,0.59,1.698943520165498,6.114378655455132,0.59,1.6414181472316594,5.009502924364106,0.59,1.0898375713042814,3.5363352829094037,0.6000000000000001,2.4577363278104083,2.365801169745642,9.429005848728211,10,0.060947537422180176,5.445056700809319,4.602164191833502
ant2d217ce2335de3f10bd9a2b2ba501,10000050,2026-04-21,0.07,0.0,0.1099999999999999,0.5197810017595439,4.672497957934028,0.1099999999999999,0.5472289645905638,3.7599983663472227,0.1099999999999999,1.2322301818511867,2.543332244231482,0.1099999999999999,1.1483070782557092,2.1377768701929014,7.409996732694445,0.07,1.1506269548752888,5.432904617987732,0.07,1.1470082863126487,4.3603236943901855,0.05,1.3003463892366303,2.9168824629267904,0.03,1.4096168494118915,2.424624274661214,8.65064738878037,10,0.11570018529891968,4.919497788488028,5.110235620173588
ant2e2bbfb88fc383f4e858a2e572e01,10000209,2026-06-11,0.25,0.4,13.363764608072284,13.363764608072284,13.363764608072284,13.363764608072284,13.363764608072284,13.363764608072284,13.363764608072284,13.363764608072284,13.363764608072284,13.363764608072284,13.363764608072284,13.363764608072284,13.363764608072284,15.618078531950825,15.618078531950825,15.618078531950825,15.618078531950825,15.618078531950825,15.618078531950825,15.618078531950825,15.618078531950825,15.618078531950825,15.618078531950825,15.618078531950825,15.618078531950825,15.618078531950825,0,,4.459315637632439,4.055065339748004
ant2ed8f4b0873b73d8fb66411141301,10000288,2026-04-08,3.73,0.0,0.7400000000000001,0.6733333333333335,9.743335258656131,0.5,0.6300000000000001,8.636298007694338,0.5,0.6300000000000001,8.636298007694338,0.5,0.6300000000000001,8.636298007694338,15.14533641384981,0.0,0.0,10.635622791651025,0.0,0.1625,9.453886925912023,0.0,0.1625,9.453886925912023,0.0,0.1625,9.453886925912023,17.01699646664164,4,1.1920928955078125e-07,5.2165619917942045,4.063497409792766
ant2f0b93c6bd51b33d8a40a4884a701,10000149,2026-03-16,3.62,4.39,2.91,2.5992245020924125,7.01746585170323,0.98,1.9458220943838875,5.230972681362584,2.91,4.509944731088372,5.100648454241723,2.91,4.578205946563938,4.2243890725450335,9.481945362725167,3.93,3.300039705947605,9.376546733759278,1.5,2.5892919823455296,7.072237387007423,3.93,5.6824522400944515,6.834824924671616,3.93,5.608013998439678,5.672894954802969,12.644474774014846,10,0.018496036529541016,5.153927611741295,7.102585381491388
36e3f89a3c0e264631aa9b4c108d8801,10000183,2026-07-20,2812.81,2377.58,1541.41,2168.108678320554,1240.0238517913572,1869.8100000000004,2079.370071316544,1464.5010814330858,1869.8100000000004,2079.370071316544,1464.5010814330858,1869.8100000000004,2079.370071316544,1464.5010814330858,1059.1921628661714,1894.41,2191.079312996972,1370.1017255601105,2108.31,2215.941757735393,1581.9133804480884,2108.31,2215.941757735393,1581.9133804480884,2108.31,2215.941757735393,1581.9133804480884,1055.516760896177,5,0.17267358303070068,1667.7805909142676,713.8182722136046
ant33bfef5231757e2db7cd381099801,10000006,2026-06-01,1.14,0.04,0.8300000000000001,1.0426499572821815,18.011776681336126,1.98,6.323565300070508,15.150421345068901,1.98,16.50989708223329,10.760280896712603,8.85,14.703842072767882,12.744168538027559,28.320842690137802,0.93,1.155276441490484,23.061747124718874,2.11,7.972871292180317,19.2253976997751,2.11,16.054295411366372,13.520265133183402,10.19,14.553197684647024,15.42015907991004,36.3407953995502,10,0.11215841770172119,12.137100224697011,12.17337347335173
ant3953beafda5a6fd86f7956726cc01,10000182,2026-05-31,2.59,5.31,0.24,0.21,2.0248753358904814,0.15,0.178,1.6229002687123852,0.24,0.352,1.1919335124749235,0.24,0.5625,0.8111601074849539,3.0958005374247706,0.55,0.4866666666666667,2.412937293487825,0.24,0.37800000000000006,1.8853498347902602,0.53,0.654,1.5302332231935067,0.47,1.044,1.0821399339161037,3.53069966958052,10,1.1920928955078125e-07,4.308931263637303,4.917298564322576
5104e305659e40d2da9388a7fe08ab01,10000001,2026-03-16,0.07,0.0,0.07,0.09548371482733069,10.732664336728158,0.14,0.11125215433606836,8.635131469382527,0.08,0.10152623983404015,5.763420979588352,0.08,0.10152623983404015,5.763420979588352,17.130262938765053,0.0,0.0,12.287861945583167,0.0,0.0,9.830289556466534,0.0,0.0,6.55352637097769,0.0,0.0,6.55352637097769,19.660579112933068,10,0.17134594917297363,52.431693139612015,25.447254689024184
ant48d21cf4f21a8971e333714f34e01,10000193,2026-07-24,0.91,0.96,0.36,2.9658860273541308,3.4686118944247823,0.36,2.9658860273541308,3.4686118944247823,0.36,2.9658860273541308,3.4686118944247823,0.36,2.9658860273541308,3.4686118944247823,5.3337790310796525,0.68,5.658675993974391,3.148299134420473,0.68,5.658675993974391,3.148299134420473,0.68,5.658675993974391,3.148299134420473,0.68,5.658675993974391,3.148299134420473,4.629278615072757,3,0.17637932300567627,3.8764317065059375,3.4213433929013224
01767fa6f1550763f8b79d981856a501,10000064,2026-03-16,140.29000000000002,173.2,253.21,366.20796424797277,327.5474916530554,282.54,351.90372357492015,327.34499332244434,253.21,304.0769750211512,292.85666221496285,280.49,366.5775391344809,298.8219973289777,372.1499866448886,284.46,381.3403496359336,432.72720075102484,284.46,370.40825812302455,403.0737606008199,284.46,345.09376782765924,363.5358404005466,363.6,456.7723167888653,395.217504240328,521.6875212016398,10,0.10112905502319336,149.83049312623015,194.14832021273872
ant63ef2d4b8525fc488814201daca01,10000054,2026-03-16,0.1,0.05,4.23,5.570437516951313,15.424013087460196,6.300000000000001,27.75671713686821,14.220210469968157,4.23,16.230929886847157,10.200140313312104,4.47,12.391559136248926,8.486004759076435,22.140420939936313,8.69,7.393258496419554,21.256659357728484,8.69,30.03067724585871,18.74332748618279,7.76,17.389542579566264,14.772218324121859,7.2200000000000015,13.35564421166258,12.123785220992179,28.796654972365577,10,0.22119325399398804,11.018143202189837,14.77606194601146
ant63ef2d4b8525fc488814201daca01,1380389889,2026-03-16,29.6,42.61,16.49,22.507034529407104,29.828593461110994,16.49,22.47174792735266,27.160874768888796,13.38,38.529212254159084,21.530583179259196,13.38,32.35857049208122,18.270349907555516,37.83174953777759,19.25,24.576989472549126,34.511704797851266,19.25,25.38647682050824,31.459363838281014,14.7,43.65472079142653,24.35624255885401,14.7,36.62544588268757,20.493745535312403,43.66872767656203,10,0.2072237730026245,21.64992785080357,26.571959495314506
ant714f942a936fc89fed0969d470b01,10000019,2026-03-16,14.45,23.6,14.18,13.439892753380626,61.567468412075016,16.37,16.58778447730947,53.18497472966001,22.52,18.750338219585473,45.013316486440004,16.37,18.32869549237921,31.095989891864,89.99994945932002,23.43,21.247324042949028,77.27432561681273,25.59,22.914785251100408,67.58546049345019,25.8,23.77577444005762,53.726973662300125,25.59,22.341902930393534,42.38818419738007,109.58092098690038,10,0.00013500452041625977,27.12631098241056,38.20370524061349
ant743569828460679054703ffba1401,10000019,2026-03-31,6.69,9.69,5.0,9.502520299310495,58.12496841207501,5.0,11.22084731826598,47.49997472966001,12.68,18.024742455907713,38.45331648644001,10.32,23.888751420916815,26.255989891864,89.99994945932002,7.870000000000001,12.45002157432366,71.43932561681274,7.870000000000001,14.36331088185266,58.72546049345019,12.88,29.4890007184595,45.113640328966795,12.88,37.45521156521692,32.22018419738008,109.58092098690038,10,1.0728836059570312e-06,42.72411453559428,57.86579727123113
ant743569828460679054703ffba1401,10000041,2026-04-10,26.8,31.16,31.67,30.07540920178512,35.83407766515979,24.140000000000004,24.282143112883446,31.236262132127834,19.8,19.84270371457037,25.977508088085223,10.88,16.891364599898367,16.37050485285113,38.33252426425566,37.14,36.1255037741872,42.07020864545743,28.7,29.27732709646625,36.86416691636594,24.040000000000003,24.028570363620634,31.036111277577298,12.589999999999998,20.518123585973303,19.077666766546372,45.02833383273188,10,1.0728836059570312e-06,39.07299845692827,45.0346284350243
ant78cb7361e4ae5984a533cf2d3db01,10000006,2026-06-10,13.82,11.66,20.52,15.562405082413015,25.395526681336126,20.52,27.11868282353124,24.420421345068902,13.86,21.09083775991643,18.680280896712603,14.15,18.47828960594906,16.98416853802756,28.320842690137802,15.37,13.471267817837912,28.476747124718877,15.37,25.50667315740305,25.8553976997751,13.31,20.276290489980664,20.98693179985007,15.37,18.810009607901808,19.564159079910038,36.3407953995502,10,0.11498522758483887,12.60871207235368,16.025388348479304
de17f3274612b2cd417d346b6b048601,1380317970,2026-03-16,811.79,553.14,1240.26,1943.8200118092257,1111.5126626724864,1479.27,1820.6924076290632,1256.7671301379892,1386.54,1572.8951224884327,1269.114753425326,1617.51,1606.3898580811353,1496.0004708908286,1034.2642602759781,1135.39,1967.8545212640786,1118.5227633352856,1665.44,2043.355829056572,1386.9212106682285,1135.39,1713.2612724590297,1126.3941404454858,1665.44,1704.8968545246169,1549.3905044450953,1108.4024213364569,10,0.06548988819122314,891.2220540933479,1422.188367346385
de17f3274612b2cd417d346b6b048601,10000001,2026-05-16,0.07,0.0,0.07,0.07,10.732664336728158,0.07,0.07192783339399597,9.547923854869474,0.07,0.07192783339399597,9.547923854869474,0.07,0.07192783339399597,9.547923854869474,17.130262938765053,0.0,0.0,12.287861945583167,0.0,0.0,10.922543951629482,0.0,0.0,10.922543951629482,0.0,0.0,10.922543951629482,19.660579112933068,4,0.10543352365493774,57.96945735999213,76.8909599039994
1d58d4c05b2ef6097d4aa529acc07b01,10000278,2026-04-01,229.64,209.8,100.2,378.18485330097946,233.0102531343814,100.2,286.4101074963162,206.44820250750513,122.65,702.8201945796599,185.9988016716701,126.34,553.5321025696687,163.61128100300203,312.69640501501027,209.93,430.1029268832443,298.20506896303766,209.93,350.820749700956,280.55005517043014,209.93,682.0727358840466,257.0100367802867,209.93,561.5483428771902,238.17802206817203,351.1701103408602,10,0.09228503704071045,109.76618918345406,151.89157868863725
ant8177dfaf5497a36e92140bd776801,10000168,2026-06-03,0.23,0.45,1.33,1.33,4.156518049600077,1.33,1.33,4.156518049600077,1.33,1.33,4.156518049600077,1.33,1.33,4.156518049600077,4.721821659520092,2.9,2.9,3.6044753601173674,2.9,2.9,3.6044753601173674,2.9,2.9,3.6044753601173674,2.9,2.9,3.6044753601173674,3.7453704321408408,1,0.15090131759643555,4.534579065476285,2.836675352935496
ant8c4e8a5f88aefc4508c6f617b2301,1380389889,2026-03-20,18.06,21.54,6.07,6.07,32.53812461481466,6.07,6.07,32.53812461481466,6.07,6.07,32.53812461481466,6.07,6.07,32.53812461481466,37.83174953777759,7.95,7.95,37.715606397135026,7.95,7.95,37.715606397135026,7.95,7.95,37.715606397135026,7.95,7.95,37.715606397135026,43.66872767656203,1,1.1920928955078125e-07,20.07627024744509,31.634370274106068
ant8c4e8a5f88aefc4508c6f617b2301,10000182,2026-03-30,0.78,1.5299999999999998,0.24,0.21,2.0248753358904814,0.15,0.178,1.6229002687123852,0.24,0.352,1.1919335124749235,0.24,0.5625,0.8111601074849539,3.0958005374247706,0.55,0.4866666666666667,2.412937293487825,0.24,0.37800000000000006,1.8853498347902602,0.53,0.654,1.5302332231935067,0.47,1.044,1.0821399339161037,3.53069966958052,10,1.1920928955078125e-07,3.665677528848924,3.553358200946544
ant9669d53736c3518cd0ee6f0bd2301,10000190,2026-03-16,0.6699999999999999,1.4999999999999998,0.53,0.53,24.390775219528106,0.53,0.53,24.390775219528106,0.53,0.53,24.390775219528106,0.53,0.53,24.390775219528106,29.162930263433722,0.09,0.09,27.684350305514794,0.09,0.09,27.684350305514794,0.09,0.09,27.684350305514794,0.09,0.09,27.684350305514794,33.20322036661775,1,0.16242575645446777,7.534503990954235,7.565637975979627
ant9669d53736c3518cd0ee6f0bd2301,10000243,2026-03-16,0.9000000000000001,1.61,1.5000000000000002,1.5000000000000002,15.19022537608433,1.5000000000000002,1.5000000000000002,15.19022537608433,1.5000000000000002,1.5000000000000002,15.19022537608433,1.5000000000000002,1.5000000000000002,15.19022537608433,17.928270451301195,0.36,0.36,17.375139239656917,0.36,0.36,17.375139239656917,0.36,0.36,17.375139239656917,0.36,0.36,17.375139239656917,20.7781670875883,1,0.16242575645446777,6.240870352569133,5.433264458012426
anta8db1aee8a1bd388cbc5409dd1501,10000019,2026-05-10,7.540000000000001,8.700000000000001,30.9,33.74647658690252,67.83746841207501,20.8,26.879495124226107,55.39997472966001,9.77,19.64401984353609,38.42355337832858,9.77,19.64401984353609,38.42355337832858,89.99994945932002,37.82,40.77103224966763,82.67057561681274,24.85,32.45106306129776,67.2154604934502,9.8,23.539017618365126,45.43604320960728,9.8,23.539017618365126,45.43604320960728,109.58092098690038,9,0.1300257444381714,20.56833157264135,28.520009611566973
ef6c1e7bc4b6d10af5814b368a940901,10000079,2026-06-06,1657.1999999999998,992.65,841.25,951.6285527930728,930.1775434118933,841.25,817.9925328161859,912.3920347295146,882.3900000000001,1532.5073187267808,916.1046898196764,841.25,1448.5635813290519,872.1813194476151,983.5340694590293,500.48,771.2420581212182,815.2134656349576,500.48,829.0145190027094,752.2667725079662,838.63,1555.6551992381292,893.7711816719773,1036.16,1532.9681535184388,1029.180335873029,1004.0535450159322,10,5.960464477539063e-08,779.9971894525905,701.1796403930454
antd913cd675bc74140e9e7b9afa7601,10000019,2026-06-06,31.06,38.45,4.23,30.639999999999997,65.49424961380002,4.23,30.639999999999997,65.49424961380002,4.23,30.639999999999997,65.49424961380002,4.23,30.639999999999997,65.49424961380002,89.99994945932002,6.67,19.11,80.17780070492884,6.67,19.11,80.17780070492884,6.67,19.11,80.17780070492884,6.67,19.11,80.17780070492884,109.58092098690038,2,1.1920928955078125e-07,23.498855682590133,40.74603140132649
025e5d6a0a1712cf04b1219e68e9e201,10000244,2026-06-07,361.7000000000001,369.84,153.89,1274.3,439.5581471295807,153.89,1274.3,439.5581471295807,153.89,1274.3,439.5581471295807,153.89,1274.3,439.5581471295807,553.8254059814129,205.56,1622.795,496.2071329912721,205.56,1622.795,496.2071329912721,205.56,1622.795,496.2071329912721,205.56,1622.795,496.2071329912721,612.4659861877809,2,1.1920928955078125e-07,225.17318316061443,296.4266256939985
912ef897f70a8b2332059464fa397501,10000019,2026-03-16,181.44,55.93,1102.1,835.9874481036043,469.537468412075,1144.44,1569.0814666929768,617.2199747296601,1144.44,1581.1107754617328,665.1490679360546,1144.44,1581.1107754617328,665.1490679360546,89.99994945932002,729.8,1612.232445444782,342.1630756168127,1654.41,1678.0766258985689,881.9954604934502,1654.41,1793.8771000078705,952.2149640849547,1654.41,1793.8771000078705,952.2149640849547,109.58092098690038,6,0.10112303495407104,117.28219035536472,108.32507348765893
ae9e5f137939b51b500859545a468001,10000079,2026-03-16,215.92,226.39,33.16,64.6608721721303,627.1437934118933,33.16,121.39631704918776,508.34703472951463,295.08,319.94776785310125,524.5646898196765,354.91,619.4970740009119,480.63481389180583,983.5340694590293,69.22,85.3182723751387,653.4909656349575,69.22,154.26802644377912,536.636772507966,428.23,453.85189840012174,620.1711816719774,432.65,760.430809820983,546.9307090031864,1004.0535450159322,10,0.13002783060073853,273.08375636785814,300.3027182488484
ante47170213bd33279854552d50ac01,10000019,2026-07-15,8.61,5.779999999999999,5.41,25.00356351315496,58.278718412075015,20.8,25.369138938033576,55.39997472966001,20.8,25.369138938033576,55.39997472966001,20.8,25.369138938033576,55.39997472966001,89.99994945932002,9.8,31.047668560185638,72.16307561681273,24.85,31.241449443264802,67.2154604934502,24.85,31.241449443264802,67.2154604934502,24.85,31.241449443264802,67.2154604934502,109.58092098690038,5,0.1335466504096985,22.6588327946302,36.54804483364616
antfcty010000046609ld16180504001,10000084,2026-03-20,2.83,2.8000000000000003,1.62,1.9089473595200284,6.148705224361576,0.97,1.4666930586182494,4.917964179489261,1.62,2.4445674606741434,4.035309452992841,2.26,4.16715035593112,3.581185671795704,8.865928358978522,2.3,1.8534799580153118,12.0549140064658,1.3,1.5555263354925761,9.60393120517264,2.3,3.0520763001130256,7.502620803448427,3.0900000000000003,66.50155999492738,6.053572482069056,17.90786241034528,10,0.08667445182800293,9.898125969107008,13.017472653458242
antfcty010000046609ld16181030001,10000246,2026-03-18,0.3,0.56,0.66,0.7139473823699248,23.477649090057966,0.66,0.7139473823699248,23.477649090057966,0.66,0.7139473823699248,23.477649090057966,0.66,0.7139473823699248,23.477649090057966,32.60470872608115,0.29,0.8883255135573475,26.88570857389438,0.29,0.8883255135573475,26.88570857389438,0.29,0.8883255135573475,26.88570857389438,0.29,0.8883255135573475,26.88570857389438,37.52399200345213,2,0.10388660430908203,7.024180704476929,7.636228802839696
antys3fb94d950ccee77992e81d44101,10000168,2026-06-25,0.1199999999999999,0.25,0.32,0.29333333333333333,3.0711385372000577,0.32,0.636,2.520910829760046,0.32,0.5466666666666667,1.8920791641143184,0.32,0.5466666666666667,1.8920791641143184,4.721821659520092,0.14,0.1366666666666667,2.393356520088026,0.14,0.9880000000000002,1.9426852160704204,0.2,0.8011111111111112,1.4662037257645857,0.2,0.8011111111111112,1.4662037257645857,3.7453704321408408,9,1.1920928955078125e-07,3.513210951770521,2.1643992232168365
antysc925bd9cb77d34d0c7cb0a4ea01,10000251,2026-04-23,0.09,0.2299999999999999,0.19,0.5643911526470344,2.7789642035832354,0.45,0.6927346723496265,2.3911713628665883,0.51,0.6557921516485898,1.784114241911059,0.51,0.6328387149719842,1.274468545146635,4.332342725733176,0.39,1.0745725741975918,4.201053265693751,0.88,1.3142551754229737,3.683842612555001,0.97,1.239991810026158,2.8092284083700005,0.88,1.179659369142097,2.0015370450220002,6.487685225110002,10,0.0,3.6914711495260377,2.9230324254660767
04407f8067cf8269bc467b98a082ab02,10000079,2026-03-16,613.92,731.7,578.41,599.1657533333164,831.6125434118933,578.41,556.8659341590264,780.9720347295147,407.96,382.61463421372235,599.8180231530098,407.96,602.1039897649777,533.0847977084846,983.5340694590293,752.57,778.9558102765756,909.7472156349576,752.57,730.8720480376185,878.3117725079661,500.81,500.76337908272365,668.5578483386441,500.81,770.8987048084512,610.2107706556374,1004.0535450159322,10,7.092952728271484e-06,311.43154844448617,356.17453071731245
ant008537acc16db7039c507366a6502,10000019,2026-03-16,16.16,25.34,14.18,13.515139376389115,61.567468412075016,16.37,17.005416712896693,53.18497472966001,17.08,17.70749058043966,41.38664981977334,16.37,17.69671636224514,31.095989891864,89.99994945932002,23.43,21.459330597397333,77.27432561681273,25.59,23.42276772609561,67.58546049345019,25.59,23.053205742437893,53.586973662300124,25.59,22.53300403285326,42.38818419738007,109.58092098690038,10,2.980232238769531e-07,20.489858011945437,28.111123919426973
88225ef7f39f6aebf8813e617a841d02,10000278,2026-05-12,637.53,2859.98,263.65,990.766581342964,294.3040031343814,197.14,671.7900871478163,254.91820250750513,197.14,438.8852273989604,235.65880167167006,179.01,433.01088347028417,205.74728100300203,312.69640501501027,276.36,1061.4711025049444,323.11631896303766,232.31,708.3504241077412,291.7400551704301,207.51,438.7468411459012,255.39670344695338,207.51,550.782374064261,236.24202206817205,351.1701103408602,10,0.08668774366378784,448.9807754027046,1130.5124544661346
ant201ba4a4a183f3e19ae73adc48102,10000256,2026-07-12,1.39,2.0,1.35,2.194053936177256,8.684797374945365,1.35,1.8032511702371246,7.217837899956292,1.35,1.8269043981330997,6.684398090869357,1.35,1.8269043981330997,6.684398090869357,13.085675799912584,1.83,3.081652334988003,10.364079020411646,1.83,2.671697513505157,8.657263216329318,1.83,2.7259454374912875,8.036602923935744,1.83,2.7259454374912875,8.036602923935744,15.484526432658635,6,0.029192328453063965,4.939640786688287,4.783881009505337
ant201ba4a4a183f3e19ae73adc48102,10000303,2026-07-12,3.49,0.0,0.9,0.7746936162695834,5.6352080996963245,0.9,1.0599695280189732,4.68816647975706,0.9,1.2712599165543772,3.42544431983804,0.98,1.42170739217998,3.0623147109761444,8.476332959514119,0.0,0.0,4.834568634327804,0.0,0.0,3.867654907462243,0.0,0.0,2.578436604974829,0.0,0.0,2.1486971708123574,7.735309814924486,10,0.043598473072052,4.6598290904489605,2.382541106166004
ant203c3dad2d20b3b769bd1daa51702,10000050,2026-05-21,20.49,18.12,0.37,5.02145217130456,4.769997957934028,0.37,5.049463928297776,3.8899983663472226,0.19,2.7710700058529767,2.5966655775648153,0.19,3.0334207203422707,1.633999346538889,7.409996732694445,0.44,3.619507158298389,5.571654617987732,0.44,4.584427888414282,4.545323694390185,0.1,2.5044305660949475,2.950215796260124,0.1,3.0737171986866922,1.810129477756074,8.65064738878037,10,0.06083410978317261,8.233026678083467,7.711818740927875
ant203c3dad2d20b3b769bd1daa51702,10000129,2026-06-13,0.13,0.04,0.99,3.493627095545629,5.555471835325612,1.7200000000000002,3.2144221448554373,5.00737746826049,3.75,6.538495632105795,5.26491831217366,4.5,7.365898908280792,5.258950987304195,8.29475493652098,1.05,3.528631957461633,6.286878655455132,1.3,2.7435734980800484,5.364502924364106,1.5499999999999998,7.214213423400766,4.176335282909404,4.09,8.298229569793188,5.1578011697456425,9.429005848728211,10,0.06145799160003662,8.9465352063458,9.66564821383827
ant208a23ee605443b0189b7cc004102,10000038,2026-03-16,1.98,2.3200000000000003,2.2,2.142822661252603,5.398444000646633,1.88,1.900738153261332,4.5987552005173065,1.06,1.36054609802511,3.1458368003448713,1.06,2.603174082036617,2.3115020802069224,7.317510401034613,1.79,2.089623328706937,5.997955846777746,1.51,1.772543957051915,5.016364677422197,1.2,1.2752307358966448,3.6409097849481316,1.14,2.7765491845996104,2.6165458709688783,8.522729354844394,10,0.017415106296539307,4.848764025476728,4.452483436876818
ant209d8df996a77311e88d677401202,10000168,2026-03-19,0.56,0.06,0.32,0.37208285759525594,3.0711385372000577,0.29,0.3039242186834407,2.505910829760046,0.29,0.29115523265770665,1.7672738865066975,0.31,0.7403727171633977,1.4710056998737087,4.721821659520092,0.08,0.12970374110176663,2.3708565200880254,0.0699999999999999,0.09522137894166581,1.9076852160704203,0.0699999999999999,0.1307667189197588,1.2951234773802804,0.09,1.2442070700169674,1.0519395874054844,3.7453704321408408,10,0.0896073579788208,3.722198272519753,2.0809490148932968
ant21480cd813fbb32c68abbb3171b02,10000193,2026-05-28,1.98,3.830000000000001,0.4,0.6066666666666668,3.4836118944247825,0.3,0.45,2.816889515539826,0.3,0.598,1.9779263436932177,0.3999999999999999,0.874,1.3867558062159304,5.3337790310796525,0.84,1.21,3.208299134420473,0.69,0.932,2.659639307536379,0.69,1.2349999999999999,2.003092871690919,0.8099999999999999,1.7244999999999997,1.5738557230145513,4.629278615072757,10,1.1920928955078125e-07,3.810027431301949,3.2811564371266497
ant21ba5be27d58d3e9aa453b2553502,10000083,2026-06-22,1.66,0.99,0.8400000000000001,3.1653809206622245,9.54934143579139,5.49,4.350742199494952,10.132473148633114,5.49,4.350742199494952,10.132473148633114,5.49,4.350742199494952,10.132473148633114,14.774946297266226,1.81,4.4891492016951675,11.43716646090255,6.630000000000001,5.536328746011639,11.921733168722039,6.630000000000001,5.536328746011639,11.921733168722039,6.630000000000001,5.536328746011639,11.921733168722039,17.21346633744408,5,0.05933791399002075,6.145407923893587,6.397016739412731
ant226633e8e6be93c358fa3949e4a02,10000193,2026-06-12,0.7800000000000001,1.6,0.4,0.6066666666666668,3.4836118944247825,0.3,0.45,2.816889515539826,0.3,0.598,1.9779263436932177,0.3999999999999999,0.874,1.3867558062159304,5.3337790310796525,0.84,1.21,3.208299134420473,0.69,0.932,2.659639307536379,0.69,1.2349999999999999,2.003092871690919,0.8099999999999999,1.7244999999999997,1.5738557230145513,4.629278615072757,10,1.1920928955078125e-07,3.854094586704833,2.9174803724108798
ant230727693ec5d332182ed7bf0ea02,10000272,2026-07-24,0.32,0.68,0.45,0.44999999999999996,57.152728314402026,0.45,0.44999999999999996,57.152728314402026,0.45,0.44999999999999996,57.152728314402026,0.45,0.44999999999999996,57.152728314402026,68.49327397728243,0.6099999999999999,0.6099999999999999,66.05128222829543,0.6099999999999999,0.6099999999999999,66.05128222829543,0.6099999999999999,0.6099999999999999,66.05128222829543,0.6099999999999999,0.6099999999999999,66.05128222829543,79.1395386739545,1,0.21384978294372559,11.1821396939524,13.768873525546343
ant235de94618c1d3203811d05f28502,10000182,2026-03-16,0.14,0.37,1.9,2.3540306351441607,2.6473753358904815,0.13,1.4980441790976364,1.6129002687123852,0.13,1.0876331304895306,1.1186001791415903,0.46,1.0051365221530282,0.9871601074849541,3.0958005374247706,3.07,2.357005299708532,3.357937293487825,0.28,1.5551062256172052,1.9053498347902602,0.35,1.4130396632992248,1.4102332231935069,0.44,1.1895256099333957,1.058139933916104,3.53069966958052,10,0.04340916872024536,3.26924541365407,2.635426299387455
ant240b4594c780d388bb1f37efa8e02,10000083,2026-03-16,2.3600000000000003,4.79,3.0200000000000005,4.6882437779635975,10.366841435791391,3.0200000000000005,3.594918920380116,8.897473148633113,2.27,2.5818659220329785,6.438315432422076,2.28,2.7746496112447128,4.996292673318744,14.774946297266226,3.640000000000001,5.864954459956183,12.123416460902549,3.640000000000001,4.410399771771996,10.42673316872204,2.76,2.981663833078354,7.57782211248136,2.76,3.1771450380170463,5.902057899444364,17.21346633744408,10,0.049477994441986084,6.2592700161888,7.053045958758673
ant24c6e585c21373df291399a69a802,10000149,2026-03-16,5.37,5.7,2.44,3.310937004901122,6.84121585170323,4.13,4.646265250097791,6.805972681362583,4.13,4.595517507161194,5.9139817875750555,4.61,5.765450950848081,5.584389072545034,9.481945362725167,2.41,3.6770951195816672,8.806546733759278,4.09,5.082028905213648,8.367237387007423,4.09,5.813963011206256,6.941491591338282,6.97,7.607190399600023,8.104894954802969,12.644474774014846,10,0.0172731876373291,5.35020109944216,6.066430872716916
ant2520a7e076c70344f9af95c02cb02,10000251,2026-03-16,4.1,6.890000000000001,3.13,2.6704962641320686,3.8814642035832354,3.13,3.7005191334296494,3.731171362866588,2.39,3.268628694309779,3.037447575244392,1.5700000000000005,2.2423656028753993,2.1224685451466354,4.332342725733176,5.380000000000001,4.610148815456752,6.072303265693751,5.380000000000001,6.557288014714225,5.933842612555001,3.71,5.670406853787054,4.635895075036667,2.7300000000000004,3.940824583314726,3.4815370450220007,6.487685225110002,10,0.0520709753036499,4.128624113942408,5.685814568979525
ant2555446fba3af37b583b1621caa02,10000288,2026-07-03,0.89,1.35,0.7400000000000001,0.6733333333333335,9.743335258656131,0.5,0.6300000000000001,8.636298007694338,0.5,0.6300000000000001,8.636298007694338,0.5,0.6300000000000001,8.636298007694338,15.14533641384981,0.0,0.0,10.635622791651025,0.0,0.1625,9.453886925912023,0.0,0.1625,9.453886925912023,0.0,0.1625,9.453886925912023,17.01699646664164,4,1.1920928955078125e-07,5.3040692643791445,4.555960882424744
ant25737212cb5543cc4969edfb14302,10000251,2026-06-05,0.44,0.54,1.96,1.86,3.442714203583235,1.65,1.472,2.991171362866588,1.27,1.606,2.2907809085777258,1.4600000000000002,1.695,2.215879664666626,4.332342725733176,3.43,2.9733333333333336,5.341053265693751,2.78,2.428,4.633842612555001,2.16,2.6069999999999998,3.602561741703334,2.5600000000000005,2.8528571428571428,3.593601375028948,6.487685225110002,10,1.1920928955078125e-07,3.722555965802184,3.563494519732692
ant25bd3fa2e5f89399a8840f7a98a02,10000182,2026-06-19,1.66,3.51,0.24,0.21,2.0248753358904814,0.15,0.178,1.6229002687123852,0.24,0.352,1.1919335124749235,0.24,0.5625,0.8111601074849539,3.0958005374247706,0.55,0.4866666666666667,2.412937293487825,0.24,0.37800000000000006,1.8853498347902602,0.53,0.654,1.5302332231935067,0.47,1.044,1.0821399339161037,3.53069966958052,10,1.1920928955078125e-07,3.624616310472944,3.301469924333096
ant25bd3fa2e5f89399a8840f7a98a02,10000238,2026-06-19,0.1099999999999999,0.27,0.21,0.21,11.199116748524602,0.21,0.21,11.199116748524602,0.21,0.21,11.199116748524602,0.21,0.21,11.199116748524602,13.396940098229521,0.45,0.45,11.303896159118509,0.45,0.45,11.303896159118509,0.45,0.45,11.303896159118509,0.45,0.45,11.303896159118509,13.474675390942211,1,1.1920928955078125e-07,4.690507445748311,4.092266992802077
ant261b1b5cd37b1384b94bdf783aa02,10000038,2026-03-27,0.29,0.15,8.92,8.177486958962806,7.918444000646633,8.92,9.42882089312553,8.118755200517306,1.55,6.618494498996565,3.472503467011538,2.34,5.341779146676916,3.335502080206922,7.317510401034613,12.73,11.109323754904494,10.100455846777745,12.73,12.860757840678538,10.626364677422197,1.93,9.25981516508068,4.127576451614798,2.64,7.423145243060743,3.8165458709688784,8.522729354844394,10,0.0729946494102478,4.34102212962984,3.843981665373532
ant2668ad844ccb03b7ab41cc8486b02,10000149,2026-04-20,2.27,3.03,7.18,7.820390056832305,8.618715851703229,7.18,8.295235839456502,8.330972681362583,4.79,6.417924077925547,6.353981787575056,4.79,6.559931678200905,5.728389072545033,9.481945362725167,12.03,12.577027540103703,12.414046733759278,12.03,12.86623545637309,12.337237387007423,8.44,9.460127051216615,9.841491591338283,8.44,8.944632982354804,9.280894954802967,12.644474774014846,10,0.06047415733337402,7.399640098104953,9.506659427259498
ant26ab996aca0803294b55f3f62cc02,10000303,2026-07-02,2.74,0.0,2.22,2.0266666666666664,6.130208099696324,2.22,2.0266666666666664,6.130208099696324,2.22,2.0266666666666664,6.130208099696324,2.22,2.0266666666666664,6.130208099696324,8.476332959514119,0.0,0.0,4.834568634327804,0.0,0.0,4.834568634327804,0.0,0.0,4.834568634327804,0.0,0.0,4.834568634327804,7.735309814924486,3,1.1920928955078125e-07,5.284220008080837,2.4909377057522843
ant2762282ad9d493200af1abb9ea102,10000149,2026-03-16,7.010000000000001,7.0600000000000005,8.76,7.2280999135224375,9.21121585170323,8.9,10.4757459811452,9.190972681362584,6.92,7.850965148942011,7.773981787575056,5.0200000000000005,6.0650921137794045,5.912389072545034,9.481945362725167,12.05,10.985053129799107,12.421546733759278,14.53,15.080416850812748,13.587237387007423,8.16,10.705606691491253,9.654824924671615,6.44,7.94874488371612,7.6808949548029695,12.644474774014846,10,0.04334914684295654,6.137158398774051,8.182718618500587
ant27b36ec83429d391faad29b1b6a02,10000256,2026-07-03,0.29,0.36,0.55,0.7166666666666667,8.384797374945366,0.55,0.7166666666666667,8.384797374945366,0.55,0.7166666666666667,8.384797374945366,0.55,0.7166666666666667,8.384797374945366,13.085675799912584,0.88,1.1233333333333333,10.007829020411647,0.88,1.1233333333333333,10.007829020411647,0.88,1.1233333333333333,10.007829020411647,0.88,1.1233333333333333,10.007829020411647,15.484526432658635,3,1.1920928955078125e-07,4.619041753643431,4.295480319719643
ant27b36ec83429d391faad29b1b6a02,10000303,2026-07-03,0.44,0.0,2.22,2.0266666666666664,6.130208099696324,2.22,2.0266666666666664,6.130208099696324,2.22,2.0266666666666664,6.130208099696324,2.22,2.0266666666666664,6.130208099696324,8.476332959514119,0.0,0.0,4.834568634327804,0.0,0.0,4.834568634327804,0.0,0.0,4.834568634327804,0.0,0.0,4.834568634327804,7.735309814924486,3,1.1920928955078125e-07,4.268439182231042,2.3144584163520983
ant27f3559cf0f8e3f368b1e2727d602,10000084,2026-04-24,12.260000000000002,19.36,2.89,4.094968941420353,6.624955224361576,2.89,7.307656998259069,5.877964179489261,7.27,7.261368403983603,7.801976119659507,2.89,4.918787432907479,4.0851856717957045,8.865928358978522,4.36,5.442977069879109,12.8274140064658,4.36,9.571066608776164,11.13393120517264,9.5,10.175330655030413,12.302620803448427,4.36,6.8848057993110965,7.069572482069056,17.90786241034528,10,0.018847763538360596,6.175616132464986,8.571006665365564
ant27f3559cf0f8e3f368b1e2727d602,10000050,2026-05-12,3.6599999999999993,7.0,0.1,0.14166045248021678,4.668747957934028,0.25,4.3377412737955785,3.8299983663472226,0.12,3.279869555819254,2.549998910898149,0.25,3.1163037985250286,1.6819993465388887,7.409996732694445,0.03,0.15014665891300183,5.417904617987732,0.41,5.521637184849298,4.5303236943901855,0.03,4.091323131413983,2.9035491295934572,0.41,4.214141527575408,2.058129477756074,8.65064738878037,10,0.0578233003616333,5.420332233078097,5.920342969213642
ant294d526f28a0b3190a234ee4ecf02,10000149,2026-05-07,2.24,3.62,2.4000000000000004,2.6145588254431322,6.82621585170323,2.4000000000000004,3.950016156608025,5.940972681362584,4.09,5.303090482381046,5.887315120908389,6.1000000000000005,5.673908715357985,6.776389072545034,9.481945362725167,2.73,3.391572827058823,8.92654673375928,2.73,5.167498948183079,7.687237387007423,5.470000000000001,8.248764850027584,7.861491591338282,8.200000000000001,9.480987527909758,9.08889495480297,12.644474774014846,10,0.08682769536972046,6.150020367142746,8.858153215156557
ant298caeb6eb8a43ac0b719d5c69002,10000181,2026-07-15,1.17,2.2300000000000004,0.53,0.4339130439496216,7.242967077684263,0.53,0.4339130439496216,7.242967077684263,0.53,0.4339130439496216,7.242967077684263,0.53,0.4339130439496216,7.242967077684263,11.27074732429482,1.0000000000000002,0.9292154233174237,8.451164370436876,1.0000000000000002,0.9292154233174237,8.451164370436876,1.0000000000000002,0.9292154233174237,8.451164370436876,1.0000000000000002,0.9292154233174237,8.451164370436876,12.921862992699001,3,0.23341155052185059,5.920131535139456,4.858389356654264
ant298caeb6eb8a43ac0b719d5c69002,10000293,2026-07-16,0.31,0.6,88.71392877273891,88.71392877273891,88.71392877273891,88.71392877273891,88.71392877273891,88.71392877273891,88.71392877273891,88.71392877273891,88.71392877273891,88.71392877273891,88.71392877273891,88.71392877273891,88.71392877273891,94.5934464087454,94.5934464087454,94.5934464087454,94.5934464087454,94.5934464087454,94.5934464087454,94.5934464087454,94.5934464087454,94.5934464087454,94.5934464087454,94.5934464087454,94.5934464087454,94.5934464087454,0,,14.541154049014471,16.22834707946637
ant2aabaaf2d09e237f0b9384ce3f402,10000149,2026-03-19,2.26,2.1,4.61,6.59237486768007,7.6549658517032295,5.800000000000001,6.994072697129082,7.640972681362584,4.61,6.049365794828295,6.233981787575056,5.42,6.669851633050357,6.2323890725450335,9.481945362725167,7.59,9.664871862445088,10.749046733759279,7.59,9.216233932477662,10.117237387007423,7.59,8.072915867675071,9.274824924671616,7.59,8.47070460174853,8.600894954802968,12.644474774014846,10,4.708766937255859e-06,10.77339372583937,11.313113368907851
ant2aae4555772c139e0aa54031a2d02,10000303,2026-06-30,0.65,0.0,2.22,2.0266666666666664,6.130208099696324,2.22,2.0266666666666664,6.130208099696324,2.22,2.0266666666666664,6.130208099696324,2.22,2.0266666666666664,6.130208099696324,8.476332959514119,0.0,0.0,4.834568634327804,0.0,0.0,4.834568634327804,0.0,0.0,4.834568634327804,0.0,0.0,4.834568634327804,7.735309814924486,3,1.1920928955078125e-07,4.209229535410562,2.317608158838177
ant2b9f6df78761d3cd482f66e686402,10000234,2026-06-15,0.32,0.6600000000000001,0.42,0.47624824049933573,7.424549425800231,0.32,0.38924637788478944,5.973639540640185,0.32,0.3413156115334499,5.4596723096728965,0.32,0.3413156115334499,5.4596723096728965,11.62727908128037,0.28,0.7074784786495498,8.182180593915154,0.4,0.6350934471821763,6.6617444751321235,0.4,0.5697697229286351,6.09249497739284,0.4,0.5697697229286351,6.09249497739284,12.923488950264247,6,0.1576220989227295,4.436777175288044,3.787836848815397
ant2bb4e6fd9914c3a33a7bf95ccd002,10000149,2026-05-29,1.64,1.64,1.54,2.5,6.503715851703229,1.54,3.7725,5.952191868180648,1.54,3.7725,5.952191868180648,1.54,3.7725,5.952191868180648,9.481945362725167,2.14,3.2533333333333334,8.705296733759278,2.14,3.99,7.975819318897138,2.14,3.99,7.975819318897138,2.14,3.99,7.975819318897138,12.644474774014846,4,1.1920928955078125e-07,5.422613828633534,7.6836317355581745
ant2be95f1a783f03f22b5288f697402,10000099,2026-06-08,0.7100000000000002,2.7900000000000005,26.4,26.4,14.555723602036895,26.4,26.4,14.555723602036895,26.4,26.4,14.555723602036895,26.4,26.4,14.555723602036895,12.186868322444273,34.7,34.699999999999996,17.60125883401657,34.7,34.699999999999996,17.60125883401657,34.7,34.699999999999996,17.60125883401657,34.7,34.699999999999996,17.60125883401657,14.181510600819882,1,1.1920928955078125e-07,8.284194920634077,9.53219867506909
ant2d38e5c17810d30e3a76e69222c02,10000218,2026-03-16,1.21,0.5700000000000001,11.94139188402882,11.94139188402882,11.94139188402882,11.94139188402882,11.94139188402882,11.94139188402882,11.94139188402882,11.94139188402882,11.94139188402882,11.94139188402882,11.94139188402882,11.94139188402882,11.94139188402882,14.035903702160569,14.035903702160569,14.035903702160569,14.035903702160569,14.035903702160569,14.035903702160569,14.035903702160569,14.035903702160569,14.035903702160569,14.035903702160569,14.035903702160569,14.035903702160569,14.035903702160569,0,,4.555633975350233,3.633299983957504
ant2d736e07010803f429a1385473302,10000050,2026-04-13,0.15,0.06,7.63,6.3023669291270235,7.492497957934028,7.549999999999999,6.579963481760909,7.479998366347222,6.659999999999999,4.838447208875171,6.909998910898148,2.620000000000001,4.616789185997178,3.5779993465388897,7.409996732694445,8.69,7.646590338398308,8.665404617987733,9.98,8.861496823761748,9.315323694390186,8.69,6.456840078861876,8.676882462926791,3.0700000000000003,6.640482332247479,4.186129477756074,8.65064738878037,10,0.006013393402099609,6.135796734422908,6.078307817059779
ant2da37f1b4b56d390f8a113d1d6d02,10000038,2026-06-01,0.07,0.0,0.51,3.046662440786688,4.764694000646633,0.51,2.206439059123724,3.9137552005173064,1.55,4.061818516717086,3.472503467011538,1.55,4.027934416509754,2.7035020802069223,7.317510401034613,0.74,4.273380110225063,5.604205846777746,0.74,3.0228324829005895,4.631364677422197,1.93,5.454483038586521,4.127576451614798,1.93,5.099647137822421,3.2485458709688784,8.522729354844394,10,0.05833357572555542,4.457692868834046,3.8359333269744207
ant2df985e6fbfaa314fa2e49d9f8702,10000182,2026-05-19,0.27,0.6,0.24,0.21,2.0248753358904814,0.15,0.178,1.6229002687123852,0.24,0.352,1.1919335124749235,0.24,0.5625,0.8111601074849539,3.0958005374247706,0.55,0.4866666666666667,2.412937293487825,0.24,0.37800000000000006,1.8853498347902602,0.53,0.654,1.5302332231935067,0.47,1.044,1.0821399339161037,3.53069966958052,10,1.1920928955078125e-07,3.446640405008296,3.043133272098326
ant2dfe7910b0b3f38edb331f5acc602,10000303,2026-06-11,2.91,0.0,0.92,1.0435347629967735,5.642708099696324,0.92,1.1353706069525622,4.6981664797570595,0.92,1.1238775473887133,3.8262819075054306,0.92,1.1238775473887133,3.8262819075054306,8.476332959514119,0.0,0.0,4.834568634327804,0.0,0.0,3.867654907462243,0.0,0.0,2.9751191595863404,0.0,0.0,2.9751191595863404,7.735309814924486,8,0.061190664768218994,3.985166796198554,2.31998631993011
ant2e78e8fa22f5536b8acd8d5b04202,10000182,2026-03-16,0.06,0.13,1.02,1.3336161987714559,2.3173753358904814,1.5,1.4031077012143627,2.297900268712385,1.02,1.034802683979395,1.7119335124749235,1.0,0.9201448184773371,1.4990001279582787,3.0958005374247706,0.7,0.9027736951532596,2.469187293487825,1.6900000000000002,1.7152527617445146,2.6103498347902603,1.6900000000000002,1.503765855431487,2.30356655652684,1.6900000000000002,1.4248193798202884,2.1282618260906,3.53069966958052,10,0.029094040393829346,3.345685075176773,2.6238871002728468
ant2e7dcd5293f88333398d8b5febd02,10000209,2026-03-18,0.36,1.17,0.34,1.0694460935584762,8.479852880045177,0.36,1.4162007894476554,6.861882304036142,0.36,1.1220320440592193,5.361447926181647,0.36,1.1220320440592193,5.361447926181647,13.363764608072284,0.63,1.877654958388211,9.997549082469266,0.63,2.398064275672825,8.124039265975412,0.63,1.884578737416377,6.394645589211855,0.63,1.884578737416377,6.394645589211855,15.618078531950825,8,0.060244619846343994,4.43112613319398,4.14457426912568
ant2fba8d7b2cdf4308b9846ac7d8702,10000149,2026-03-16,18.67,22.18,11.27,9.861805631473224,10.15246585170323,11.27,9.784394435261433,10.375972681362583,11.27,10.12964459617482,10.673981787575055,11.27,9.230546888469105,10.912389072545032,9.481945362725167,11.84,11.583779137214945,12.342796733759279,11.84,12.47844830208088,12.242237387007423,11.84,13.09994358044461,12.108158258004948,11.84,12.774177072556679,12.000894954802968,12.644474774014846,10,0.028898179531097412,5.439034213489043,6.325336153168225
3dc406557c24ece87c773fa859836502,4200000001,2026-04-08,162.47,0.0,178.97,137.2707067263844,141.69897016031624,99.69,126.80429019437685,110.60464014250331,99.69,126.80429019437685,110.60464014250331,99.69,126.80429019437685,110.60464014250331,119.33635225650598,0.0,0.0,63.19471857728487,0.0,0.0,56.17308317980877,0.0,0.0,56.17308317980877,0.0,0.0,56.17308317980877,101.11154972365578,4,0.028892159461975098,115.0289072253232,37.07556288506265
ant438333368ddcec44b3a31e4b52a02,10000251,2026-06-12,0.8899999999999999,1.63,5.92,5.717547757981544,4.9277142035832355,5.92,5.717547757981544,4.9277142035832355,5.92,5.717547757981544,4.9277142035832355,5.92,5.717547757981544,4.9277142035832355,4.332342725733176,9.94,9.518139599083694,7.782303265693751,9.94,9.518139599083694,7.782303265693751,9.94,9.518139599083694,7.782303265693751,9.94,9.518139599083694,7.782303265693751,6.487685225110002,3,0.15488344430923462,3.635706848302085,3.847658272730896
ant4c515280399511a77eb1808006202,10000041,2026-04-21,8.820000000000002,11.23,10.4,9.519998076758897,27.85782766515979,8.040000000000001,8.750061831223865,23.18626213212783,8.96,11.059350184960293,18.750841421418556,10.4,15.768676422497908,15.98650485285113,38.33252426425566,12.46,11.836665304370884,32.815208645457425,10.46,10.72609066365572,27.74416691636594,10.58,13.404944360840299,22.06277794424396,12.46,19.237337787404186,18.973666766546376,45.02833383273188,10,0.014444351196289062,15.690190773504163,21.408952623500323
1ff6090decad73d67e354dcbab056d02,1381526443,2026-04-28,555.13,495.79,537.33,776.1820307584459,406.30847389027673,537.33,776.1820307584459,406.30847389027673,537.33,776.1820307584459,406.30847389027673,537.33,776.1820307584459,406.30847389027673,327.6955582244427,935.73,1146.2815658899656,694.5374881301243,935.73,1146.2815658899656,694.5374881301243,935.73,1146.2815658899656,694.5374881301243,935.73,1146.2815658899656,694.5374881301243,549.8219810081989,3,0.1930798888206482,261.4070344288134,471.1039893580987
7906d9420483ed3adc41b3884af0d502,10000123,2026-05-18,211.89,120.73,125.14999999999998,169.24971548363953,232.55191662911818,317.98,463.6880719025678,307.48653330329455,317.98,438.19386242820144,310.98435553552974,317.98,438.19386242820144,310.98435553552974,296.9930666065891,189.99,260.9750295418475,309.73357103730996,515.5699999999999,594.1884341846398,448.57485682984793,515.5699999999999,570.047941437649,470.9065712198985,515.5699999999999,570.047941437649,470.9065712198985,381.57971365969587,10,0.10669362545013428,227.96122318035924,379.60422582452736
ant6af1b0a79f0ab54a88ecde8d08202,10000054,2026-03-16,0.21,0.15,3.33,2.611418868651368,15.086513087460196,3.33,17.268335699391663,12.735210469968155,3.33,12.793571555474077,9.600140313312105,3.33,10.445047312818904,7.092084187987261,22.140420939936313,3.24,2.707483842799516,19.212909357728485,3.24,26.02985056746331,16.018327486182788,4.49,17.1559556826933,12.592218324121859,4.49,13.573706533159704,9.351330994473114,28.796654972365577,10,0.11596649885177612,8.00627483722264,9.357750989050007
ant6dce0b09095d6b6eb3965db90ea02,10000054,2026-07-18,36.81,57.21,1.1,2.620090266460295,14.250263087460196,2.0700000000000003,8.835845441048626,12.105210469968156,2.0700000000000003,12.45148960639038,8.760140313312105,4.169999999999999,14.340485047228595,7.764084187987261,22.140420939936313,0.58,3.0178729197352556,18.215409357728486,2.6499999999999995,12.966424730880863,15.723327486182788,2.6499999999999995,18.020182902814874,11.365551657455192,4.720000000000001,20.0515068302506,9.535330994473114,28.796654972365577,10,0.11171823740005493,42.43878662301526,42.51410324150419
253836a600abce516303a31e01abce02,10000295,2026-06-20,256.39,443.4,31.98,27.241392615987753,99.5887333061107,31.98,27.241392615987753,99.5887333061107,31.98,27.241392615987753,99.5887333061107,31.98,27.241392615987753,99.5887333061107,140.1539732897771,85.48,182.46435752128403,169.1664327520497,85.48,182.46435752128403,169.1664327520497,85.48,182.46435752128403,169.1664327520497,85.48,182.46435752128403,169.1664327520497,219.37829240327952,3,0.16788309812545776,183.77866205510367,256.0286684317176
ant8ab6104b910bf491b3d0f7298dd02,10000303,2026-07-16,1.23,0.0,1.42,1.8233390301761732,5.830208099696324,1.12,1.5551176008599732,4.798166479757059,1.1,1.3942803681269866,4.173472066464216,1.1,1.3942803681269866,4.173472066464216,8.476332959514119,0.0,0.0,4.834568634327804,0.0,0.0,3.867654907462243,0.0,0.0,3.2230457562185357,0.0,0.0,3.2230457562185357,7.735309814924486,7,0.13993531465530396,6.040161150542446,2.566841020901485
c7e8e0e6607d5c77744210cd8ec22402,10000294,2026-05-22,1975.84,3563.5300000000007,333.53,467.48117648932583,426.61040574975766,777.52,835.1144652856491,629.9893245998062,337.99,707.7180190903757,393.554865076774,337.99,707.7180190903757,393.554865076774,482.45864919961235,422.44999999999993,451.7168702623072,484.6266765253038,516.8299999999999,802.7980437518066,519.381341220243,577.98,794.3387484684828,556.4233394001869,577.98,794.3387484684828,556.4233394001869,521.9326824404861,8,0.11556863784790039,730.9442688669585,516.5604523649029
antc107f86787df1e041de833943aa02,10000139,2026-03-20,2.5,2.69,13.12,9.582486786307866,21.68374568078331,13.12,9.582486786307866,21.68374568078331,13.12,9.582486786307866,21.68374568078331,13.12,9.582486786307866,21.68374568078331,25.109243953096637,14.540000000000004,10.364737925247876,28.079298602820526,14.540000000000004,10.364737925247876,28.079298602820526,14.540000000000004,10.364737925247876,28.079298602820526,14.540000000000004,10.364737925247876,28.079298602820526,33.49501804394873,2,0.13304048776626587,9.558483722624764,9.88115432266165
cb9cf0cd5a36784466ac46ba3cf8e602,1380460970,2026-03-25,778.48,607.34,3109.0799999999995,3343.055038232658,2477.771929605431,2957.33,2975.29935500972,2528.158543684345,2957.33,2984.777158893082,2671.2156957895636,2957.33,2974.4391740000533,2785.661417473738,2098.9870873686905,4411.32,4257.944027988803,3334.9094680018216,3851.07,3646.3374836131147,3270.0665744014577,3923.43,3689.3162855474297,3511.974382934305,3923.43,3699.2002239805743,3676.556629760583,2689.063148802915,10,0.07222384214401245,833.6353107649385,724.2035167170922
cb9cf0cd5a36784466ac46ba3cf8e602,10000069,2026-06-09,1255.42,1066.02,1477.84,1992.9188059744884,1507.1685854030552,1477.84,1969.726751803455,1501.3028683224443,2266.6600000000003,2170.698946374342,2019.361912214963,2614.63,2432.78150243401,2396.6571473289778,1524.7657366448886,1914.21,2414.001692197403,1974.202747626025,3070.78,2679.2173204324954,2540.48919810082,3148.4,2948.99260349451,2768.999465400547,3523.6600000000003,3150.2059362456666,3220.9676792403284,2010.1983962016398,10,0.13001775741577148,834.7739157085703,592.4628158693145
563eecb0d3f520669cb7921dc2defe02,10000122,2026-03-16,553.47,704.11,139.93,130.7350249121775,213.85459307320158,139.93,130.7350249121775,213.85459307320158,139.93,130.7350249121775,213.85459307320158,139.93,130.7350249121775,213.85459307320158,258.20934891712255,222.51,231.71000102644868,286.4041800048228,222.51,231.71000102644868,286.4041800048228,222.51,231.71000102644868,286.4041800048228,222.51,231.71000102644868,286.4041800048228,324.74068800771647,3,0.17354655265808105,390.44836859786153,488.3355609497285
6b1f192a96ebcc6f71041ef196228702,10000278,2026-07-15,1277.78,888.09,24.45000000000001,20.716347024310252,204.6040031343814,24.45000000000001,55.451812351305925,168.57320250750513,24.93,71.94983793264076,120.85213500500342,32.27,83.02915092770327,114.74835441617948,312.69640501501027,21.78,19.853768293170823,227.64881896303763,21.78,38.76419820713735,186.4750551704301,26.58,117.09184889883159,134.77670344695343,30.09,118.45358023601703,124.52532657084123,351.1701103408602,10,0.028901755809783936,131.4946792555754,158.3634950792392
antys1d626900dea22384a2a5d556502,10000182,2026-05-09,0.13,0.19,0.24,0.21,2.0248753358904814,0.15,0.178,1.6229002687123852,0.24,0.352,1.1919335124749235,0.24,0.5625,0.8111601074849539,3.0958005374247706,0.55,0.4866666666666667,2.412937293487825,0.24,0.37800000000000006,1.8853498347902602,0.53,0.654,1.5302332231935067,0.47,1.044,1.0821399339161037,3.53069966958052,10,1.1920928955078125e-07,3.34582516867357,2.624193625706375
antysdd795c55133ba4df5af7146a102,10000246,2026-05-13,0.03,0.0999999999999999,32.60470872608115,32.60470872608115,32.60470872608115,32.60470872608115,32.60470872608115,32.60470872608115,32.60470872608115,32.60470872608115,32.60470872608115,32.60470872608115,32.60470872608115,32.60470872608115,32.60470872608115,37.52399200345213,37.52399200345213,37.52399200345213,37.52399200345213,37.52399200345213,37.52399200345213,37.52399200345213,37.52399200345213,37.52399200345213,37.52399200345213,37.52399200345213,37.52399200345213,37.52399200345213,0,,6.515314070312995,6.734955936545361
ant0299a3b8e2fa895ad1dfd56bfc803,10000054,2026-04-07,1.13,4.81,22.140420939936313,22.140420939936313,22.140420939936313,22.140420939936313,22.140420939936313,22.140420939936313,22.140420939936313,22.140420939936313,22.140420939936313,22.140420939936313,22.140420939936313,22.140420939936313,22.140420939936313,28.796654972365577,28.796654972365577,28.796654972365577,28.796654972365577,28.796654972365577,28.796654972365577,28.796654972365577,28.796654972365577,28.796654972365577,28.796654972365577,28.796654972365577,28.796654972365577,28.796654972365577,0,,8.397560439511373,13.081061565520924
ant0949c3a0d26760cd0b9cd7f191b03,10000234,2026-06-10,0.4800000000000001,1.01,0.2799999999999999,0.3366666666666666,7.372049425800231,0.2799999999999999,0.326,5.953639540640185,0.23,0.31,5.410581400581987,0.23,0.31,5.410581400581987,11.62727908128037,0.72,0.8000000000000002,8.347180593915153,0.72,0.7620000000000001,6.821744475132124,0.4200000000000001,0.7050000000000001,6.1034040683019315,0.4200000000000001,0.7050000000000001,6.1034040683019315,12.923488950264247,6,1.1920928955078125e-07,4.373640341601305,3.8728222408930337
ant0949c3a0d26760cd0b9cd7f191b03,10000019,2026-07-07,1.25,0.77,4.23,30.639999999999997,65.49424961380002,4.23,30.639999999999997,65.49424961380002,4.23,30.639999999999997,65.49424961380002,4.23,30.639999999999997,65.49424961380002,89.99994945932002,6.67,19.11,80.17780070492884,6.67,19.11,80.17780070492884,6.67,19.11,80.17780070492884,6.67,19.11,80.17780070492884,109.58092098690038,2,1.1920928955078125e-07,23.1012943831328,45.00558986507958
ant0f22bc6f238865e43314925758b03,10000019,2026-05-03,13.65,20.590000000000003,1.92,3.9506190582056924,56.96996841207501,1.92,8.599439230700003,45.95997472966001,1.92,10.591032641273602,31.279983153106677,4.819999999999999,12.811420506167643,21.855989891864,89.99994945932002,3.2299999999999995,3.067932129249143,69.69932561681273,3.2299999999999995,9.003337981353338,56.40546049345019,3.2299999999999995,12.447787964242348,38.680306995633465,4.85,14.395844811626006,25.79618419738007,109.58092098690038,10,0.11670947074890137,20.96596990264353,31.89957279554481
7a11cdf1fd28231df85c926e989da703,10000065,2026-05-18,774.08,708.49,622.570744299257,622.570744299257,622.570744299257,622.570744299257,622.570744299257,622.570744299257,622.570744299257,622.570744299257,622.570744299257,622.570744299257,622.570744299257,622.570744299257,622.570744299257,665.9159746775985,665.9159746775985,665.9159746775985,665.9159746775985,665.9159746775985,665.9159746775985,665.9159746775985,665.9159746775985,665.9159746775985,665.9159746775985,665.9159746775985,665.9159746775985,665.9159746775985,0,,620.5659190862918,679.5233914378007
ant1f8c016e9eea0a3e014aaba959303,10000006,2026-04-23,0.25,0.3,10.1,8.462374049764145,21.488026681336123,4.359999999999999,6.730160454985692,16.3404213450689,10.1,26.185479248349132,16.173614230045935,12.67,22.218907729109226,15.80016853802756,28.320842690137802,10.67,11.48733508129651,26.714247124718874,3.95,8.137650730526587,20.145397699775103,11.58,28.98845201895243,19.833598466516737,13.829999999999998,23.880084713756773,18.33215907991004,36.3407953995502,10,0.17333436012268066,15.63313421029896,23.99417677975702
ant2055e5715bd451136bfa30896bf03,10000019,2026-05-21,3.21,3.71,1.4800000000000002,1.7516527613700883,56.80496841207501,2.53,6.694042218414355,46.26497472966001,2.53,10.24568528216855,31.686649819773343,2.77,10.247636715923182,20.215989891864,89.99994945932002,1.7400000000000002,1.812169717142105,69.14057561681274,2.04,7.827896964461871,55.810460493450194,2.56,11.422022505785769,38.23364032896679,4.85,12.530617359108163,25.79618419738007,109.58092098690038,10,0.17115604877471924,20.24261160778483,30.893443967817213
ant206c78c37f5f139fb9cdc048e9903,10000038,2026-03-16,1.13,0.77,1.01,1.1059710338610977,4.952194000646633,1.01,1.0865556984437283,4.163755200517307,1.01,1.459311856711568,3.112503467011538,1.01,1.8090770584787845,2.2715020802069223,7.317510401034613,0.19,0.6285231709894822,5.397955846777746,0.19,0.4589632468266516,4.356364677422197,0.38,0.8825629457382937,3.094243118281465,0.38,2.039731592306553,2.008545870968878,8.522729354844394,10,0.08289593458175659,4.518253071738581,3.549592915588735
ant20a7000dd09973154b82e1e7b3b03,10000217,2026-03-18,0.64,1.39,2.47,2.202176206304025,14.44978053740712,2.15,2.1104994075316226,11.893824429925695,2.15,2.2466544543051112,8.645882953283799,1.88,2.0915754254172727,6.370374740875317,21.637648859851392,1.22,1.4419641774168184,16.18116350136647,1.22,1.4339424621862653,13.188930801093175,1.22,2.5581845935669834,9.199287200728785,1.26,2.603915859125147,6.69133218231508,25.15786160218635,10,0.04333573579788208,5.773867819276006,6.014223041529899
ant217202f867a3b368b88608671fd03,10000084,2026-05-27,1.99,2.49,2.18,2.9425862325219514,6.358705224361576,3.44,3.1762150114872396,6.152964179489261,3.44,3.235925026845646,5.248642786326174,3.44,3.1882951982281953,4.525185671795704,8.865928358978522,4.56,5.270573196634267,12.9024140064658,4.56,5.271893246071822,11.23393120517264,4.56,5.251401138854213,9.009287470115094,4.56,4.964649147697923,7.229572482069055,17.90786241034528,10,0.028920531272888184,4.964823057412108,6.31241420481249
ant218459d34be873644a3458c305903,10000180,2026-06-23,1.23,3.5900000000000003,1.51,1.51,23.040596586794994,1.51,1.51,23.040596586794994,1.51,1.51,23.040596586794994,1.51,1.51,23.040596586794994,27.346715904153992,4.75,4.75,27.791516234260527,4.75,4.75,27.791516234260527,4.75,4.75,27.791516234260527,4.75,4.75,27.791516234260527,32.39981948111263,1,1.1920928955078125e-07,6.259780087951398,7.578294689043195
ant21a5f560d73a83c679cd214e42f03,10000129,2026-06-02,6.3500000000000005,7.08,1.94,4.2633333333333345,5.911721835325612,1.94,3.77,5.117377468260489,1.94,3.77,5.117377468260489,1.94,3.77,5.117377468260489,8.29475493652098,3.13,4.72,7.066878655455132,3.13,4.114,6.279502924364106,3.13,4.114,6.279502924364106,3.13,4.114,6.279502924364106,9.429005848728211,5,1.1920928955078125e-07,4.965777654475774,4.155979203971957
ant21ea0abc81d363b44be109da3c303,10000227,2026-07-21,0.07,0.37,0.43,0.5560759304556566,7.4091608091616425,0.43,0.5504402902155795,6.013328647329314,0.43,0.4673162239490227,4.152219098219543,0.43,0.4723355189850751,3.531849248516286,11.596657294658629,1.43,1.281250544734518,9.146950088438492,1.14,1.1698004680733358,7.458560070750794,1.06,0.9177364340401329,5.299040047167197,0.96,0.9296711146911366,4.520311150417108,13.777120141501587,10,0.008467137813568115,4.241761520836374,3.6898232081834657
ant21ea0abc81d363b44be109da3c303,10000256,2026-07-21,0.2299999999999999,0.7400000000000001,0.42,0.7486395007840817,8.336047374945366,0.42,0.720664925861108,6.752837899956292,0.42,0.720664925861108,6.752837899956292,0.42,0.720664925861108,6.752837899956292,13.085675799912584,1.2399999999999998,1.3860454458936353,10.142829020411646,1.2399999999999998,1.2492035979593106,8.362263216329318,1.2399999999999998,1.2492035979593106,8.362263216329318,1.2399999999999998,1.2492035979593106,8.362263216329318,15.484526432658635,5,0.008467137813568115,4.465103190247719,4.05693757499034
ant228376a92e20f36e88bba106c4503,10000182,2026-07-15,1.2600000000000002,2.28,0.24,0.21,2.0248753358904814,0.15,0.178,1.6229002687123852,0.24,0.352,1.1919335124749235,0.24,0.5625,0.8111601074849539,3.0958005374247706,0.55,0.4866666666666667,2.412937293487825,0.24,0.37800000000000006,1.8853498347902602,0.53,0.654,1.5302332231935067,0.47,1.044,1.0821399339161037,3.53069966958052,10,1.1920928955078125e-07,3.9655711656644552,3.960480460293788
ant22ae0f0c1335936a4b36e90e55c03,10000083,2026-03-16,28.17,34.59,7.8,9.012637432210042,12.15934143579139,7.8,9.861721399887461,11.287473148633113,5.390000000000001,7.8817927800792456,8.518315432422076,5.3,6.7371296136965775,7.35977093418831,14.774946297266226,8.38,10.42361260385901,13.900916460902549,8.38,11.118614753350426,12.796733168722039,6.239999999999999,9.199482336127456,9.897822112481359,3.74,7.674517395660713,6.669014421183495,17.21346633744408,10,0.1300676465034485,27.332098220748524,19.1605444325272
ant2302d7bd9fd37305ba7bc1406cf03,10000234,2026-03-18,0.44,1.0,0.28,0.17202992756794638,8.385199343771694,0.28,0.17202992756794638,8.385199343771694,0.28,0.17202992756794638,8.385199343771694,0.28,0.17202992756794638,8.385199343771694,11.62727908128037,0.5800000000000001,0.3935062385264529,9.396777821617318,0.5800000000000001,0.3935062385264529,9.396777821617318,0.5800000000000001,0.3935062385264529,9.396777821617318,0.5800000000000001,0.3935062385264529,9.396777821617318,12.923488950264247,2,0.14493227005004883,4.154155255285306,3.4346827199327565
ant2302d7bd9fd37305ba7bc1406cf03,10000149,2026-04-02,0.97,1.04,4.41,3.3302153158431262,7.57996585170323,4.41,3.624797314033258,6.9459726813625835,4.61,5.680904757456694,6.233981787575056,4.41,4.945577562235781,5.424389072545034,9.481945362725167,6.509999999999999,5.82362512868901,10.344046733759278,7.59,6.535175815291191,10.117237387007423,7.59,8.577164802285033,9.274824924671616,6.819999999999999,7.005893670027175,7.984894954802968,12.644474774014846,10,0.10474562644958496,5.48659165079002,8.131033226219822
ant2320a56ce7653302196fd3d063c03,10000193,2026-07-27,2.22,4.380000000000001,0.12,0.925262186898551,3.3786118944247825,0.12,0.6132800624056409,2.7268895155398263,0.12,0.47857292291065584,1.8579263436932179,0.18,0.5410877602599516,1.6958173620822503,5.3337790310796525,0.49,1.898333785146182,3.077049134420473,0.49,1.3567331742428164,2.559639307536379,0.49,1.0928866141475901,1.869759538357586,0.63,1.0113932788900561,1.8062584161978696,4.629278615072757,10,0.07232367992401123,3.915636654533259,3.3762559533043515
ant2379ec8bf79923a8bb7e674a45f03,10000083,2026-03-16,30.509999999999994,38.48,8.63,7.367973865354231,12.470591435791391,1.97,4.999033844047797,8.372473148633112,4.55,7.973985683055832,7.958315432422076,6.870000000000001,7.786985477173363,8.588466586362223,14.774946297266226,9.13,10.204784573238511,14.182166460902549,2.33,6.819669344981426,9.77173316872204,6.58,10.106117413524919,10.124488779148027,6.989999999999999,9.627336695947792,9.21249268205306,17.21346633744408,10,0.08666855096817017,10.646195600844152,9.825298444248324
ant23d69eed0043d3a2f80e68a071c03,10000193,2026-07-05,1.4200000000000002,2.6099999999999994,2.0,2.139408273753888,4.083611894424783,1.64,1.7345164423330397,3.486889515539826,0.8,1.1229094469860479,2.311259677026551,0.8,1.024259713666133,1.7067558062159305,5.3337790310796525,3.75,3.977102913769529,4.299549134420474,3.11,3.253473822664893,3.869639307536379,1.5399999999999996,2.1996569735820315,2.5697595383575855,1.5399999999999996,2.030248986360428,2.157855723014551,4.629278615072757,10,0.14360833168029785,4.611529569915418,4.346793113707557
ant248747d80d13832d8986c94a30803,10000129,2026-07-07,4.53,4.98,1.2100000000000002,1.0871819917362402,5.6379718353256125,1.07,1.0450368971385997,4.68237746826049,1.07,2.447445408343905,3.4782516455069934,1.07,2.7082483871623158,2.5149509873041955,8.29475493652098,1.34,1.2405988403408317,6.395628655455132,1.34,1.5968700382043306,5.384502924364106,1.34,2.9854170881083144,4.036335282909404,1.33,3.1934936954978888,2.949801169745642,9.429005848728211,10,0.06123971939086914,5.828786566645552,4.9468762338746455
ant249f248ed06e23ec98f924ac9d103,10000149,2026-03-17,4.31,4.91,2.91,2.5856135007783676,7.01746585170323,4.300000000000001,6.079570275149599,6.890972681362584,2.91,3.969390406933593,5.100648454241723,3.2999999999999994,3.944505048075701,4.536389072545033,9.481945362725167,3.93,3.1741536265942676,9.376546733759278,4.489999999999999,6.410433859911146,8.567237387007422,3.93,4.547502793564543,6.834824924671616,3.93,4.795806206990897,5.672894954802969,12.644474774014846,10,0.05804705619812012,6.318454870195325,9.14805766146294
ant258931b4b5ba1302f9a5cb2aa0703,10000251,2026-04-26,2.15,3.66,3.76,2.662698356563322,4.117714203583235,3.72,2.998446739315433,4.026171362866588,3.3600000000000003,2.7101960854375076,3.6841142419110593,1.86,1.9444658621134974,2.354468545146635,4.332342725733176,6.97,4.886794347347096,6.668553265693751,5.86,5.20807816520528,6.173842612555001,5.59,4.669597262581917,5.88922840837,2.47,3.2611976796507274,3.2735370450220005,6.487685225110002,10,0.10127139091491699,4.043771405769983,4.543638299263311
ant266ec1e8c3c0337a9b42860a88603,10000050,2026-06-16,0.5,2.51,2.34,4.320985256669118,5.508747957934029,1.25,2.862327287133232,4.329998366347223,2.25,3.153568163899644,3.969998910898149,2.25,4.0527619107081385,3.767646097851307,7.409996732694445,1.61,5.793939553022752,6.0104046179877315,0.56,3.7315779680251295,4.605323694390186,1.61,4.659346708177876,3.9568824629267905,1.61,5.263580523216004,3.6807786437589325,8.65064738878037,10,0.06087982654571533,4.331075372350245,3.78720798084857
ant26c2034439eeb3f929f9ebfa6b903,10000287,2026-04-03,0.37,0.0,0.91,0.9644718054044575,32.691482593517804,0.91,1.0457342109059882,29.160206749793605,0.91,1.0457342109059882,29.160206749793605,0.91,1.0457342109059882,29.160206749793605,51.76037214962849,0.08,0.23115193194175507,37.02613792008284,0.08,0.1751686723275937,32.921011484518075,0.08,0.1751686723275937,32.921011484518075,0.08,0.1751686723275937,32.921011484518075,59.19382067213254,4,0.08734369277954102,8.814953873504038,9.994579915594088
ant2775847a123073f24888636714f03,10000182,2026-07-13,1.48,2.43,0.24,0.21,2.0248753358904814,0.15,0.178,1.6229002687123852,0.24,0.352,1.1919335124749235,0.24,0.5625,0.8111601074849539,3.0958005374247706,0.55,0.4866666666666667,2.412937293487825,0.24,0.37800000000000006,1.8853498347902602,0.53,0.654,1.5302332231935067,0.47,1.044,1.0821399339161037,3.53069966958052,10,1.1920928955078125e-07,3.804422926410124,3.658381721256344
ant27db9b323d3723651b0fec0207203,10000251,2026-03-16,4.15,7.35,0.3,1.0083603690130325,2.820214203583235,0.3,0.6329209064310405,2.316171362866588,0.3,1.4261016833041433,1.6441142419110588,2.44,2.3542761057852766,2.818468545146635,4.332342725733176,1.07,2.145129435169043,4.456053265693751,0.9200000000000002,1.4083655167505928,3.703842612555001,1.07,2.690822835689605,2.8758950750366674,3.86,4.093465972867565,4.385537045022,6.487685225110002,10,0.032412707805633545,4.937262368064939,6.772023802681211
ant2907cfc584ebf348b9ff1f7512e03,10000168,2026-03-24,0.4399999999999999,0.27,0.3500000000000001,0.36761700217752574,3.0823885372000577,0.3500000000000001,0.3684705428831907,2.535910829760046,0.33,0.3552729968925393,1.793940553173364,0.3500000000000001,0.5240126711001305,1.2243643319040183,4.721821659520092,0.31,0.3032152060306687,2.4571065200880255,0.31,0.3735127576727789,2.02768521607042,0.31,0.35773948504640896,1.4551234773802806,0.1699999999999999,0.5702381633944379,0.8850740864281679,3.7453704321408408,10,0.05784475803375244,3.571793838531738,2.125128428720607
ant2a15df999c5313154ad505c370a03,10000190,2026-03-20,0.33,0.71,29.162930263433722,29.162930263433722,29.162930263433722,29.162930263433722,29.162930263433722,29.162930263433722,29.162930263433722,29.162930263433722,29.162930263433722,29.162930263433722,29.162930263433722,29.162930263433722,29.162930263433722,33.20322036661775,33.20322036661775,33.20322036661775,33.20322036661775,33.20322036661775,33.20322036661775,33.20322036661775,33.20322036661775,33.20322036661775,33.20322036661775,33.20322036661775,33.20322036661775,33.20322036661775,0,,6.489917852047356,7.097145692338385
ant2a15df999c5313154ad505c370a03,10000218,2026-03-20,0.5399999999999999,1.03,11.94139188402882,11.94139188402882,11.94139188402882,11.94139188402882,11.94139188402882,11.94139188402882,11.94139188402882,11.94139188402882,11.94139188402882,11.94139188402882,11.94139188402882,11.94139188402882,11.94139188402882,14.035903702160569,14.035903702160569,14.035903702160569,14.035903702160569,14.035903702160569,14.035903702160569,14.035903702160569,14.035903702160569,14.035903702160569,14.035903702160569,14.035903702160569,14.035903702160569,14.035903702160569,0,,4.544479894664168,4.139080489944081
ant2a394cc4bf02a38ef9182132bfb03,10000208,2026-03-19,0.54,0.5800000000000001,0.26,0.5274522490077778,4.477533166235084,0.27,0.7840524635016602,3.6390265329880673,0.27,0.7675420126051978,3.332751393625516,0.27,0.7675420126051978,3.332751393625516,7.008053065976134,0.31,0.7947302449042201,5.344531845058195,0.31,1.1954486822411448,4.337625476046556,0.31,1.154915543641873,3.971477705496869,0.31,1.154915543641873,3.971477705496869,8.365250952093112,6,0.13370048999786377,3.969445068025297,3.21022236307581
ant2b1df7c4a74bb334aa066ab858703,10000288,2026-07-21,0.51,0.79,0.7400000000000001,0.6733333333333335,9.743335258656131,0.5,0.6300000000000001,8.636298007694338,0.5,0.6300000000000001,8.636298007694338,0.5,0.6300000000000001,8.636298007694338,15.14533641384981,0.0,0.0,10.635622791651025,0.0,0.1625,9.453886925912023,0.0,0.1625,9.453886925912023,0.0,0.1625,9.453886925912023,17.01699646664164,4,1.1920928955078125e-07,4.889466983763184,4.071872787679951
ant2b1df7c4a74bb334aa066ab858703,10000303,2026-07-21,0.87,0.0,2.22,2.0266666666666664,6.130208099696324,2.22,2.0266666666666664,6.130208099696324,2.22,2.0266666666666664,6.130208099696324,2.22,2.0266666666666664,6.130208099696324,8.476332959514119,0.0,0.0,4.834568634327804,0.0,0.0,4.834568634327804,0.0,0.0,4.834568634327804,0.0,0.0,4.834568634327804,7.735309814924486,3,1.1920928955078125e-07,4.416429320368696,2.3434814720301373
ant2bbd15a621aea364db386399d7703,10000084,2026-03-23,1.16,1.61,8.0,6.953333333333334,8.541205224361576,8.0,6.953333333333334,8.541205224361576,8.0,6.953333333333334,8.541205224361576,8.0,6.953333333333334,8.541205224361576,8.865928358978522,13.19,10.816666666666666,16.1386640064658,13.19,10.816666666666666,16.1386640064658,13.19,10.816666666666666,16.1386640064658,13.19,10.816666666666666,16.1386640064658,17.90786241034528,3,1.1920928955078125e-07,8.310768402448364,11.772974428552166
ant2bcfdf05ca1ed3515b67125aa4103,10000038,2026-04-14,0.93,0.6400000000000001,0.18,1.1305888564014595,4.640944000646633,0.18,0.8034101104371111,3.7487552005173064,0.42,3.222091497837231,2.7191701336782046,1.17,3.1052695823553953,2.399502080206922,7.317510401034613,0.26,1.3571484760602222,5.424205846777746,0.26,0.9152822017618444,4.391364677422197,0.26,4.25993604518986,3.014243118281465,1.01,4.185688621496641,2.5125458709688786,8.522729354844394,10,0.0580066442489624,5.268354160015182,5.4845141999530895
ant2c0058c067963331790433db29b03,10000193,2026-06-16,1.19,2.43,0.49,0.4924487855632133,3.5173618944247824,0.81,0.7207208225551719,3.0718895155398265,0.77,0.862728118407442,2.291259677026551,0.81,0.9211065007645954,1.7147558062159305,5.3337790310796525,1.03,1.091909704452347,3.2795491344204732,1.6900000000000002,1.510109432044952,3.159639307536379,1.61,1.7457231667165636,2.6164262050242524,1.61,1.670548256595682,2.2138557230145515,4.629278615072757,10,0.09553372859954834,3.7159428096602864,2.7445572774533007
ant2c08d5c066a45367f87aec1ae7103,10000243,2026-03-16,0.28,0.55,0.02,0.3879744779276201,11.212669032063246,0.41,0.4085093740714717,9.169135225650598,0.41,0.43785143162051454,6.249423483767066,0.41,0.3858148430906089,5.562432485676821,17.928270451301195,0.14,0.7442475657568358,13.038854429742688,0.73,0.7583211812486806,10.75408354379415,0.48,0.6903338229710347,7.246055695862768,0.48,0.6272715079039954,6.4500491434083225,20.7781670875883,10,0.07869929075241089,4.934322581821198,4.446019078284144
ant2c08d5c066a45367f87aec1ae7103,10000246,2026-03-16,0.11,0.24,0.29,0.2263571782533521,20.48669295380072,0.27,0.20146363517499039,16.437354363040576,0.29,0.278370958031816,13.754461969200479,0.29,0.278370958031816,13.754461969200479,32.60470872608115,0.4999999999999999,0.4262384726451085,23.63999500215758,0.4999999999999999,0.39273510145421403,19.011996001726065,0.15,0.3171238354456811,15.722496668105054,0.15,0.3171238354456811,15.722496668105054,37.52399200345213,7,0.08683514595031738,6.536502709674888,6.754540766701121
ant2c40c433bf210372cadac216e8a03,10000238,2026-06-09,0.56,1.16,0.21,0.21,11.199116748524602,0.21,0.21,11.199116748524602,0.21,0.21,11.199116748524602,0.21,0.21,11.199116748524602,13.396940098229521,0.45,0.45,11.303896159118509,0.45,0.45,11.303896159118509,0.45,0.45,11.303896159118509,0.45,0.45,11.303896159118509,13.474675390942211,1,1.1920928955078125e-07,4.563924685435154,4.0022701364667
ant2cc4c0e1c1d6536b7a4e8fff20b03,10000038,2026-03-26,0.07,0.0,0.7500000000000001,0.9560280396638129,4.854694000646633,0.58,0.7112688860054318,3.9487552005173066,0.7500000000000001,1.701921705889438,2.939170133678205,0.47,1.182866326775075,1.8395020802069224,7.317510401034613,0.79,0.9971482233348304,5.622955846777746,0.48,0.7009330198563151,4.501364677422197,0.79,2.403621740500806,3.3675764516147986,0.48,1.65720856131905,2.0885458709688782,8.522729354844394,10,0.08675253391265869,4.455281766668114,3.699984510130194
ant2cfdaba8b346d317e9e192e899103,10000168,2026-05-18,0.36,0.71,0.32,0.29333333333333333,3.0711385372000577,0.32,0.636,2.520910829760046,0.32,0.5466666666666667,1.8920791641143184,0.32,0.5466666666666667,1.8920791641143184,4.721821659520092,0.14,0.1366666666666667,2.393356520088026,0.14,0.9880000000000002,1.9426852160704204,0.2,0.8011111111111112,1.4662037257645857,0.2,0.8011111111111112,1.4662037257645857,3.7453704321408408,9,1.1920928955078125e-07,3.652946090040636,2.48535164385536
ant2d580aeaca8213de084b320781e03,10000038,2026-03-16,14.96,20.47,0.87,0.6362491900533795,4.899694000646633,0.91,2.987858902589739,4.113755200517306,2.24,4.948514345624391,3.9325034670115384,2.24,4.744077153289316,3.2555020802069228,7.317510401034613,1.14,0.796384798655099,5.754205846777746,1.2,4.082169654825902,4.861364677422197,3.0,6.6475762696798295,4.840909784948131,3.0,6.516941949019249,4.104545870968879,8.522729354844394,10,0.08512067794799805,4.780657824693726,4.943218918942637
ant2d72718a3b0763456bc9151089e03,10000099,2026-07-06,0.5900000000000001,1.65,3.95,6.816693708419382,9.098042701527671,3.95,6.246424857037355,8.068434161222136,3.95,5.166581811779732,6.695622774148092,2.15,4.543701949578832,5.102020094836551,12.186868322444273,4.78,6.889762411894601,10.655944125512427,4.78,6.987695944405882,9.48075530040994,4.78,5.811861418227219,7.9138368669399615,4.52,5.147132654558878,7.361620764947023,14.181510600819882,10,0.08662152290344238,6.107349256519493,7.259123117810957
ant2dd1c59938a2e72a62f357b27fc03,1380389889,2026-03-16,3.28,3.5,18.12,27.367196075862402,30.439843461110996,18.12,25.733663023105496,27.975874768888794,18.12,21.219942833311176,24.6905831792592,14.39,18.946147126409493,19.078349907555516,37.83174953777759,22.32,31.11496286271941,35.66295479785127,22.32,30.225865775823973,32.99436383828102,22.32,23.861995034687613,29.436242558854012,14.9,21.008986374709995,20.653745535312403,43.66872767656203,10,0.08700942993164062,16.39261055612991,21.484519226946254
ant2de4c66a011c73b0e81aff3a8ca03,10000243,2026-03-16,0.3399999999999999,0.6900000000000001,1.23,1.23,15.14522537608433,1.23,1.23,15.14522537608433,1.23,1.23,15.14522537608433,1.23,1.23,15.14522537608433,17.928270451301195,0.32,0.32,17.368472572990253,0.32,0.32,17.368472572990253,0.32,0.32,17.368472572990253,0.32,0.32,17.368472572990253,20.7781670875883,1,0.10514891147613525,5.1651795466172885,4.794817037017024
ant2dfee3d0df5773289b0bf4419cd03,10000038,2026-03-16,1.01,0.12,0.61,0.6795119974667309,4.802194000646633,1.01,1.4198338940332111,4.163755200517307,1.01,1.972065686918263,3.112503467011538,1.04,3.577451713309631,2.2955020802069224,7.317510401034613,0.19,0.2403123917585027,5.397955846777746,0.22,1.3617236355517086,4.371364677422197,0.22,1.7158624212587439,2.9875764516147982,0.64,4.108321143860693,2.2165458709688783,8.522729354844394,10,0.028931856155395508,4.649500400161347,3.719617596668491
ant2f04e07115b393dd1a0cbf1167703,10000038,2026-04-10,1.37,3.4599999999999995,3.37,7.036759025081329,5.837194000646633,3.37,6.517586815518193,5.343755200517307,1.2400000000000002,5.257743241852976,3.2658368003448714,1.2400000000000002,4.6465634000824645,2.4555020802069225,7.317510401034613,3.75,9.056134232430493,6.732955846777746,3.75,9.768869511396687,6.136364677422197,0.87,7.87771588749114,3.420909784948132,0.87,5.882625699177203,2.4005458709688785,8.522729354844394,10,0.07260370254516602,4.665126206224579,5.171142617520971
ant2f39417dc1b6c36e8a421a1722303,10000168,2026-06-17,0.65,1.0699999999999998,0.32,0.29333333333333333,3.0711385372000577,0.32,0.636,2.520910829760046,0.32,0.5466666666666667,1.8920791641143184,0.32,0.5466666666666667,1.8920791641143184,4.721821659520092,0.14,0.1366666666666667,2.393356520088026,0.14,0.9880000000000002,1.9426852160704204,0.2,0.8011111111111112,1.4662037257645857,0.2,0.8011111111111112,1.4662037257645857,3.7453704321408408,9,1.1920928955078125e-07,4.789398642966859,3.3485163912979754
ant2f6d87aaf5f0e377abb5fd509ba03,10000182,2026-07-04,0.19,0.3399999999999999,0.05,1.0014265880712967,1.9536253358904816,2.68,1.7742456669040059,2.8879002687123854,0.61,1.285463791796791,1.43860017914159,0.61,1.0554791768488714,1.107160107484954,3.0958005374247706,0.21,1.9413893096633434,2.285437293487825,5.16,3.5148386185223033,4.345349834790261,0.5700000000000001,2.4537877262917562,1.5568998898601736,0.5700000000000001,1.9761169075068987,1.1621399339161038,3.53069966958052,10,0.04341530799865723,3.2884604820144547,2.597246459182468
ant2ff9ac6223a973e019024e8b92303,10000182,2026-05-17,0.2099999999999999,0.48,0.24,0.21,2.0248753358904814,0.15,0.178,1.6229002687123852,0.24,0.352,1.1919335124749235,0.24,0.5625,0.8111601074849539,3.0958005374247706,0.55,0.4866666666666667,2.412937293487825,0.24,0.37800000000000006,1.8853498347902602,0.53,0.654,1.5302332231935067,0.47,1.044,1.0821399339161037,3.53069966958052,10,1.1920928955078125e-07,3.3335637344703466,2.545585492048541
01e6e515c4737ef4bfc97f0cf116f103,10000279,2026-04-23,99.92000000000002,184.31,576.82,627.1725130677474,416.6100858806835,576.82,603.7120951662938,448.6520687045468,576.82,603.771057946729,491.3747124696979,576.82,603.771057946729,491.3747124696979,320.4841374090936,495.55,652.1599148771901,400.7086701551075,495.55,621.5238512802421,419.676936124086,495.55,627.4593345352183,444.96795741605735,495.55,627.4593345352183,444.96795741605735,343.803872248172,10,0.09185761213302612,489.21385380291895,540.7857728642214
01e6e515c4737ef4bfc97f0cf116f103,10000295,2026-04-24,134.39999999999998,315.43000000000006,31.98,28.29220818297314,99.5887333061107,48.91,77.8667783149713,94.53198664488855,48.91,77.8667783149713,94.53198664488855,48.91,77.8667783149713,94.53198664488855,140.1539732897771,85.48,180.15122109059223,169.1664327520497,166.59,180.2735636987997,192.98414620163976,166.59,180.2735636987997,192.98414620163976,166.59,180.2735636987997,192.98414620163976,219.37829240327952,5,0.15792274475097656,239.2427823889784,278.81495373459467
01e6e515c4737ef4bfc97f0cf116f103,10000304,2026-06-15,2874.1400000000003,3958.82,1912.23,3640.5052037488636,1724.3276837597455,1912.23,3640.5052037488636,1724.3276837597455,1912.23,3640.5052037488636,1724.3276837597455,1912.23,3640.5052037488636,1724.3276837597455,1649.1667572636434,2232.1,3567.6009385351,1996.107191318034,2232.1,3567.6009385351,1996.107191318034,2232.1,3567.6009385351,1996.107191318034,2232.1,3567.6009385351,1996.107191318034,1901.7100678452473,2,0.2888920307159424,3559.6769025164385,2188.9641321529134
07664cc819a85c658dcf1919c240cf03,10000096,2026-04-16,1277.48,1236.2800000000002,2412.95,3103.953091247774,1837.123473289777,2412.95,2905.6762851381013,1952.2887786318215,2284.82,2532.173190904649,2020.422519087881,2284.82,2474.3750967614587,2051.528105077542,1491.6275572636432,2903.78,3491.0328932465077,2162.39854240328,2903.78,3310.7882635143865,2310.6748339226237,2546.4300000000003,2948.3191176849086,2270.143222615083,2546.4300000000003,2819.607576251188,2302.647549366249,1717.5696678452473,10,0.14963865280151367,3153.654083801638,2892.0213513268595
bd871c7f2303a38d91e7c7dd0e13fb03,10000292,2026-05-28,729.4000000000001,900.73,824.29,1044.1466666666668,744.2081484023279,520.69,799.586,608.4245187218623,515.99,678.3816666666668,597.8850170198748,515.99,678.3816666666668,597.8850170198748,696.1590374437245,1313.47,1171.9666666666667,937.0809624769713,587.71,883.5080000000002,649.4787699815771,573.0600000000001,756.255,635.8725181650701,573.0600000000001,756.255,635.8725181650701,711.2475399631542,6,1.1920928955078125e-07,328.02500967073433,292.64506300045974
e4e74a5aa178169a3a3f95ccc2997103,1380460970,2026-03-16,2738.33,3202.14,3346.5,3819.4748958201662,2566.8044296054313,3109.0799999999995,3473.5341119987165,2604.033543684345,2637.02,2982.5479040516148,2457.6756957895636,3346.5,3261.330277180939,3096.997417473738,2098.9870873686905,3923.43,4578.966043673445,3151.9507180018218,3923.43,4414.173862983147,3306.246574401457,3851.07,3697.130504635502,3463.7343829343054,3984.4,4101.1829999166075,3725.332629760583,2689.063148802915,10,0.08423042297363281,1328.3533078813025,1621.535294485509
d0e85c61fcaec9f9962d0315c85b6603,10000078,2026-03-16,350.55,494.03,539.47,805.9683026143607,398.72716017264827,539.47,805.9683026143607,398.72716017264827,539.47,805.9683026143607,398.72716017264827,539.47,805.9683026143607,398.72716017264827,314.28145627623724,585.05,993.1824471047074,463.91835077553753,585.05,993.1824471047074,463.91835077553753,585.05,993.1824471047074,463.91835077553753,585.05,993.1824471047074,463.91835077553753,391.2393612408601,3,0.11577284336090088,242.2650932832109,322.5318502216174
ant90ba3ecc132515dcd70d76139a503,10000019,2026-05-02,9.34,10.9,14.63,11.343876554961069,61.73621841207501,14.63,12.102780275903832,52.31497472966001,6.739999999999999,8.47840312574177,34.49331648644001,6.739999999999999,9.568445289069457,23.391989891864,89.99994945932002,16.6,13.164434665307114,74.71307561681273,16.6,14.2551969647201,63.090460493450195,8.16,10.116333512529625,41.96697366230013,8.16,11.86116761568836,28.444184197380075,109.58092098690038,10,0.07223016023635864,47.55385114030932,67.62175967469679
d75b46302b3a46fb60c6bc11e353df03,1380389889,2026-04-10,410.66,500.53,6.07,6.07,32.53812461481466,6.07,6.07,32.53812461481466,6.07,6.07,32.53812461481466,6.07,6.07,32.53812461481466,37.83174953777759,7.95,7.95,37.715606397135026,7.95,7.95,37.715606397135026,7.95,7.95,37.715606397135026,7.95,7.95,37.715606397135026,43.66872767656203,1,1.1920928955078125e-07,85.33666456974626,86.56364794591882
9e7c8c15651416aeef148e2a11519803,10000278,2026-04-11,201.14,359.87999999999994,95.84,134.93659281851453,231.3752531343814,95.84,749.9551441643894,204.26820250750512,77.11,441.8228857414857,155.63880167167008,121.24,494.9386113506261,159.53128100300205,312.69640501501027,203.16,172.66270214582914,295.6663189630376,203.16,741.8534841978084,277.1650551704301,203.16,483.61515759185596,252.4967034469534,209.93,601.9575488803537,238.17802206817203,351.1701103408602,10,0.07222515344619751,199.42386515743715,324.0115752426094
9e7c8c15651416aeef148e2a11519803,10000279,2026-04-11,61.96,125.07999999999998,320.74,414.852456060302,320.5800858806835,320.74,356.08521506052483,320.6120687045468,299.48,294.53094545660787,306.4813791363646,299.48,290.6676278876009,303.6808274818187,320.4841374090936,306.72,514.2269836485953,329.8974201551075,323.51,449.6624283203513,333.656936124086,323.51,396.36177063395127,330.274624082724,323.51,362.00992185748,327.56877444963436,343.803872248172,10,0.07223701477050781,325.53174656037885,526.8499973727315
218d7eb23a2f31d8e2f244d2b6726703,10000304,2026-07-01,2913.42,2928.06,2998.45,3337.0041570774506,2155.147973289777,4150.870000000001,4084.1307724632534,2900.018378631822,4150.870000000001,3809.0317620071914,3257.4045561655876,4150.870000000001,3809.0317620071914,3257.4045561655876,1649.1667572636434,4291.99,3588.2056111482425,2798.065042403279,4991.6,4452.373540935311,3446.6550339226237,4891.7,4429.542261370454,3823.8464528018744,4891.7,4429.542261370454,3823.8464528018744,1901.7100678452473,9,0.1300373077392578,4337.69589531904,4011.786878534973
antdabf31cd94bc97e50ec931351b703,10000041,2026-07-14,26.99,27.16,4.69,7.155973183216023,25.716577665159786,4.69,8.542456365473,21.51126213212783,8.639999999999999,12.015027580013689,19.244472951519878,8.639999999999999,12.015027580013689,19.244472951519878,38.33252426425566,6.98,8.424714285809388,30.760208645457425,6.98,9.934276894998126,26.00416691636594,7.87,13.421737547641527,21.140833511689955,7.87,13.421737547641527,21.140833511689955,45.02833383273188,9,0.04378008842468262,16.692357279686366,22.42549440275695
087ef88cad2ec06934d0ab0d58400803,10000001,2026-05-18,0.07,0.0,0.08,0.09333422340821296,10.736414336728158,0.12,0.14186270932845654,8.625131469382527,0.12,0.12711929887775592,5.790087646255018,0.08,0.11719410634848856,4.566911299675015,17.130262938765053,0.0,0.0,12.287861945583167,0.0,0.0,9.830289556466534,0.0,0.0,6.55352637097769,0.0,0.0,5.173836608666598,19.660579112933068,10,0.08667647838592529,10.361990212864873,12.070368785256354
antfaf91723ceafaecfe0d9ee3404c03,10000006,2026-04-17,18.8,12.8,9.349999999999998,14.290325467500697,21.206776681336123,9.77,14.42497636733816,19.045421345068902,13.86,15.993552370884508,18.680280896712603,13.86,13.757884476091824,16.75216853802756,28.320842690137802,9.239999999999998,15.004828670102238,26.177997124718875,14.29,15.519318319230955,25.3153976997751,14.29,15.640591019143598,21.6402651331834,13.31,14.907900794131596,17.91615907991004,36.3407953995502,10,0.01942908763885498,12.974319361075349,11.845648391933828
antfcty010000057612if25070800003,10000054,2026-05-09,0.1299999999999999,0.04,6.98,6.319924296422723,16.455263087460196,6.98,17.723518217162315,14.560210469968156,7.51,15.341190881894093,12.386806979978772,6.98,15.111296802857689,10.012084187987263,22.140420939936313,8.79,7.8795720042123145,21.294159357728486,8.79,25.002502572609192,18.79332748618279,8.79,21.760118073464046,15.458884990788526,8.5,20.684151473239414,12.559330994473115,28.796654972365577,10,0.08706074953079224,7.832723782542941,7.720315301847751
antys65d8304f85a0549bd04a63f0d03,10000193,2026-05-10,0.4,0.8600000000000001,0.4,0.6066666666666668,3.4836118944247825,0.3,0.45,2.816889515539826,0.3,0.598,1.9779263436932177,0.3999999999999999,0.874,1.3867558062159304,5.3337790310796525,0.84,1.21,3.208299134420473,0.69,0.932,2.659639307536379,0.69,1.2349999999999999,2.003092871690919,0.8099999999999999,1.7244999999999997,1.5738557230145513,4.629278615072757,10,1.1920928955078125e-07,3.659572748875302,2.659441707443833
ant1ef4c67c8208d8efb59e286ae4d04,10000006,2026-03-16,28.62,30.55,80.42,70.03047827489708,47.85802668133613,80.42,72.47091156614276,54.370421345068905,66.27000000000001,55.409994706676954,53.62028089671261,36.38,42.99947312963021,34.76816853802756,28.320842690137802,85.96,74.24686632298663,54.947997124718874,85.96,204.79906142525888,61.1503976997751,76.81,128.50333240780037,63.3202651331834,38.05,86.39067447265225,37.70815907991004,36.3407953995502,10,0.07227885723114014,15.327165536745452,22.416590511771357
ant200de0d83c70337888d790ef54304,10000256,2026-05-11,1.78,2.82,1.84,1.7690513644172519,8.868547374945365,1.84,1.5249376687389697,7.462837899956292,1.84,1.5568159742306187,5.856312785683065,1.84,1.5568159742306187,5.856312785683065,13.085675799912584,2.91,2.789540678802625,10.769079020411647,2.91,2.473022485800757,9.197263216329318,2.1999999999999997,2.2692843799259346,6.944473725949512,2.1999999999999997,2.2692843799259346,6.944473725949512,15.484526432658635,9,0.07281476259231567,4.683840756432755,4.42970844676015
ant20cb115ab21703362af40f0cad404,10000168,2026-06-20,0.35,0.39,0.32,0.29333333333333333,3.0711385372000577,0.32,0.636,2.520910829760046,0.32,0.5466666666666667,1.8920791641143184,0.32,0.5466666666666667,1.8920791641143184,4.721821659520092,0.14,0.1366666666666667,2.393356520088026,0.14,0.9880000000000002,1.9426852160704204,0.2,0.8011111111111112,1.4662037257645857,0.2,0.8011111111111112,1.4662037257645857,3.7453704321408408,9,1.1920928955078125e-07,3.561052329746893,2.3269950600913623
ant20d0626c2bee83d3eb1129d7d1e04,10000168,2026-03-18,0.3299999999999999,0.01,0.3199999999999999,0.5439889092392179,3.0711385372000577,0.49,0.8199980988400394,2.605910829760046,0.49,0.9984364796902888,1.9006072198400308,0.49,1.054048051898364,1.3363643319040182,4.721821659520092,0.02,0.21652824538634205,2.3483565200880254,0.02,1.017438841635482,1.8826852160704204,0.19,1.6390308077890567,1.3751234773802805,0.53,1.8031588177503106,1.173074086428168,3.7453704321408408,10,0.0619053840637207,3.9064717363681742,3.1319884835913405
ant211d815f931a3338d98afaedd6204,10000193,2026-06-08,2.1300000000000003,2.54,0.07,0.36036792585101884,3.3598618944247827,0.32,0.48433619632355035,2.8268895155398264,0.93,1.4379204603362348,2.397926343693218,1.08,1.6233525204957202,2.2616052864110148,5.3337790310796525,0.28,0.8488126633219956,2.9982991344204732,0.76,1.075508104892048,2.6946393075363786,1.94,2.7757934053017617,2.8364262050242526,2.17,2.6612554086389433,2.8531329486313215,4.629278615072757,10,0.11276990175247192,4.540973079784049,4.0739162325506095
ant21344b5ce5e3b354a89a34c7b0604,10000227,2026-05-27,0.2799999999999999,0.41,0.2,0.42000000000000004,7.322910809161643,0.2,0.45000000000000007,6.531476274810349,0.2,0.45000000000000007,6.531476274810349,0.2,0.45000000000000007,6.531476274810349,11.596657294658629,0.38,0.7666666666666666,8.753200088438492,0.38,0.825,7.822844523056437,0.38,0.825,7.822844523056437,0.38,0.825,7.822844523056437,13.777120141501587,4,1.1920928955078125e-07,4.55384074943606,4.076071374118812
ant214f2dbc6bb3d3d9180e1ca7d1904,10000038,2026-06-30,1.9100000000000004,2.3800000000000003,0.8300000000000001,1.8683989792332696,4.8846940006466335,0.8300000000000001,1.5605551336816685,4.073755200517306,0.8000000000000002,1.3334939001061001,2.9725034670115384,0.8300000000000001,3.831497442813021,2.1275020802069227,7.317510401034613,0.6900000000000001,2.6141637058262877,5.585455846777746,0.8,2.0990885935187076,4.661364677422197,0.76,1.5550992426211534,3.347576451614798,0.8,3.9299514553102437,2.3445458709688785,8.522729354844394,10,0.08688759803771973,5.103217550168461,5.274032406992143
ant21594e569220337fd83450caa8604,10000208,2026-07-23,0.99,1.4500000000000002,0.37,0.8433333333333334,4.5187831662350835,0.37,0.8433333333333334,4.5187831662350835,0.37,0.8433333333333334,4.5187831662350835,0.37,0.8433333333333334,4.5187831662350835,7.008053065976134,0.49,1.2033333333333334,5.412031845058195,0.49,1.2033333333333334,5.412031845058195,0.49,1.2033333333333334,5.412031845058195,0.49,1.2033333333333334,5.412031845058195,8.365250952093112,3,1.1920928955078125e-07,4.116132234719142,3.337474028549749
ant21c4ad10ea30d3db7b43532707804,10000050,2026-03-16,5.19,9.27,7.549999999999999,8.951569461652685,7.462497957934028,7.549999999999999,7.166902033379653,7.479998366347222,7.549999999999999,5.85842001123224,7.503332244231482,6.610000000000001,5.681151724936141,6.76999934653889,7.409996732694445,12.32,12.993963976072349,10.026654617987731,12.32,10.59748692466221,10.485323694390186,11.75,8.925111567497513,10.71688246292679,8.7,8.339477015001647,8.690129477756074,8.65064738878037,10,0.014445304870605469,4.476527066014705,4.882308758743204
ant21c8d2f237fd235d79dce02fdfa04,10000050,2026-03-16,1.73,3.53,6.989999999999999,4.889403556810082,7.252497957934028,6.989999999999999,5.15092979535144,7.199998366347222,6.989999999999999,6.0911216215052155,7.1299989108981485,3.62,4.528526330673391,4.377999346538889,7.409996732694445,7.869999999999999,5.616232057177422,8.357904617987732,7.869999999999999,5.670958455687562,8.260323694390184,7.869999999999999,7.068961205005353,8.130215796260124,3.03,5.067063064491375,4.154129477756074,8.65064738878037,10,0.09555625915527344,4.529179909565222,3.937512863833213
ant22ea2b015779b307b817090edee04,10000182,2026-07-24,0.8200000000000001,1.54,0.21,0.24285350073075002,2.0136253358904814,0.45,0.33439867641998977,1.7729002687123854,0.45,0.6342061765628079,1.3319335124749236,0.48,0.785314595818981,1.003160107484954,3.0958005374247706,0.35,0.3291397639978874,2.3379372934878253,0.46,0.5111470353917156,1.99534983479026,0.7200000000000001,1.1403953349433833,1.6568998898601734,0.8099999999999999,1.3099081365943026,1.354139933916104,3.53069966958052,10,0.10224884748458862,4.330484606553696,4.394748253836218
ant2311571a666ae3e7788a71478eb04,10000099,2026-03-16,34.28,42.05,23.110000000000003,23.173865615478196,16.28304270152767,14.69,18.161981809275918,13.438434161222137,12.62,12.511977671800826,12.47562277414809,5.989999999999999,9.289172202530123,7.229373664488854,12.186868322444273,23.08,23.883847176640227,17.518444125512424,20.14,19.742688340080033,17.160755300409942,14.23,13.820549881591123,14.21383686693996,7.2,10.588803481677207,8.596302120163976,14.181510600819882,10,0.057802438735961914,5.662682965440583,6.219550197618255
ant2391c7be691de39ad95ad60738704,10000288,2026-04-23,0.4599999999999999,0.3399999999999999,0.28,0.2684261824551595,9.570835258656132,0.28,0.24294345057633474,8.53852022991656,0.28,0.24294345057633474,8.53852022991656,0.28,0.24294345057633474,8.53852022991656,15.14533641384981,0.21,0.15357265772793743,10.714372791651025,0.0,0.12052717082911478,9.453886925912023,0.0,0.12052717082911478,9.453886925912023,0.0,0.12052717082911478,9.453886925912023,17.01699646664164,4,0.02897191047668457,4.67927561545655,3.8287683800089582
ant240e937d9264133e683037e432004,10000243,2026-03-17,0.0999999999999999,0.29,0.36,0.6471615777370124,11.340169032063246,0.18,0.4376899415603731,9.054135225650597,0.36,0.5714540170890006,7.117027096654305,0.36,0.5714540170890006,7.117027096654305,17.928270451301195,0.6799999999999999,1.1925803423067929,13.241354429742689,0.38,0.8213168477444649,10.57908354379415,0.38,0.7824998642830009,8.225448879841654,0.38,0.7824998642830009,8.225448879841654,20.7781670875883,8,0.1802390217781067,5.024547382310317,4.561365269404496
ant2572530527500318dbc866fdb5704,10000227,2026-07-01,2.0400000000000005,3.51,0.2,0.42000000000000004,7.322910809161643,0.2,0.45000000000000007,6.531476274810349,0.2,0.45000000000000007,6.531476274810349,0.2,0.45000000000000007,6.531476274810349,11.596657294658629,0.38,0.7666666666666666,8.753200088438492,0.38,0.825,7.822844523056437,0.38,0.825,7.822844523056437,0.38,0.825,7.822844523056437,13.777120141501587,4,1.1920928955078125e-07,5.116935908443329,4.701951119722523
ant25fe9b01fbcca39829cf1c64a4304,10000149,2026-03-18,2.53,4.01,10.71,10.831273599649213,9.94246585170323,9.68,9.233675242648658,9.580972681362583,7.699999999999999,6.405280014136367,8.293981787575056,6.27,5.873251099826758,6.912389072545033,9.481945362725167,19.86,20.98352063978918,15.35029673375928,14.75,16.262915844242027,13.697237387007423,8.36,11.247921241938348,9.788158258004948,8.36,10.0240189751147,9.216894954802967,12.644474774014846,10,0.05065560340881348,8.90274782319733,11.70665780788184
ant2671be9f16db53ed3a03b50f30e04,10000149,2026-03-16,6.290000000000001,8.04,2.01,2.5039275691948153,6.67996585170323,3.29,2.957616954506075,6.385972681362583,3.29,2.9662622231010047,5.353981787575056,4.32,5.827120805655799,5.352389072545034,9.481945362725167,2.99,3.364491747964242,9.02404673375928,4.19,5.382120747321149,8.417237387007424,4.19,5.584070505690142,7.008158258004949,7.16,8.554984472677074,8.25689495480297,12.644474774014846,10,0.04333508014678955,5.290148025694496,5.645296955010672
ant2671be9f16db53ed3a03b50f30e04,10000129,2026-06-26,0.7,0.5700000000000001,0.65,1.5651145982384291,5.427971835325613,0.65,3.452180281262256,4.47237746826049,0.65,4.545122356993193,3.1982516455069936,0.65,4.718665916298537,2.1789509873041952,8.29475493652098,0.73,2.0502698480927095,6.166878655455132,0.73,3.3438947709945457,5.079502924364106,0.73,4.770752892989439,3.6296686162427374,0.73,4.961397637363595,2.469801169745642,9.429005848728211,10,0.049427151679992676,4.5710001630391695,3.6907526905155104
ant26bab70f99efd3ad691cc8aa5c104,10000050,2026-03-16,2.1999999999999997,2.64,0.09,0.401052528119819,4.664997957934029,0.12,0.4177816367884387,3.7649983663472226,0.09,0.2832792070695776,2.529998910898149,0.12,1.9296706442042717,2.1449990924151234,7.409996732694445,0.0,0.7304333546020613,5.406654617987732,0.02,0.5058421568135059,4.335323694390185,0.0,0.31970058057325484,2.883549129593457,0.02,2.241284967502552,2.417402052438992,8.65064738878037,10,0.043400347232818604,8.224776520964976,7.124714206312725
ant26f227bfba8ee33bc93fd0a64f104,10000303,2026-06-16,1.4000000000000004,0.0,2.22,2.0266666666666664,6.130208099696324,2.22,2.0266666666666664,6.130208099696324,2.22,2.0266666666666664,6.130208099696324,2.22,2.0266666666666664,6.130208099696324,8.476332959514119,0.0,0.0,4.834568634327804,0.0,0.0,4.834568634327804,0.0,0.0,4.834568634327804,0.0,0.0,4.834568634327804,7.735309814924486,3,1.1920928955078125e-07,4.18309605377701,2.316996272402017
ant2730a74b770653a5f87a8ff632704,10000193,2026-06-23,0.67,1.5100000000000002,0.22,0.1746271377866759,3.4161118944247826,0.22,0.1746271377866759,3.4161118944247826,0.22,0.1746271377866759,3.4161118944247826,0.22,0.1746271377866759,3.4161118944247826,5.3337790310796525,0.52,0.4290152608642601,3.088299134420473,0.52,0.4290152608642601,3.088299134420473,0.52,0.4290152608642601,3.088299134420473,0.52,0.4290152608642601,3.088299134420473,4.629278615072757,3,0.0868719220161438,3.855242839619869,3.1728241004011823
ant27fa28aa8738c37949e02c47fd904,10000129,2026-06-14,17.26,18.63,0.3,0.3558059195450355,5.296721835325612,0.64,1.9374536558025368,4.46737746826049,0.7,3.3045257332250193,3.231584978840327,1.2100000000000002,3.7171910954468252,2.7501641166349953,8.29475493652098,0.52,0.5193826203492686,6.088128655455132,0.8300000000000001,1.7461558404601656,5.129502924364106,0.8300000000000001,3.1460377924989795,3.696335282909404,1.04,3.8443594773086085,2.8636969236365672,9.429005848728211,10,0.10114133358001709,4.542307817745196,3.754074186497962
ant2814490a2fb6930a497f0fd16c904,10000149,2026-04-13,3.43,3.78,4.09,6.136578640827928,7.459965851703229,4.09,5.819903744753331,6.785972681362583,5.23,5.913115593371387,6.64731512090839,6.27,6.3805379349978075,6.912389072545033,9.481945362725167,5.470000000000001,8.422251639045651,9.954046733759279,5.470000000000001,8.015653180600745,9.057237387007422,8.36,9.806081347857731,9.788158258004948,8.36,10.101008678289707,9.216894954802967,12.644474774014846,10,0.07573330402374268,11.784092142143615,11.701241942499728
ant285f6eb5cb46f3d01890c462f3004,10000303,2026-07-09,1.46,0.0,1.2200000000000002,1.5740514971450463,5.755208099696325,1.2200000000000002,1.7987364302313607,4.84816647975706,1.2200000000000002,1.4349107481306216,3.6387776531713736,1.2200000000000002,1.3403487463412602,3.487604049848162,8.476332959514119,0.0,0.0,4.834568634327804,0.0,0.0,3.867654907462243,0.0,0.0,2.578436604974829,0.0,0.0,2.417284317163902,7.735309814924486,10,0.09062868356704712,4.533337304462671,2.312370754822353
ant28922def0afa135a5a0da093fac04,10000038,2026-07-13,1.15,0.93,0.4,7.2585250636956635,4.723444000646634,0.76,5.342176166347017,4.038755200517307,2.5899999999999994,5.052748574667391,4.165836800344871,1.88,4.5618502058130685,2.9675020802069225,7.317510401034613,0.28,7.916650098756534,5.431705846777747,1.29,5.999303341406566,4.9063646774221965,2.78,5.196461064582142,4.694243118281465,1.51,4.73409698103388,2.9125458709688785,8.522729354844394,10,0.09835183620452881,4.916132673587833,4.970265550548495
ant28ac83a1f653a38b6a100d3c21104,10000129,2026-06-30,1.48,1.27,0.83,3.1812252140270547,5.4954718353256125,0.86,6.828909386747167,4.577377468260489,0.86,5.27544326732949,3.3382516455069933,1.46,6.236217276389359,2.8269509873041954,8.29475493652098,0.75,2.8437933612941797,6.174378655455132,0.91,5.287664851162675,5.169502924364106,0.91,4.470941392030012,3.7496686162427375,1.6,5.996948536526035,3.165801169745642,9.429005848728211,10,0.06269073486328125,4.665178950381549,4.546344805695795
ant2a926e48643fc30e4bebdd58d2f04,10000190,2026-05-07,0.87,1.79,29.162930263433722,29.162930263433722,29.162930263433722,29.162930263433722,29.162930263433722,29.162930263433722,29.162930263433722,29.162930263433722,29.162930263433722,29.162930263433722,29.162930263433722,29.162930263433722,29.162930263433722,33.20322036661775,33.20322036661775,33.20322036661775,33.20322036661775,33.20322036661775,33.20322036661775,33.20322036661775,33.20322036661775,33.20322036661775,33.20322036661775,33.20322036661775,33.20322036661775,33.20322036661775,0,,6.293140116767521,6.752480548836015
ant2a941ca2c846631eab9a229e02f04,10000251,2026-03-16,0.8300000000000001,1.57,0.31,0.3300244486920666,2.8239642035832353,0.38,1.7177628551217194,2.356171362866588,0.38,1.5268521272497038,1.697447575244392,0.7400000000000002,1.877039365502581,1.4584685451466353,4.332342725733176,1.07,1.0730074062206945,4.456053265693751,1.37,3.432542311656529,3.928842612555001,1.37,3.048244448128349,3.0758950750366676,1.66,3.571067974556811,2.625537045022,6.487685225110002,10,0.07528656721115112,4.216366221564382,4.781537730082524
ant2b2804924df2a3e9fbc141fa13904,10000182,2026-05-14,1.28,2.4200000000000004,0.24,0.21,2.0248753358904814,0.15,0.178,1.6229002687123852,0.24,0.352,1.1919335124749235,0.24,0.5625,0.8111601074849539,3.0958005374247706,0.55,0.4866666666666667,2.412937293487825,0.24,0.37800000000000006,1.8853498347902602,0.53,0.654,1.5302332231935067,0.47,1.044,1.0821399339161037,3.53069966958052,10,1.1920928955078125e-07,3.896199835750625,3.6984491176392247
ant2b6cbc53358ca3d49a1c990e82a04,10000149,2026-06-15,3.66,4.86,9.81,7.3644894380585075,9.60496585170323,2.0,5.107729762331039,5.740972681362583,2.68,4.654378199715261,4.947315120908389,3.63,4.669785275842751,4.800389072545033,9.481945362725167,14.22,11.561296542672663,13.235296733759279,7.81,8.829932133089997,10.227237387007422,7.81,7.545478591095041,9.421491591338281,7.81,8.159542991991044,8.77689495480297,12.644474774014846,10,0.048043787479400635,6.363450715564548,9.410008525085008
ant2c07ab9f6a6fe36c4aaf827bb2604,10000168,2026-03-18,2.24,1.01,0.98,1.3613026487157582,3.3186385372000577,0.98,1.2727880040140438,2.8509108297600463,0.7,0.881763835406905,2.0406072198400307,0.42,0.783638146271672,1.2803643319040183,4.721821659520092,2.4000000000000004,2.3743354983957508,3.240856520088026,1.4599999999999995,1.9260815454949174,2.6026852160704204,1.36,1.289868086565028,2.1551234773802808,0.5800000000000001,1.1976224067784198,1.213074086428168,3.7453704321408408,10,0.043396949768066406,4.162960126659317,2.2248881235683844
ant2c79270a4560b34f0b118a5414704,10000227,2026-06-10,0.53,0.93,0.79,0.794602218969627,7.544160809161642,0.79,0.8953648505415321,6.193328647329315,0.6200000000000001,0.7064024182114489,4.540234748092367,0.6200000000000001,0.7064024182114489,4.540234748092367,11.596657294658629,1.41,1.5148331600153544,9.139450088438492,1.41,1.7857192989849766,7.593560070750794,1.34,1.381537547897738,5.781828621964852,1.34,1.381537547897738,5.781828621964852,13.777120141501587,9,1.1920928955078125e-07,4.548193534280661,4.151221293308424
ant2c942c5b0574e3ba1988a93064204,10000182,2026-07-03,0.15,0.65,0.24,0.21,2.0248753358904814,0.15,0.178,1.6229002687123852,0.24,0.352,1.1919335124749235,0.24,0.5625,0.8111601074849539,3.0958005374247706,0.55,0.4866666666666667,2.412937293487825,0.24,0.37800000000000006,1.8853498347902602,0.53,0.654,1.5302332231935067,0.47,1.044,1.0821399339161037,3.53069966958052,10,1.1920928955078125e-07,3.336333590464156,2.855679984817741
ant2c99a9aa42b3c3d1aaf7c5c37e104,10000196,2026-07-22,0.51,0.99,0.7500000000000001,0.6629914321729237,18.735996005819697,0.7500000000000001,0.6629914321729237,18.735996005819697,0.7500000000000001,0.6629914321729237,18.735996005819697,0.7500000000000001,0.6629914321729237,18.735996005819697,29.527593609311516,1.56,1.3741066912135471,22.018358573380667,1.56,1.3741066912135471,22.018358573380667,1.56,1.3741066912135471,22.018358573380667,1.56,1.3741066912135471,22.018358573380667,34.29337371740907,3,0.17856281995773315,6.283664097672894,6.705742321144115
ant2da02a8a091593773bf514cade704,10000038,2026-05-25,13.64,14.439999999999998,5.67,7.909464516541001,6.699694000646633,13.77,12.066767405335101,10.543755200517307,8.31,9.106182755209533,7.979170133678204,5.67,8.289746393386578,5.9995020802069225,7.317510401034613,6.64,8.875958045917702,7.8167058467777455,12.6,12.244425995367214,10.561364677422198,12.6,10.352809731686015,11.24090978494813,6.779999999999999,8.83354066359898,7.128545870968878,8.522729354844394,10,0.04350757598876953,6.701811002877292,7.950861873875494
ant2dfbb467ceed63beba4c3ff095a04,10000129,2026-03-22,0.07,0.0,0.22,5.3895995056304455,5.266721835325612,0.76,3.974291616736747,4.5273774682604895,1.2100000000000002,3.766377515572833,3.5715849788403267,0.76,2.544712469644019,2.2669509873041953,8.29475493652098,0.17,5.71689573454268,5.956878655455132,1.0,4.506822218333901,5.214502924364106,1.0,8.802941119176554,3.809668616242737,0.66,5.289546380117855,2.413801169745642,9.429005848728211,10,0.07488560676574707,6.098314586908142,5.760048913013788
ant2ebbe5ed60cda376d9afeb0ffd804,10000303,2026-06-01,0.81,0.0,1.2500000000000002,1.1439695724100072,5.766458099696324,1.2500000000000002,0.9333190939268569,5.2646294219522884,1.2500000000000002,0.9333190939268569,5.2646294219522884,1.2500000000000002,0.9333190939268569,5.2646294219522884,8.476332959514119,0.0,0.0,4.834568634327804,0.0,0.0,4.297394341624715,0.0,0.0,4.297394341624715,0.0,0.0,4.297394341624715,7.735309814924486,4,0.05783623456954956,4.55459973011626,2.3689082534365355
ant2ec3e3f1d1e0b3b7c9867ccdd6004,10000303,2026-06-01,1.83,0.0,1.73,1.9998652617652197,5.946458099696324,1.41,1.447949561257511,4.94316647975706,1.41,1.278633375598224,4.621969527051872,1.41,1.278633375598224,4.621969527051872,8.476332959514119,0.0,0.0,4.834568634327804,0.0,0.0,3.867654907462243,0.0,0.0,3.516049915874767,0.0,0.0,3.516049915874767,7.735309814924486,6,0.08672070503234863,5.265476065171844,2.462796344874948
ant2f56c47c985cf3d14a36ae1c28604,10000050,2026-05-27,4.1,6.49,17.130000000000003,13.56,11.05499795793403,1.44,8.268,4.424998366347222,1.44,8.045,4.153634878497475,1.44,8.045,4.153634878497475,7.409996732694445,21.23,14.996666666666666,13.367904617987731,1.83,9.187999999999999,5.240323694390185,1.83,8.678333333333333,4.930294267627442,1.83,8.678333333333333,4.930294267627442,8.65064738878037,6,1.1920928955078125e-07,5.780570801694803,5.514200994179989
ant2f56c47c985cf3d14a36ae1c28604,10000129,2026-07-14,14.52,14.48,1.94,4.2633333333333345,5.911721835325612,1.94,3.77,5.117377468260489,1.94,3.77,5.117377468260489,1.94,3.77,5.117377468260489,8.29475493652098,3.13,4.72,7.066878655455132,3.13,4.114,6.279502924364106,3.13,4.114,6.279502924364106,3.13,4.114,6.279502924364106,9.429005848728211,5,1.1920928955078125e-07,6.203709661054583,5.421463380714108
ant2ffb3e4e61e1731c9b56bd576ea04,10000218,2026-03-16,1.08,2.06,0.3399999999999999,0.6636921197913158,7.590869927518012,0.04,0.41915933260698535,5.990695942014409,0.3399999999999999,0.6773812850648329,5.1739132850120075,0.3399999999999999,0.6773812850648329,5.1739132850120075,11.94139188402882,0.71,1.3212165722710443,9.038689813850356,0.27,0.8915592297708089,7.152951851080284,0.53,0.9493592305583707,6.157459875900237,0.53,0.9493592305583707,6.157459875900237,14.035903702160569,7,0.04368847608566284,4.686137387843584,4.324807213904906
oem2ee4d2eb503ad38aa983d704e0304,10000129,2026-03-24,1.89,1.84,1.41,1.395789027261768,5.712971835325612,1.41,2.694016719530239,4.85237746826049,1.2000000000000002,2.053299388460063,3.56491831217366,1.25,2.296392588120311,2.9273226039335665,8.29475493652098,0.64,1.1941194257068934,6.133128655455132,0.64,2.108189053003244,5.034502924364106,0.64,1.6581449775910742,3.5696686162427373,0.64,2.0262357315444466,2.732620440173384,9.429005848728211,10,0.10144132375717163,5.952773308177632,4.8910090637892525
ant32245950b0875b6076d7f42088804,1380389889,2026-03-16,17.43,18.49,32.4,33.58411938173773,35.79484346111099,32.4,43.32831891414766,35.115874768888794,18.12,23.818967518788497,24.6905831792592,18.12,21.885838858785508,22.062349907555518,37.83174953777759,32.760000000000005,37.34121462652423,39.57795479785127,35.74999999999999,48.481298654907526,39.70936383828101,22.32,26.501398650614497,29.436242558854012,22.32,23.92319485603403,26.589745535312403,43.66872767656203,10,0.09960329532623291,13.562948106950971,15.769115295158432
17f6695892879340001b9de509a53c04,10000278,2026-04-26,510.13,371.98,59.11,159.60807093802129,217.6015031343814,188.73,178.3878771399804,250.71320250750512,66.6,160.13420211185058,148.63213500500342,154.59,339.3403709527495,186.21128100300206,312.69640501501027,44.95,101.1619742919359,236.33756896303765,114.43,134.81741522006647,232.8000551704301,114.43,234.42046078988167,193.3433701136201,207.51,410.67553685888447,236.24202206817205,351.1701103408602,10,0.07751744985580444,340.39663583372817,195.3599837868568
17f6695892879340001b9de509a53c04,10000279,2026-04-26,975.99,1041.87,324.69,416.865257260029,322.0613358806835,405.9,555.8336210404901,363.1920687045468,324.69,390.307139553528,323.2880458030312,324.69,396.34421541571527,323.8488274818187,320.4841374090936,366.42,365.2533479667592,352.2849201551075,439.58,546.0377019125797,391.691936124086,366.42,409.81730628331906,358.8812907493907,366.42,454.4498242894461,361.8967744496344,343.803872248172,10,0.07751744985580444,380.7903201720022,363.7269084974084
17f6695892879340001b9de509a53c04,1381526443,2026-07-13,714.94,1909.61,1186.48,1094.6000527849542,649.7397238902768,1186.48,860.9040556248519,709.3775323469126,1186.48,860.9040556248519,709.3775323469126,1186.48,860.9040556248519,709.3775323469126,327.6955582244427,2213.85,2061.1040502413575,1173.8324881301241,2213.85,1615.9611456832847,1289.3899894489994,2213.85,1615.9611456832847,1289.3899894489994,2213.85,1615.9611456832847,1289.3899894489994,549.8219810081989,4,0.14977216720581055,777.3544526114804,939.4669545587462
ant85c6b692465421f0e9464382f1204,10000041,2026-05-12,13.14,15.12,22.06,25.86270883939759,32.230327665159784,20.73,19.186213626172954,29.53126213212783,8.639999999999999,14.100761426749997,20.060201640098327,8.639999999999999,14.100761426749997,20.060201640098327,38.33252426425566,25.36,29.115291663495697,37.65270864545742,22.29,21.15637984216081,33.65916691636594,7.87,15.481160215213999,22.161666858743033,7.87,15.481160215213999,22.161666858743033,45.02833383273188,8,0.059227705001831055,21.72908441823266,26.150476748479107
05a9cc48c8934a6f2dbbc20e1cabaf04,1380460970,2026-03-19,4344.15,2986.33,2062.18,2833.9010643723673,2085.1844296054314,2459.21,2730.8327319308064,2279.0985436843453,2459.21,2727.6457191682944,2339.1356957895637,3109.0799999999995,3142.3198000856764,2907.0614174737375,2098.9870873686905,2970.77,3298.460335597829,2794.7032180018214,2970.77,3425.9281249250307,2829.916574401457,2970.77,3305.0283384636705,2876.8677162676386,4264.49,3909.156602852151,3949.404629760583,2689.063148802915,10,0.10111355781555176,4344.149999999999,2986.33
05a9cc48c8934a6f2dbbc20e1cabaf04,1382649737,2026-06-12,5522.25,4627.22,5436.03,4686.123115549419,2791.529505874602,5436.03,4686.123115549419,2791.529505874602,5436.03,4686.123115549419,2791.529505874602,5436.03,4686.123115549419,2791.529505874602,1204.829209399363,5215.43,4026.5295980192304,2685.9617721487134,5215.43,4026.5295980192304,2685.9617721487134,5215.43,4026.5295980192304,2685.9617721487134,5215.43,4026.5295980192304,2685.9617721487134,1168.2808354379415,3,0.14445984363555908,5264.167343697525,2539.9839010206765
ant948328ab39248dc1cdc3fbaabb804,10000019,2026-06-26,5.140000000000001,7.16,1.24,1.4900000000000002,56.71496841207502,2.53,6.992303918976592,46.26497472966001,2.53,25.415291459729115,38.975812274716674,2.53,25.415291459729115,38.975812274716674,89.99994945932002,1.7900000000000005,2.7633333333333336,69.15932561681274,5.73,8.388615399363765,57.65546049345019,5.73,30.720493966490114,49.001217077875154,5.73,30.720493966490114,49.001217077875154,109.58092098690038,7,0.014444589614868164,23.077011588715315,38.9155005675584
d2a90f6b174ca0cae5c69597a451c804,10000278,2026-04-27,110.53,219.54,31.98,34.93326740649609,207.42775313438142,31.98,77.5721180146466,172.33820250750514,50.620000000000005,71.21102415249091,137.9788016716701,54.43000000000001,139.8379872085283,106.08328100300204,312.69640501501027,51.78,47.11009541226335,238.89881896303763,51.78,104.3143561576523,201.4750551704301,54.81999999999999,93.59805697173189,153.6033701136201,61.78999999999999,183.72301624102369,119.66602206817203,351.1701103408602,10,0.14451146125793457,72.79350592061759,157.87939549592005
antc7344b38aee9cc468a2486284ea04,1380389889,2026-05-20,29.28,34.010000000000005,18.12,16.46468512794855,30.439843461110996,18.12,15.525091749382902,27.975874768888794,18.12,30.24511840291884,24.6905831792592,7.930000000000001,20.486797992928167,13.910349907555517,37.83174953777759,22.32,18.292994657140373,35.66295479785127,22.32,17.68904176612487,32.99436383828102,22.32,34.40493301252539,29.436242558854012,10.45,23.276416593773956,17.0937455353124,43.66872767656203,10,0.17343997955322266,35.5976362816092,33.22579942351622
b48eb00aa7d4dce6d7d5e76c02437e04,10000069,2026-04-20,561.77,714.12,324.0,588.3651902396781,1074.4785854030554,324.0,742.4696754706189,924.3828683224443,1177.53,1286.049272383265,1293.2752455482962,1281.51,1322.9145292076903,1353.0558048955554,1524.7657366448886,385.74,535.4730959851233,1401.0264976260248,463.04,873.3516211295347,1236.6191981008199,1814.21,1539.7040319114537,1879.5394654005468,1917.61,1688.3949778272113,1944.8418812357763,2010.1983962016398,10,0.1591002345085144,1018.4718635345066,676.5804910097838
b48eb00aa7d4dce6d7d5e76c02437e04,10000282,2026-05-03,286.77,92.48,280.86,260.19797425184936,226.8477232897771,280.86,260.19797425184936,226.8477232897771,280.86,260.19797425184936,226.8477232897771,280.86,260.19797425184936,226.8477232897771,194.44035726364334,155.36,325.3166202102407,233.55404240327954,155.36,325.3166202102407,233.55404240327954,155.36,325.3166202102407,233.55404240327954,155.36,325.3166202102407,233.55404240327954,280.47046784524724,3,0.18180996179580688,197.69345546323015,299.19503935131564
antysaccdd13b691de3b817606d37404,10000193,2026-06-23,0.21,0.53,0.4,0.6066666666666668,3.4836118944247825,0.3,0.45,2.816889515539826,0.3,0.598,1.9779263436932177,0.3999999999999999,0.874,1.3867558062159304,5.3337790310796525,0.84,1.21,3.208299134420473,0.69,0.932,2.659639307536379,0.69,1.2349999999999999,2.003092871690919,0.8099999999999999,1.7244999999999997,1.5738557230145513,4.629278615072757,10,1.1920928955078125e-07,3.662827497777744,2.4909241798979496
ant123986fbc4db1f1fd59abe1e12605,10000006,2026-03-16,9.869999999999996,11.03,11.07,10.254237696098237,21.851776681336126,11.07,12.187755540248295,19.6954213450689,19.360000000000003,21.876453279975998,22.34694756337927,11.07,17.566616661123472,14.520168538027558,28.320842690137802,11.2,11.61748846834813,26.912997124718874,11.2,12.838456916250646,23.770397699775103,18.4,23.00909498800093,24.3802651331834,13.31,18.25842816647901,17.91615907991004,36.3407953995502,10,0.08263760805130005,14.855494258742514,17.874042823754326
ant123986fbc4db1f1fd59abe1e12605,1380389889,2026-03-28,11.17,9.53,38.41,34.05993028049205,38.048593461111,38.41,33.283919936815295,38.1208747688888,32.4,28.904562757878757,34.210583179259196,23.42,25.822690001654255,26.302349907555516,37.83174953777759,43.51,36.385250722942516,43.60920479785126,43.51,36.27414902797478,43.58936383828102,32.760000000000005,31.70748499091469,36.39624255885401,22.39,28.03723158291441,26.645745535312408,43.66872767656203,10,0.10113388299942017,19.849967600834347,20.753855374234604
24327afaa97efce5ad96947815ad3905,1380460970,2026-03-18,2433.8500000000004,3246.0300000000007,3977.33,4264.883794672724,2803.3656796054315,3977.33,3765.608942117577,3038.158543684345,3926.49,3289.8567990925317,3317.32236245623,3109.0799999999995,3155.9896266071382,2907.0614174737375,2098.9870873686905,4694.82,5381.881046835856,3441.2219680018216,4694.82,4562.176115696565,3691.9415744014573,4392.360000000001,4058.3670469211424,3824.594382934305,4264.49,4016.5856230425147,3949.404629760583,2689.063148802915,10,0.10744315385818481,1112.347630099089,1918.633859524182
5992089909bca874ea298ac5d2080405,10000295,2026-07-03,63.66999999999999,28.460000000000004,140.1539732897771,140.1539732897771,140.1539732897771,140.1539732897771,140.1539732897771,140.1539732897771,140.1539732897771,140.1539732897771,140.1539732897771,140.1539732897771,140.1539732897771,140.1539732897771,140.1539732897771,219.37829240327952,219.37829240327952,219.37829240327952,219.37829240327952,219.37829240327952,219.37829240327952,219.37829240327952,219.37829240327952,219.37829240327952,219.37829240327952,219.37829240327952,219.37829240327952,219.37829240327952,0,,234.92923942952729,269.8226398791021
ant2009bb2ce7e5f3a608a295113f805,10000168,2026-06-17,0.35,0.21,0.32,0.29333333333333333,3.0711385372000577,0.32,0.636,2.520910829760046,0.32,0.5466666666666667,1.8920791641143184,0.32,0.5466666666666667,1.8920791641143184,4.721821659520092,0.14,0.1366666666666667,2.393356520088026,0.14,0.9880000000000002,1.9426852160704204,0.2,0.8011111111111112,1.4662037257645857,0.2,0.8011111111111112,1.4662037257645857,3.7453704321408408,9,1.1920928955078125e-07,3.8295084968612088,2.708267536812893
ant20f449a91830835bd961c629fab05,10000038,2026-04-30,0.1,0.05,1.13,1.2342175894240879,4.997194000646633,1.89,1.9326553294665143,4.603755200517306,1.13,1.7615964858796,3.192503467011538,1.13,3.623375901889734,2.367502080206922,7.317510401034613,0.9300000000000002,0.9706358683083415,5.675455846777746,1.38,2.16850461222372,4.951364677422196,0.9300000000000002,1.9249270942985097,3.460909784948132,0.9300000000000002,3.594853284554406,2.4485458709688785,8.522729354844394,10,0.07744711637496948,6.651910899839014,6.461611281208593
ant2173e9fdd776e3a3ca28853be4405,10000083,2026-05-22,0.85,0.76,1.58,2.420158199954744,9.82684143579139,1.58,3.8423118760111663,8.177473148633112,1.58,4.91147350197503,7.577702862393739,1.58,4.91147350197503,7.577702862393739,14.774946297266226,1.75,2.6097798005243082,11.414666460902549,2.64,5.051183171601902,9.92673316872204,2.64,5.707367203636415,9.2643028806564,2.64,5.707367203636415,9.2643028806564,17.21346633744408,6,0.0724371075630188,9.192801278829824,11.403763069986486
ant21746ab41f05d3aaa9bbe975ec905,10000193,2026-04-24,0.49,1.01,0.99,0.8510332117282509,3.7048618944247824,0.99,0.8508808218623599,3.1618895155398263,0.36,0.5499172199154518,2.017926343693218,0.26,0.49009124963420303,1.5952050081788562,5.3337790310796525,1.96,1.6889161421314702,3.628299134420473,0.6599999999999999,1.244042478871341,2.6446393075363788,0.6400000000000001,0.8779240113754314,1.969759538357586,0.47,0.86027498151724,1.5645470039665152,4.629278615072757,10,0.058445096015930176,3.679642499371864,2.525425574564199
ant217b8165da0743ea9b94610081205,10000209,2026-03-16,0.9300000000000002,1.4700000000000002,1.09,1.6935534871258713,8.761102880045177,1.09,1.605127743249386,7.226882304036142,0.39,1.1832989786644548,5.379909464643186,0.39,1.1832989786644548,5.379909464643186,13.363764608072284,1.8600000000000003,2.8198880870616714,10.458799082469266,1.8600000000000003,2.683364339287312,8.739039265975412,0.63,1.9832058500099277,6.394645589211855,0.63,1.9832058500099277,6.394645589211855,15.618078531950825,8,0.014507889747619629,4.80383195776824,4.311028020862747
ant21df48b8ec06c3403ba16ce068605,10000149,2026-03-16,3.5200000000000005,4.82,2.44,4.725726596956249,6.84121585170323,2.44,5.238098415245605,5.960972681362583,3.63,5.173625073832977,5.5806484542417225,4.640000000000001,5.896071406841749,5.608389072545034,9.481945362725167,3.31,6.647876001594277,9.144046733759279,7.81,8.881597216202826,10.227237387007422,7.42,8.027998099858916,9.161491591338283,7.81,8.203483905963704,8.77689495480297,12.644474774014846,10,0.028920531272888184,6.518301214228133,8.401364166783821
ant232175ac456ba356f829d07e3d305,10000084,2026-03-16,5.95,10.34,0.25,2.056637239086043,5.634955224361576,2.6900000000000004,2.71086422778841,5.7779641794892616,1.4,2.6442772608873173,3.888642786326174,1.07,2.256001345048712,2.629185671795704,8.865928358978522,0.49,3.219079688874554,11.3761640064658,6.06,4.2969114074195,11.98393120517264,2.32,4.146886677662763,7.51595413678176,1.41,3.5395071561557963,4.709572482069055,17.90786241034528,10,0.04385477304458618,6.798988212988903,9.26693314522807
ant23280543e973d3dbf8b0ee53b8905,10000209,2026-03-17,0.2499999999999999,0.4299999999999999,0.45,0.43731632307087737,8.521102880045177,0.45,0.5345107070095774,6.906882304036142,0.45,0.7135158033261646,4.754588202690762,0.41,0.6724493729074897,4.458051440022589,13.363764608072284,0.84,0.8283775890528128,10.076299082469266,0.84,0.9893111023966548,8.229039265975413,0.84,1.3462876009071327,5.766026177316942,0.69,1.2894988246161998,5.355024541234633,15.618078531950825,10,0.028896331787109375,4.550514664830665,4.035649434936975
ant2359713c1d9f839c182ff970a0805,10000182,2026-06-05,0.6200000000000001,1.2900000000000005,0.24,0.21,2.0248753358904814,0.15,0.178,1.6229002687123852,0.24,0.352,1.1919335124749235,0.24,0.5625,0.8111601074849539,3.0958005374247706,0.55,0.4866666666666667,2.412937293487825,0.24,0.37800000000000006,1.8853498347902602,0.53,0.654,1.5302332231935067,0.47,1.044,1.0821399339161037,3.53069966958052,10,1.1920928955078125e-07,3.454037259369867,2.895659314369826
ant237d0eb013ce2317696c303922905,10000243,2026-03-16,0.02,0.16,0.15,0.390350575042349,11.261419032063246,0.16,0.30611949205594935,9.044135225650598,0.16,0.30611949205594935,9.044135225650598,0.16,0.30611949205594935,9.044135225650598,17.928270451301195,0.14,0.1950957372893354,13.038854429742688,0.3399999999999999,0.27121467190570714,10.55908354379415,0.3399999999999999,0.27121467190570714,10.55908354379415,0.3399999999999999,0.27121467190570714,10.55908354379415,20.7781670875883,5,0.10180658102035522,8.515355176976493,5.653293075246227
ant241a6b21ddd673e0da956fb9b5105,10000149,2026-03-19,4.26,4.37,3.9,4.099160675334482,7.38871585170323,5.329999999999999,7.208754839480476,7.405972681362583,6.31,7.749632750684418,7.367315120908389,5.329999999999999,6.205769316615792,6.1603890725450325,9.481945362725167,5.81,5.5821362024181145,10.081546733759279,6.55,10.822831235333814,9.597237387007423,6.55,10.505755280455366,8.581491591338281,6.55,8.661725371007485,7.768894954802969,12.644474774014846,10,0.07222819328308105,6.008501677606916,8.169950346724358
ant244cf394ec18637e091cb186e3805,10000182,2026-07-12,2.38,4.42,1.12,1.303777120865325,2.3548753358904815,1.12,1.1760910242100144,2.1079002687123856,1.08,1.0943690230067216,1.7519335124749236,0.48,0.8562437552830744,1.003160107484954,3.0958005374247706,2.17,2.6128452892918337,3.0204372934878254,2.17,2.3256727449573504,2.85034983479026,2.17,2.187926449071098,2.62356655652684,0.85,1.4562621449899034,1.386139933916104,3.53069966958052,10,0.08710628747940063,3.8500675182372968,3.894784017583098
ant247d544bef64035fd9fb3dd87a705,10000038,2026-05-28,0.15,0.02,8.059999999999999,7.094869631510071,7.595944000646632,0.95,4.699539156675617,4.133755200517307,0.95,3.9279541716720887,3.072503467011538,0.8300000000000001,2.676728542489796,2.1275020802069227,7.317510401034613,10.329999999999998,9.807901508495199,9.200455846777746,0.73,6.311001560685106,4.626364677422197,0.73,5.025133286214668,3.3275764516147985,0.73,3.3992295627092908,2.2885458709688784,8.522729354844394,10,0.10665315389633179,5.340440373198887,5.366366346330484
ant24b0d7493744b3b6ab57c02d4b605,10000287,2026-04-03,1.3800000000000003,0.0,2.39,2.39,43.531976791357074,2.39,2.39,43.531976791357074,2.39,2.39,43.531976791357074,2.39,2.39,43.531976791357074,51.76037214962849,0.0,0.0,49.328183893443786,0.0,0.0,49.328183893443786,0.0,0.0,49.328183893443786,0.0,0.0,49.328183893443786,59.19382067213254,1,1.1920928955078125e-07,9.167172126917018,10.43064188541032
ant2557516907827fa49bbf241ddf105,10000054,2026-03-16,1.06,1.41,1.7700000000000002,1.6600040044346829,14.501513087460197,1.7700000000000002,1.8720035410742308,11.955210469968156,1.7700000000000002,1.9867353078344634,8.560140313312106,1.7700000000000002,2.577418856917661,5.844084187987262,22.140420939936313,1.4800000000000002,1.6866684657357898,18.552909357728485,2.27,2.151994279247412,15.533327486182788,2.27,2.1676776207228743,11.11221832412186,2.27,2.8311970870672054,7.575330994473114,28.796654972365577,10,3.5762786865234375e-07,9.001823413776354,11.73517561728687
ant25feb8e11c18e36fbab65a834e605,10000227,2026-06-30,0.8500000000000001,1.39,0.2,0.42000000000000004,7.322910809161643,0.2,0.45000000000000007,6.531476274810349,0.2,0.45000000000000007,6.531476274810349,0.2,0.45000000000000007,6.531476274810349,11.596657294658629,0.38,0.7666666666666666,8.753200088438492,0.38,0.825,7.822844523056437,0.38,0.825,7.822844523056437,0.38,0.825,7.822844523056437,13.777120141501587,4,1.1920928955078125e-07,4.373853942494925,3.964067353050642
ant268af647eea0138279b6b71643605,10000196,2026-06-21,0.53,0.97,0.29,0.3033333333333333,18.563496005819697,0.29,0.33749999999999997,16.53310756072862,0.29,0.33749999999999997,16.53310756072862,0.29,0.33749999999999997,16.53310756072862,29.527593609311516,0.58,0.6133333333333333,21.650858573380667,0.58,0.675,19.30965206522726,0.58,0.675,19.30965206522726,0.58,0.675,19.30965206522726,34.29337371740907,4,1.1920928955078125e-07,6.948276307918695,7.855920172690831
ant2704599e2a6df31199c27a7e22305,10000256,2026-07-25,0.44,0.7,0.55,0.7166666666666667,8.384797374945366,0.55,0.7166666666666667,8.384797374945366,0.55,0.7166666666666667,8.384797374945366,0.55,0.7166666666666667,8.384797374945366,13.085675799912584,0.88,1.1233333333333333,10.007829020411647,0.88,1.1233333333333333,10.007829020411647,0.88,1.1233333333333333,10.007829020411647,0.88,1.1233333333333333,10.007829020411647,15.484526432658635,3,1.1920928955078125e-07,4.609112935717861,4.345169253010308
ant27391182b851e38259bd3a93e7405,10000182,2026-07-16,1.52,2.55,0.24,0.21,2.0248753358904814,0.15,0.178,1.6229002687123852,0.24,0.352,1.1919335124749235,0.24,0.5625,0.8111601074849539,3.0958005374247706,0.55,0.4866666666666667,2.412937293487825,0.24,0.37800000000000006,1.8853498347902602,0.53,0.654,1.5302332231935067,0.47,1.044,1.0821399339161037,3.53069966958052,10,1.1920928955078125e-07,4.415557711300052,5.080947577366603
ant27a359ad91333388490bf88256605,10000129,2026-03-19,2.05,2.11,0.29,0.46186344821743175,5.292971835325612,0.37,0.577560217720109,4.332377468260489,0.77,1.2313840083219116,3.278251645506993,0.7600000000000001,2.3700390056630054,2.2669509873041953,8.29475493652098,0.24,0.48039500569071497,5.983128655455132,0.24,0.49605595988707796,4.834502924364106,0.62,1.3002052464469416,3.556335282909404,0.6000000000000001,2.533693116458967,2.365801169745642,9.429005848728211,10,0.04309779405593872,4.609410101849845,3.571303330618532
ant28674c7399f1033298f4ecb7fee05,10000084,2026-03-16,4.77,8.860000000000001,3.85,4.239007892299942,6.984955224361576,3.85,4.333655589237035,6.357964179489261,2.7,3.144925047072356,4.755309452992841,2.7,3.1901653246900787,3.9331856717957043,8.865928358978522,6.53,7.715033544340495,13.6411640064658,6.53,7.977448061777205,12.218931205172641,3.92,5.428444384624136,8.582620803448428,3.92,5.754387714041317,6.717572482069055,17.90786241034528,10,0.049761176109313965,7.930027150197548,9.78419759250306
ant28cd15dc8e9e331ec9364f967a405,10000182,2026-05-26,0.64,1.27,0.24,0.21,2.0248753358904814,0.15,0.178,1.6229002687123852,0.24,0.352,1.1919335124749235,0.24,0.5625,0.8111601074849539,3.0958005374247706,0.55,0.4866666666666667,2.412937293487825,0.24,0.37800000000000006,1.8853498347902602,0.53,0.654,1.5302332231935067,0.47,1.044,1.0821399339161037,3.53069966958052,10,1.1920928955078125e-07,3.405055530206716,2.719160663096218
ant28fdd443350a334648a4eab6a2405,10000208,2026-06-11,0.8200000000000001,0.96,0.37,0.8433333333333334,4.5187831662350835,0.37,0.8433333333333334,4.5187831662350835,0.37,0.8433333333333334,4.5187831662350835,0.37,0.8433333333333334,4.5187831662350835,7.008053065976134,0.49,1.2033333333333334,5.412031845058195,0.49,1.2033333333333334,5.412031845058195,0.49,1.2033333333333334,5.412031845058195,0.49,1.2033333333333334,5.412031845058195,8.365250952093112,3,1.1920928955078125e-07,4.2168955894391305,2.972540606437984
ant28fdd443350a334648a4eab6a2405,10000251,2026-06-11,1.85,3.17,1.96,1.86,3.442714203583235,1.65,1.472,2.991171362866588,1.27,1.606,2.2907809085777258,1.4600000000000002,1.695,2.215879664666626,4.332342725733176,3.43,2.9733333333333336,5.341053265693751,2.78,2.428,4.633842612555001,2.16,2.6069999999999998,3.602561741703334,2.5600000000000005,2.8528571428571428,3.593601375028948,6.487685225110002,10,1.1920928955078125e-07,4.40897176850364,4.145546292307981
ant28fdd443350a334648a4eab6a2405,10000256,2026-06-11,0.7400000000000002,1.2000000000000002,0.55,0.7166666666666667,8.384797374945366,0.55,0.7166666666666667,8.384797374945366,0.55,0.7166666666666667,8.384797374945366,0.55,0.7166666666666667,8.384797374945366,13.085675799912584,0.88,1.1233333333333333,10.007829020411647,0.88,1.1233333333333333,10.007829020411647,0.88,1.1233333333333333,10.007829020411647,0.88,1.1233333333333333,10.007829020411647,15.484526432658635,3,1.1920928955078125e-07,4.925029244837864,4.227804262091548
ant2a13674cb46ca3186a525307d3f05,10000182,2026-07-14,1.32,2.58,0.24,0.21,2.0248753358904814,0.15,0.178,1.6229002687123852,0.24,0.352,1.1919335124749235,0.24,0.5625,0.8111601074849539,3.0958005374247706,0.55,0.4866666666666667,2.412937293487825,0.24,0.37800000000000006,1.8853498347902602,0.53,0.654,1.5302332231935067,0.47,1.044,1.0821399339161037,3.53069966958052,10,1.1920928955078125e-07,3.9566346322967374,3.829283289348284
ant2a54b966144353eaeabcc889b1205,10000234,2026-03-16,0.1699999999999999,0.31,0.13,0.5328967899967018,7.315799425800232,0.42,0.5055404537753067,6.023639540640185,0.42,0.4871055743592628,4.4225996718858465,0.42,0.4871055743592628,4.4225996718858465,11.62727908128037,0.33,1.040024810851732,8.200930593915153,0.33,0.8408477917351745,6.626744475132123,0.4,0.7274981701213502,4.8726746250943735,0.4,0.7274981701213502,4.8726746250943735,12.923488950264247,9,0.040782272815704346,4.627563972713906,3.4064136353428016
ant2a54b966144353eaeabcc889b1205,10000168,2026-03-18,0.47,0.13,0.5700000000000001,0.5326820657646316,3.1648885372000577,0.5700000000000001,0.6594082919909713,2.645910829760046,0.5700000000000001,0.6484887804792476,1.9539405531733642,0.5700000000000001,0.7144133429868162,1.4003643319040182,4.721821659520092,0.06,0.08320008637459383,2.3633565200880255,0.06,0.7458528384465929,1.9026852160704204,0.06,0.8720951393403908,1.2884568107136138,0.06,0.6136063860136514,0.797074086428168,3.7453704321408408,10,0.040782272815704346,3.864385143710491,2.060881625817194
ant2a7dc9090a989328a912ad0ed3105,10000251,2026-07-06,1.2999999999999998,2.1,1.96,1.86,3.442714203583235,1.65,1.472,2.991171362866588,1.27,1.606,2.2907809085777258,1.4600000000000002,1.695,2.215879664666626,4.332342725733176,3.43,2.9733333333333336,5.341053265693751,2.78,2.428,4.633842612555001,2.16,2.6069999999999998,3.602561741703334,2.5600000000000005,2.8528571428571428,3.593601375028948,6.487685225110002,10,1.1920928955078125e-07,3.879996717705623,4.001286924247653
ant2a8cfe12bb33d30d1be023d923d05,10000050,2026-05-12,0.42,0.05,0.32,0.2501937910660008,4.751247957934028,0.32,0.24387325877489144,3.8649983663472227,0.19,0.2279170810056991,2.5966655775648153,0.19,0.8335462176591363,1.633999346538889,7.409996732694445,0.06,0.06324086044652884,5.429154617987732,0.06,0.21822114774867732,4.355323694390186,0.06,0.16438023668326268,2.9235491295934573,0.06,1.2636691439194936,1.7781294777560739,8.65064738878037,10,0.05793488025665283,6.419204759038923,8.80706527536189
ant2c9c8ec9bec703b75b78e14c5ed05,10000208,2026-04-30,0.9300000000000002,1.47,0.4,0.679393170310954,4.530033166235084,0.4,0.7081664107562157,3.7040265329880673,0.4,0.6392439848330133,2.7600189521343332,0.4,0.6392439848330133,2.7600189521343332,7.008053065976134,0.6699999999999999,1.1555627597877225,5.479531845058195,0.6699999999999999,1.172827103808853,4.517625476046556,0.6699999999999999,1.0637932511419983,3.418303911461825,0.6699999999999999,1.0637932511419983,3.418303911461825,8.365250952093112,9,0.08675432205200195,4.230597117986984,3.5247047292347493
ant2cde0829058e53f6bb0b8f5cd1105,10000168,2026-05-18,1.96,4.04,0.32,0.29333333333333333,3.0711385372000577,0.32,0.636,2.520910829760046,0.32,0.5466666666666667,1.8920791641143184,0.32,0.5466666666666667,1.8920791641143184,4.721821659520092,0.14,0.1366666666666667,2.393356520088026,0.14,0.9880000000000002,1.9426852160704204,0.2,0.8011111111111112,1.4662037257645857,0.2,0.8011111111111112,1.4662037257645857,3.7453704321408408,9,1.1920928955078125e-07,3.978518045480766,3.373386482737775
ant2d23427ca37e83bfa95c99387e505,10000168,2026-07-08,0.29,0.0699999999999999,0.32,0.29333333333333333,3.0711385372000577,0.32,0.636,2.520910829760046,0.32,0.5466666666666667,1.8920791641143184,0.32,0.5466666666666667,1.8920791641143184,4.721821659520092,0.14,0.1366666666666667,2.393356520088026,0.14,0.9880000000000002,1.9426852160704204,0.2,0.8011111111111112,1.4662037257645857,0.2,0.8011111111111112,1.4662037257645857,3.7453704321408408,9,1.1920928955078125e-07,3.7283257258702154,2.5785339869677224
ant2d235568f4ec63615912c32686805,10000193,2026-07-01,0.31,0.6799999999999999,0.4,0.6066666666666668,3.4836118944247825,0.3,0.45,2.816889515539826,0.3,0.598,1.9779263436932177,0.3999999999999999,0.874,1.3867558062159304,5.3337790310796525,0.84,1.21,3.208299134420473,0.69,0.932,2.659639307536379,0.69,1.2349999999999999,2.003092871690919,0.8099999999999999,1.7244999999999997,1.5738557230145513,4.629278615072757,10,1.1920928955078125e-07,3.645354092928669,2.503544694819614
ant2d5bc07e414e13a419cc113a9f505,10000256,2026-07-07,0.36,0.51,0.55,0.7166666666666667,8.384797374945366,0.55,0.7166666666666667,8.384797374945366,0.55,0.7166666666666667,8.384797374945366,0.55,0.7166666666666667,8.384797374945366,13.085675799912584,0.88,1.1233333333333333,10.007829020411647,0.88,1.1233333333333333,10.007829020411647,0.88,1.1233333333333333,10.007829020411647,0.88,1.1233333333333333,10.007829020411647,15.484526432658635,3,1.1920928955078125e-07,4.660552674337617,4.323216522519266
ant2d903afd896e23d14b8cff7688305,10000238,2026-04-06,0.63,1.32,2.21,2.6689975948893645,9.20183756139345,2.21,2.1063622761496763,8.424966721238622,2.21,2.1063622761496763,8.424966721238622,2.21,2.1063622761496763,8.424966721238622,13.396940098229521,4.07,4.736584237805165,9.947922119338884,4.07,3.810758309490974,9.294819661634563,4.07,3.810758309490974,9.294819661634563,4.07,3.810758309490974,9.294819661634563,13.474675390942211,4,0.11872541904449463,4.735991097097274,4.384026584883396
ant2da138deed4c03c0aaa72329d1305,10000209,2026-07-21,0.17,0.3,2.1799999999999997,1.4671922583106414,10.168403291480203,2.1799999999999997,1.4671922583106414,10.168403291480203,2.1799999999999997,1.4671922583106414,10.168403291480203,2.1799999999999997,1.4671922583106414,10.168403291480203,13.363764608072284,3.64,2.5879940915757054,12.195770379964877,3.64,2.5879940915757054,12.195770379964877,3.64,2.5879940915757054,12.195770379964877,3.64,2.5879940915757054,12.195770379964877,15.618078531950825,2,0.16728192567825317,6.929593084235185,3.963055996952523
ant2e0095508059731b498146c767505,10000084,2026-04-23,18.28,26.34,8.0,6.953333333333334,8.541205224361576,8.0,6.953333333333334,8.541205224361576,8.0,6.953333333333334,8.541205224361576,8.0,6.953333333333334,8.541205224361576,8.865928358978522,13.19,10.816666666666666,16.1386640064658,13.19,10.816666666666666,16.1386640064658,13.19,10.816666666666666,16.1386640064658,13.19,10.816666666666666,16.1386640064658,17.90786241034528,3,1.1920928955078125e-07,5.856405881679631,10.307971191563638
ant2e8ec82a870a234b6ad071a53e805,10000149,2026-04-13,6.51,5.780000000000001,1.54,2.5,6.503715851703229,1.54,3.7725,5.952191868180648,1.54,3.7725,5.952191868180648,1.54,3.7725,5.952191868180648,9.481945362725167,2.14,3.2533333333333334,8.705296733759278,2.14,3.99,7.975819318897138,2.14,3.99,7.975819318897138,2.14,3.99,7.975819318897138,12.644474774014846,4,1.1920928955078125e-07,7.357565078546749,10.053670326490078
ant2eda0e360fd633222ad815db62f05,10000084,2026-05-21,0.6799999999999999,0.72,1.29,3.070546380393011,6.024955224361576,1.07,2.038446743439222,4.967964179489261,2.51,3.6080281071109517,4.628642786326174,1.7,2.7983073126285936,3.40617341880441,8.865928358978522,2.21,4.466386821133718,12.0211640064658,0.82,2.9410225286625584,9.36393120517264,2.72,90.87164346141763,7.782620803448427,2.21,59.21092262187877,5.947586288177448,17.90786241034528,10,0.0726500153541565,4.677876000364398,5.425319145390599
ant2edc61615eb84339ca820e8f10205,10000084,2026-03-16,4.29,5.72,0.58,0.9992521937418698,5.758705224361576,1.25,1.5353434420719616,5.057964179489261,1.88,2.0553279754454734,4.208642786326174,2.18,3.425704513906802,3.517185671795704,8.865928358978522,0.61,1.1622371473216295,11.4211640064658,1.5599999999999998,1.5703673170251893,9.73393120517264,2.51,2.3710480064922383,7.642620803448427,2.93,4.706645424673727,5.925572482069056,17.90786241034528,10,0.04659581184387207,6.163168495952323,7.641318127346809
ant2eeb6ec968ef0300eaa690b2a5f05,10000149,2026-03-21,0.33,0.8600000000000001,1.38,2.003500685771543,6.44371585170323,2.25,2.3459065360116247,5.865972681362583,3.77,3.9546759987771143,5.673981787575055,4.279999999999999,5.011667411142333,5.320389072545033,9.481945362725167,2.5100000000000007,3.0995506469734475,8.84404673375928,3.59,3.5766631080941163,8.117237387007423,5.06,6.056591775300861,7.588158258004949,6.209999999999999,7.897718732939255,7.496894954802968,12.644474774014846,10,0.08965849876403809,5.359175386452068,7.405492617002713
ant2fa49b42342683f72bcceec535d05,10000251,2026-07-08,1.23,2.1100000000000003,1.96,1.86,3.442714203583235,1.65,1.472,2.991171362866588,1.27,1.606,2.2907809085777258,1.4600000000000002,1.695,2.215879664666626,4.332342725733176,3.43,2.9733333333333336,5.341053265693751,2.78,2.428,4.633842612555001,2.16,2.6069999999999998,3.602561741703334,2.5600000000000005,2.8528571428571428,3.593601375028948,6.487685225110002,10,1.1920928955078125e-07,3.8234260587467848,3.60396248858655
da54d1ac2b340fa505484c98da5d6705,10000069,2026-05-20,1602.0300000000002,2506.32,353.67,1008.5455499395938,1085.6048354030554,2695.3300000000004,1605.435534781339,2110.0478683224446,2170.6,1904.7876540489506,1955.3219122149628,2497.0,2091.3125451313367,2302.553147328978,1524.7657366448886,2482.13,1974.989787437915,2187.172747626025,3148.4,2435.0501701336775,2579.29919810082,3148.4,2788.7050952901573,2768.999465400547,3148.4,2807.4435629593754,2920.7596792403283,2010.1983962016398,10,0.12345826625823975,875.7560259689421,1020.733692850197
ant57f197c9085891f9fc22c082ab005,1380389889,2026-07-21,1.61,1.64,45.94,52.64426011200428,40.872343461110994,14.02,36.23422373561671,25.925874768888796,29.26,42.28086325778244,32.11724984592587,25.67,39.76667925808293,28.102349907555517,37.83174953777759,53.41,64.15330819534476,47.32170479785127,14.75,43.789041832670705,29.209363838281014,33.5,48.43482497885573,36.889575892187345,22.93,45.40884470003085,27.077745535312403,43.66872767656203,10,0.05778145790100098,14.094094080078424,16.344721212727087
ant6941d4cd5427a096be977a45fe105,10000019,2026-05-12,28.55,36.06,1.24,1.4900000000000002,56.71496841207502,2.53,6.992303918976592,46.26497472966001,2.53,25.415291459729115,38.975812274716674,2.53,25.415291459729115,38.975812274716674,89.99994945932002,1.7900000000000005,2.7633333333333336,69.15932561681274,5.73,8.388615399363765,57.65546049345019,5.73,30.720493966490114,49.001217077875154,5.73,30.720493966490114,49.001217077875154,109.58092098690038,7,0.014444589614868164,25.713661582169166,42.98828780842341
e2d6c020f50cb89eb57c693a853ce405,10000088,2026-03-16,1325.6600000000003,1279.5300000000002,1380.17,1181.3138551116574,738.990744532178,1380.17,1181.3138551116574,738.990744532178,1380.17,1181.3138551116574,738.990744532178,1380.17,1181.3138551116574,738.990744532178,482.51904234504923,1314.45,1249.5283110426628,768.4679122120513,1314.45,1249.5283110426628,768.4679122120513,1314.45,1249.5283110426628,768.4679122120513,1314.45,1249.5283110426628,768.4679122120513,550.0750770968718,2,5.960464477539063e-08,707.691263443956,447.4027869171866
a6479eb1aa4c0ac5b9c35840e91a8905,1380389889,2026-03-30,2.79,4.37,3.95,3.95,32.184791281481324,3.95,3.95,32.184791281481324,3.95,3.95,32.184791281481324,3.95,3.95,32.184791281481324,37.83174953777759,3.99,3.99,37.05560639713502,3.99,3.99,37.05560639713502,3.99,3.99,37.05560639713502,3.99,3.99,37.05560639713502,43.66872767656203,1,0.14447039365768433,64.19075423610857,69.2169585527131
a508f06e0c5e146bbf11bbef7f138605,10000047,2026-04-09,34.95,64.88,58.720000000000006,39.069308351116504,61.242193957436086,58.720000000000006,39.069308351116504,61.242193957436086,58.720000000000006,39.069308351116504,61.242193957436086,58.720000000000006,39.069308351116504,61.242193957436086,62.25107154041051,88.11,58.7829241559965,80.38253164368204,88.11,58.7829241559965,80.38253164368204,88.11,58.7829241559965,80.38253164368204,88.11,58.7829241559965,80.38253164368204,77.29154430115486,2,0.23406648635864258,30.297607937805125,40.26782758953578
ant9afcb7979f469385993de16347105,10000288,2026-07-26,4.06,5.7700000000000005,0.7400000000000001,0.6733333333333335,9.743335258656131,0.5,0.6300000000000001,8.636298007694338,0.5,0.6300000000000001,8.636298007694338,0.5,0.6300000000000001,8.636298007694338,15.14533641384981,0.0,0.0,10.635622791651025,0.0,0.1625,9.453886925912023,0.0,0.1625,9.453886925912023,0.0,0.1625,9.453886925912023,17.01699646664164,4,1.1920928955078125e-07,5.294765505258228,4.256191722378587
ant9afcb7979f469385993de16347105,10000303,2026-07-26,1.66,0.0,2.22,2.0266666666666664,6.130208099696324,2.22,2.0266666666666664,6.130208099696324,2.22,2.0266666666666664,6.130208099696324,2.22,2.0266666666666664,6.130208099696324,8.476332959514119,0.0,0.0,4.834568634327804,0.0,0.0,4.834568634327804,0.0,0.0,4.834568634327804,0.0,0.0,4.834568634327804,7.735309814924486,3,1.1920928955078125e-07,4.979016611554616,2.402317381698891
bb89c544b7f18ea8dfc5eadb80179705,10000278,2026-06-21,611.6600000000001,377.55,32.27,32.223333333333336,207.5365031343814,32.27,30.364,172.48320250750513,39.56,78.84,144.61246346731164,39.56,78.84,144.61246346731164,312.69640501501027,30.09,36.52333333333333,230.76506896303763,30.09,36.672,190.6300551704301,60.16,119.62,172.08696551571546,60.16,119.62,172.08696551571546,351.1701103408602,8,1.1920928955078125e-07,150.34204417620475,154.82342328693235
bb89c544b7f18ea8dfc5eadb80179705,10000292,2026-06-21,1633.9800000000002,1041.52,824.29,1044.1466666666668,744.2081484023279,520.69,799.586,608.4245187218623,515.99,678.3816666666668,597.8850170198748,515.99,678.3816666666668,597.8850170198748,696.1590374437245,1313.47,1171.9666666666667,937.0809624769713,587.71,883.5080000000002,649.4787699815771,573.0600000000001,756.255,635.8725181650701,573.0600000000001,756.255,635.8725181650701,711.2475399631542,6,1.1920928955078125e-07,336.9581651402502,376.8318032371318
dc49a5ccd40d0d0d27687ab51c245205,10000280,2026-04-01,1611.6,807.4399999999999,940.92,1382.6957048991533,848.1937889839239,940.92,1532.2969758470167,866.7390311871392,940.92,1209.0106082569976,891.4660207914262,940.92,1350.0708574727128,911.2476124748556,792.5580623742784,495.59,929.1567742846312,596.7626289379147,495.59,1123.8304997419382,576.5281031503317,495.59,1057.493629204647,549.5487354335545,495.59,1069.2088654404185,527.9652412601326,657.4662063006634,10,0.028938889503479004,1764.30835518729,878.1523713107181
630cd721f549a0d82bb748657e97f205,1381526443,2026-03-18,3196.14,4345.67,1186.48,1099.2725142192457,649.7397238902768,1186.48,882.2250865062846,709.3775323469126,1186.48,882.2250865062846,709.3775323469126,1186.48,882.2250865062846,709.3775323469126,327.6955582244427,2213.85,2058.904670834471,1173.8324881301241,2213.85,1647.8257785333892,1289.3899894489994,2213.85,1647.8257785333892,1289.3899894489994,2213.85,1647.8257785333892,1289.3899894489994,549.8219810081989,4,0.12333500385284424,534.7695446847384,969.949670718146
63fcb4d1b533281f748812db8d18b505,10000292,2026-07-01,274.1,264.93,951.8,1273.5996783253263,792.0243984023277,932.19,1001.5737006331304,814.1745187218623,684.1700000000001,729.8199892304119,688.1663458145749,684.1700000000001,760.9793727977523,687.5002881788124,696.1590374437245,820.48,924.7022631691179,752.2097124769714,813.16,812.686435650299,762.2037699815771,660.55,638.1904944419085,677.449179987718,660.55,693.5405950400711,674.632649989765,711.2475399631542,10,0.12900525331497192,709.9577982099024,522.6602988674623
832ed4d831d99a7d140b5cf1d0c42205,10000292,2026-04-14,288.18,330.26,824.29,1044.1466666666668,744.2081484023279,520.69,799.586,608.4245187218623,515.99,678.3816666666668,597.8850170198748,515.99,678.3816666666668,597.8850170198748,696.1590374437245,1313.47,1171.9666666666667,937.0809624769713,587.71,883.5080000000002,649.4787699815771,573.0600000000001,756.255,635.8725181650701,573.0600000000001,756.255,635.8725181650701,711.2475399631542,6,1.1920928955078125e-07,182.79815049333365,162.39188862840632
antf8c5b8815f2cc199c0e84a926ae05,10000019,2026-03-20,3.8,4.0600000000000005,11.97,11.031485999325954,60.738718412075016,11.97,11.627110229133871,50.98497472966001,6.13,8.59383199744871,34.08664981977334,4.49,8.594505154987786,21.591989891864003,89.99994945932002,13.419999999999998,12.31337372565699,73.52057561681274,13.419999999999998,14.058420285932925,61.50046049345019,7.58,10.539050977895043,41.580306995633464,5.03,11.171439362197496,25.940184197380074,109.58092098690038,10,0.08523738384246826,25.026293165413914,39.47202974706565
antf8c5b8815f2cc199c0e84a926ae05,1380389889,2026-04-16,10.54,12.11,19.93,20.79078483410552,31.118593461110994,19.93,21.23471844621214,28.880874768888795,18.12,15.04333992030326,24.6905831792592,18.12,19.42492314161144,22.062349907555518,37.83174953777759,24.35,25.01412764355612,36.42420479785127,24.35,24.850236305408117,34.00936383828102,22.32,17.38088927786458,29.436242558854012,14.9,20.93992297252017,20.653745535312403,43.66872767656203,10,0.08670103549957275,21.10894700468728,30.529012653036915
e3ffe88b5c1f833f0b0060e8fa941605,10000001,2026-05-16,0.07,0.0,0.07,0.07000000000000002,10.732664336728158,0.07,0.07183834224335835,9.547923854869474,0.07,0.07183834224335835,9.547923854869474,0.07,0.07183834224335835,9.547923854869474,17.130262938765053,0.0,0.0,12.287861945583167,0.0,0.0,10.922543951629482,0.0,0.0,10.922543951629482,0.0,0.0,10.922543951629482,19.660579112933068,4,0.05778205394744873,111.22747787705424,48.5082519092758
ba5024d7d40224795b9fa4d96358f306,10000278,2026-04-01,1357.23,953.34,126.34,115.07542847996275,242.8127531343814,126.34,132.076977508375,219.51820250750512,154.59,339.3390559087467,207.29213500500344,154.59,546.5805382472319,186.21128100300206,312.69640501501027,153.47,115.65625159997127,277.03256896303765,153.47,132.18935837273844,252.32005517043012,182.7,375.4552024080819,238.85670344695342,207.51,644.7619652327656,236.24202206817205,351.1701103408602,10,0.04861968755722046,194.99641676955912,231.9131441318613
ba5024d7d40224795b9fa4d96358f306,10000281,2026-04-02,327.8299999999999,386.23,1251.8000000000002,2074.6621451637607,1202.5203548662832,1028.3300000000002,1580.3538448197903,1100.6412838930266,1028.3300000000002,1401.9503693452245,1076.5375225953512,1028.3300000000002,1674.8242197372406,1057.2545135572109,1172.9525677860531,980.4399999999998,2045.3472086817399,1084.3766562083101,898.85,1588.178000158447,1022.794324966648,898.85,1485.0854328645055,981.4795499777654,898.85,1600.5455445364307,948.4277299866592,1146.738649933296,10,0.04861968755722046,1073.2517776680163,1060.3381951938125
ba5024d7d40224795b9fa4d96358f306,10000295,2026-04-24,18.78,139.39,280.0,356.88914070283283,192.5962333061107,225.13,261.5533650653636,182.64198664488856,131.52,180.83002640647538,134.39799109659236,105.47,154.28938120909027,112.69582776870355,140.1539732897771,696.33,689.1175908567338,398.2351827520497,291.93999999999994,502.25737854632257,255.65914620163971,73.59,311.30116687685717,122.18609746775985,73.92,286.00843247315345,104.22381091734991,219.37829240327952,10,0.04861968755722046,121.87804380330512,170.7777003189679
ant16caf26500a66495d714584ac0206,10000184,2026-03-16,15.22,38.93000000000001,4.94,15.781298355753595,50.60838088688285,4.94,15.781298355753595,50.60838088688285,4.94,15.781298355753595,50.60838088688285,4.94,15.781298355753595,50.60838088688285,68.87573324163598,12.409999999999998,40.20211015826404,64.58525173425491,12.409999999999998,40.20211015826404,64.58525173425491,12.409999999999998,40.20211015826404,64.58525173425491,12.409999999999998,40.20211015826404,64.58525173425491,85.45535242795688,2,0.08495324850082397,16.050858856774052,24.73805274902113
ant16caf26500a66495d714584ac0206,10000006,2026-05-18,16.05,15.69,9.77,13.562749446684638,21.364276681336126,9.77,13.875933986574848,19.045421345068902,9.77,12.849261458942841,15.953614230045936,9.77,11.96215771109219,13.48016853802756,28.320842690137802,14.29,15.172030816870345,28.071747124718875,14.29,14.636354348666403,25.3153976997751,14.29,14.100528621825976,21.6402651331834,13.829999999999998,13.216256811105762,18.33215907991004,36.3407953995502,10,0.062319040298461914,13.30418123975194,17.828503931497977
ant1b3c7d2382ac0fd68e702f1149306,10000139,2026-03-16,30.33,30.57,13.14,16.97225844663342,20.620777470685397,8.33,12.924605175343896,16.719621976548318,13.14,14.327638754265047,17.129747984365547,8.33,10.854329336371404,12.14346453479469,25.109243953096637,22.34,19.84084890002194,29.311886277467956,6.68,13.185638159559122,20.087509021974366,19.8,15.533925945842318,24.36500601464958,8.57,11.631983297768281,14.234776828170167,33.49501804394873,10,0.08523738384246826,10.587981682123589,13.531396559988211
ant1b3c7d2382ac0fd68e702f1149306,10000006,2026-07-22,4.12,4.97,30.11,43.68904472575363,28.991776681336127,30.11,38.24801848577437,29.2154213450689,19.360000000000003,25.511280748604268,22.34694756337927,14.68,23.570513088171552,17.40816853802756,28.320842690137802,28.08,37.53622641400248,33.242997124718876,28.08,33.70884732587314,32.2103976997751,18.4,23.147230658996136,24.3802651331834,18.4,23.554294309761456,21.988159079910037,36.3407953995502,10,0.07222235202789307,11.974788062177051,14.554387288679894
8382d15a9818ed3d9b3f5b320fe78006,10000069,2026-04-01,908.54,1324.2,1177.53,1139.8775734841106,1394.5523354030554,1281.51,1377.9300293757242,1403.1378683224443,1467.4699999999998,1635.4110256942192,1486.5685788816295,1305.3,1495.231655536428,1366.2627046235802,1524.7657366448886,2173.16,2075.5794145481104,2071.308997626025,2173.16,2197.0302958548964,2091.67919810082,2186.57,2301.6541681577164,2127.7794654005465,2173.16,2059.4064572086195,2127.892887833789,2010.1983962016398,10,0.02137988805770874,1553.4426471915758,1636.604372859681
8382d15a9818ed3d9b3f5b320fe78006,10000000,2026-07-16,975.54,1609.86,392.92792877273894,392.92792877273894,392.92792877273894,392.92792877273894,392.92792877273894,392.92792877273894,392.92792877273894,392.92792877273894,392.92792877273894,392.92792877273894,392.92792877273894,392.92792877273894,392.92792877273894,560.6554464087454,560.6554464087454,560.6554464087454,560.6554464087454,560.6554464087454,560.6554464087454,560.6554464087454,560.6554464087454,560.6554464087454,560.6554464087454,560.6554464087454,560.6554464087454,560.6554464087454,0,,777.2735172610476,828.6400471973836
ant217414c711e9a3348bc8883e28706,10000168,2026-03-19,0.37,0.09,0.3999999999999999,0.35338186136696786,3.1011385372000575,0.32,0.31665577002763895,2.520910829760046,0.32,0.32852096801042785,1.7872738865066975,0.26,0.33927816613937795,1.1523643319040182,4.721821659520092,0.09,0.19482474283101842,2.3746065200880255,0.09,0.1693997527075517,1.9176852160704203,0.09,0.13577543337970444,1.3084568107136139,0.05,0.17648174326085467,0.789074086428168,3.7453704321408408,10,0.07476264238357544,3.544039489835121,2.002810637029862
ant22653bc59146832b18b0e124bd306,10000251,2026-04-25,0.28,0.7999999999999999,1.96,1.86,3.442714203583235,1.65,1.472,2.991171362866588,1.27,1.606,2.2907809085777258,1.4600000000000002,1.695,2.215879664666626,4.332342725733176,3.43,2.9733333333333336,5.341053265693751,2.78,2.428,4.633842612555001,2.16,2.6069999999999998,3.602561741703334,2.5600000000000005,2.8528571428571428,3.593601375028948,6.487685225110002,10,1.1920928955078125e-07,3.81259833570252,3.389244006235384
ant2435bc1562b583d27b4865b7c4f06,10000193,2026-07-04,0.01,0.1099999999999999,1.0,0.8990432997099977,3.7086118944247826,1.0,1.1968827965955195,3.4076550172664737,1.0,1.1968827965955195,3.4076550172664737,1.0,1.1968827965955195,3.4076550172664737,5.3337790310796525,1.98,1.8020665889179035,3.6357991344204734,1.98,2.3368421711010603,3.4518214528181987,1.98,2.3368421711010603,3.4518214528181987,1.98,2.3368421711010603,3.4518214528181987,4.629278615072757,4,0.06756079196929932,3.6064264210475754,2.6304806026544894
ant24d672b2b71b8395a875e3841af06,10000218,2026-03-16,0.15,0.38,0.26,0.25438009848429655,7.560869927518012,0.26,0.4087778478392091,6.10069594201441,0.3,0.48671804942187025,4.18046396134294,0.3,0.46466349496021714,3.7239387894202407,11.94139188402882,0.33,0.45561091808337323,8.896189813850356,0.41,0.7887756156168526,7.222951851080285,0.41,0.8774885782727017,4.951967900720191,0.41,0.8535907572056919,4.417618735929578,14.035903702160569,10,0.08504772186279297,4.34899974243325,4.04131046258513
ant25024b6afbfa33784a065f5431806,10000182,2026-06-13,1.15,0.06,0.0799999999999999,0.29447062138582303,1.9648753358904816,0.0999999999999999,0.3553392382648341,1.5979002687123853,0.76,1.2433949539777567,1.5386001791415902,0.76,1.082756730057668,1.246625111963494,3.0958005374247706,0.2,1.0891625742495048,2.2816872934878254,0.22,0.9825284694452897,1.8753498347902602,0.64,2.0177654960440123,1.60356655652684,0.65,1.8201048859339517,1.250145764495942,3.53069966958052,10,0.0624997615814209,3.9467180040809744,2.977435264889407
ant2523546dbcfec3d46b46f4a03ab06,10000129,2026-07-28,0.15,0.01,1.94,4.2633333333333345,5.911721835325612,1.94,3.77,5.117377468260489,1.94,3.77,5.117377468260489,1.94,3.77,5.117377468260489,8.29475493652098,3.13,4.72,7.066878655455132,3.13,4.114,6.279502924364106,3.13,4.114,6.279502924364106,3.13,4.114,6.279502924364106,9.429005848728211,5,1.1920928955078125e-07,4.718099057826031,3.7376951102373663
ant259811e0e8f033b6abd4089ab2d06,10000149,2026-05-29,4.23,8.0,1.54,2.5,6.503715851703229,1.54,3.7725,5.952191868180648,1.54,3.7725,5.952191868180648,1.54,3.7725,5.952191868180648,9.481945362725167,2.14,3.2533333333333334,8.705296733759278,2.14,3.99,7.975819318897138,2.14,3.99,7.975819318897138,2.14,3.99,7.975819318897138,12.644474774014846,4,1.1920928955078125e-07,6.229397921605559,7.971164717005379
ant26018df10b72b3f268d0910403d06,10000208,2026-07-05,0.8999999999999999,1.06,0.37,0.8433333333333334,4.5187831662350835,0.37,0.8433333333333334,4.5187831662350835,0.37,0.8433333333333334,4.5187831662350835,0.37,0.8433333333333334,4.5187831662350835,7.008053065976134,0.49,1.2033333333333334,5.412031845058195,0.49,1.2033333333333334,5.412031845058195,0.49,1.2033333333333334,5.412031845058195,0.49,1.2033333333333334,5.412031845058195,8.365250952093112,3,1.1920928955078125e-07,3.8830085853179255,3.0724894883507674
ant26018df10b72b3f268d0910403d06,10000303,2026-07-05,1.25,0.0,2.22,2.0266666666666664,6.130208099696324,2.22,2.0266666666666664,6.130208099696324,2.22,2.0266666666666664,6.130208099696324,2.22,2.0266666666666664,6.130208099696324,8.476332959514119,0.0,0.0,4.834568634327804,0.0,0.0,4.834568634327804,0.0,0.0,4.834568634327804,0.0,0.0,4.834568634327804,7.735309814924486,3,1.1920928955078125e-07,4.228549327226622,2.314082116988227
ant26a8b194b11d333c78d04a41b5a06,10000182,2026-03-16,0.1699999999999999,0.39,0.22,0.37067207159804044,2.0173753358904816,0.7,1.1347983887584256,1.8979002687123852,0.81,1.5090813753299508,1.5719335124749236,0.81,1.2236335055857024,1.2671601074849541,3.0958005374247706,0.65,0.8760014299854186,2.450437293487825,0.65,1.0126123692374849,2.0903498347902603,0.8400000000000001,1.3761502181055683,1.7368998898601735,1.03,1.4104903192893485,1.530139933916104,3.53069966958052,10,0.12028253078460693,3.263852736083816,2.582530078385352
ant26adb7f274be133d08870b0a81206,10000168,2026-05-16,0.26,0.15,0.32,0.29333333333333333,3.0711385372000577,0.32,0.636,2.520910829760046,0.32,0.5466666666666667,1.8920791641143184,0.32,0.5466666666666667,1.8920791641143184,4.721821659520092,0.14,0.1366666666666667,2.393356520088026,0.14,0.9880000000000002,1.9426852160704204,0.2,0.8011111111111112,1.4662037257645857,0.2,0.8011111111111112,1.4662037257645857,3.7453704321408408,9,1.1920928955078125e-07,3.5185878120790077,2.1758702968683874
ant27eedeebbc0e031abb7916e85f006,10000238,2026-03-16,0.98,2.12,1.22,0.7660020697609519,9.91781435587823,1.22,0.7660020697609519,9.91781435587823,1.22,0.7660020697609519,9.91781435587823,1.22,0.7660020697609519,9.91781435587823,13.396940098229521,2.56,1.6048911467612479,10.356196707815865,2.56,1.6048911467612479,10.356196707815865,2.56,1.6048911467612479,10.356196707815865,2.56,1.6048911467612479,10.356196707815865,13.474675390942211,2,0.029147863388061523,4.685766616631343,4.006449629109067
ant27f15a27f8dd73cd48ec591bdcf06,10000227,2026-03-16,0.37,0.75,1.18,1.494541459037256,7.6904108091616425,1.18,1.494541459037256,7.6904108091616425,1.18,1.494541459037256,7.6904108091616425,1.18,1.494541459037256,7.6904108091616425,11.596657294658629,2.04,2.8704153743133904,9.375700088438492,2.04,2.8704153743133904,9.375700088438492,2.04,2.8704153743133904,9.375700088438492,2.04,2.8704153743133904,9.375700088438492,13.777120141501587,3,0.10275965929031372,4.353009334886977,3.675233641112032
ant27f15a27f8dd73cd48ec591bdcf06,10000251,2026-03-16,2.18,4.01,0.3,1.8671583325368473,2.820214203583235,1.4300000000000002,2.023818654183795,2.8811713628665885,1.4300000000000002,1.7186914734718406,2.3974475752443922,1.4300000000000002,1.9207864824950946,2.0104685451466353,4.332342725733176,0.8300000000000001,3.330024549897477,4.366053265693751,2.28,3.5830327140214218,4.383842612555001,2.28,3.1455525290713937,3.682561741703334,2.28,3.566192209663044,3.121537045022,6.487685225110002,10,0.059056758880615234,3.9295454648672665,3.7497743172574696
ant28b96889622743f3da32de732e106,10000149,2026-05-11,6.0,11.13,6.47,6.915824284601828,8.35246585170323,6.47,5.871935556332959,7.975972681362583,6.47,6.789294374605072,7.473981787575055,6.47,6.7749763005780315,7.072389072545033,9.481945362725167,6.460000000000001,9.584987101029325,10.325296733759279,6.460000000000001,7.612011352079122,9.552237387007423,7.240000000000001,9.385025352838914,9.041491591338282,7.54,9.656192989336368,8.560894954802968,12.644474774014846,10,0.06756287813186646,5.307202231642626,7.593348368948227
ant2922403adbaef3600a72a08039b06,10000038,2026-03-31,0.2799999999999999,0.15,5.27,7.329999999999999,6.5496940006466335,5.27,8.7625,6.407505778352563,5.27,8.7625,6.407505778352563,5.27,8.7625,6.407505778352563,7.317510401034613,8.809999999999999,8.116666666666667,8.630455846777746,8.809999999999999,8.88,8.650405197135774,8.809999999999999,8.88,8.650405197135774,8.809999999999999,8.88,8.650405197135774,8.522729354844394,4,1.1920928955078125e-07,6.04604035873731,5.778354811755261
ant294a15858ffa93a4183b4f1d0f206,10000256,2026-06-23,0.47,0.7600000000000001,0.55,0.7166666666666667,8.384797374945366,0.55,0.7166666666666667,8.384797374945366,0.55,0.7166666666666667,8.384797374945366,0.55,0.7166666666666667,8.384797374945366,13.085675799912584,0.88,1.1233333333333333,10.007829020411647,0.88,1.1233333333333333,10.007829020411647,0.88,1.1233333333333333,10.007829020411647,0.88,1.1233333333333333,10.007829020411647,15.484526432658635,3,1.1920928955078125e-07,4.669824291960505,4.460962810955646
ant29e8e411337d431abae5aadfa7806,10000099,2026-03-19,0.16,0.22,0.8500000000000001,0.7832909051074173,7.93554270152767,0.52,0.6749485576128811,6.353434161222136,0.76,0.9667968888900537,4.568956107481425,0.6499999999999999,1.3513492440761419,2.957373664488854,12.186868322444273,1.41,1.178219040185395,9.392194125512427,0.5599999999999999,0.9425001402404518,7.370755300409941,0.92,0.9824402057897073,5.340503533606628,0.82,1.7214209004258036,3.492302120163976,14.181510600819882,10,0.04987537860870361,6.2910800833779374,6.465167050643959
ant2a17154faae41351ba269b6ff3f06,10000251,2026-05-03,2.68,0.6400000000000001,5.109999999999999,4.107467895390061,4.623964203583235,0.28,2.5990025209168888,2.3061713628665883,0.28,1.5733180471916068,1.6307809085777256,0.28,1.4817598447548939,1.0904685451466352,4.332342725733176,8.57,6.982117103808314,7.268553265693751,0.91,4.529377593714921,3.698842612555001,0.86,2.8234499894176155,2.7358950750366673,0.86,2.777079139319847,1.9855370450220002,6.487685225110002,10,0.07846903800964355,4.166604867325823,3.875804456537152
ant2a17154faae41351ba269b6ff3f06,10000288,2026-05-03,0.55,0.0,0.14,0.268272298677362,10.85809743846415,0.14,0.268272298677362,10.85809743846415,0.14,0.268272298677362,10.85809743846415,0.14,0.268272298677362,10.85809743846415,15.14533641384981,0.0,0.0,12.1549974761726,0.0,0.0,12.1549974761726,0.0,0.0,12.1549974761726,0.0,0.0,12.1549974761726,17.01699646664164,2,0.11972248554229736,4.914485899393556,3.831278607618935
ant2a3ede917081237ccab7a3a872806,10000227,2026-03-16,0.42,0.8099999999999999,0.65,0.5866988837191718,7.491660809161643,0.65,0.642180722661968,6.1233286473293145,0.55,0.5615088447887534,4.232219098219543,0.55,0.5571610139245273,3.7990168513701845,11.596657294658629,1.14,1.0900711387273971,9.038200088438492,1.14,1.2161067443841833,7.458560070750794,1.06,1.0272765452221708,5.299040047167197,1.06,1.0258829837260668,4.800329453382819,13.777120141501587,10,0.04333764314651489,4.581002083749655,4.082506954976647
ant2a57947dc92e8323bb3ab305c1b06,10000168,2026-06-16,0.48,0.48,0.32,0.29333333333333333,3.0711385372000577,0.32,0.636,2.520910829760046,0.32,0.5466666666666667,1.8920791641143184,0.32,0.5466666666666667,1.8920791641143184,4.721821659520092,0.14,0.1366666666666667,2.393356520088026,0.14,0.9880000000000002,1.9426852160704204,0.2,0.8011111111111112,1.4662037257645857,0.2,0.8011111111111112,1.4662037257645857,3.7453704321408408,9,1.1920928955078125e-07,3.710294305123916,2.6695144355950875
ant2a76bf32cc24333928c2caa2da306,10000182,2026-06-20,1.4500000000000002,3.0,3.82,2.7593278200357876,3.3673753358904817,2.21,2.2240002867673336,2.6529002687123855,0.37,1.3078712141363946,1.2786001791415902,0.37,1.1747817268102496,1.0190001279582788,3.0958005374247706,1.83,3.727242247144749,2.892937293487825,1.83,3.3591646606883816,2.68034983479026,0.44,1.9505156687470104,1.4702332231935067,0.61,1.6293195833767313,1.3054046832334572,3.53069966958052,10,0.10134214162826538,3.587746235245937,3.173849484554083
ant2aa78286c9a753ee4baef85f41006,10000251,2026-03-17,3.55,5.93,0.74,1.2861160861600924,2.985214203583235,2.24,1.7960262260530198,3.2861713628665883,2.66,2.0062204116467166,3.2174475752443925,2.66,2.2861359636017324,2.9944685451466353,4.332342725733176,0.99,2.2175446409379256,4.426053265693751,4.02,3.009063947046289,5.253842612555001,4.42,3.2881114403594873,5.109228408370001,4.02,3.5950048471632523,4.513537045022,6.487685225110002,10,1.1920928955078125e-07,4.312004031101551,4.2447400482188
ant2bf3400a0e26632e182f734f13206,10000129,2026-07-29,1.98,0.05,5.08,4.584833833763626,7.0892218353256125,3.0,3.5376341909446465,5.64737746826049,5.08,4.150530293019994,6.151584978840327,2.53,3.4807855292171825,3.6829509873041957,8.29475493652098,3.64,3.140664465684026,7.258128655455132,3.64,2.7460945345363945,6.534502924364106,3.88,4.135576522201219,5.729668616242737,3.06,3.650668309455498,4.333801169745643,9.429005848728211,10,8.58306884765625e-06,5.677308022981109,6.840709363158726
ant2c36356a461c53d839a6e61567606,10000084,2026-03-27,2.6299999999999994,1.4600000000000002,0.92,1.906559434099907,5.886205224361576,0.92,1.8895075987274508,4.892964179489261,1.04,2.645385344362619,3.648642786326174,3.16,3.399857600415717,4.301185671795705,8.865928358978522,1.41,2.165149922494545,11.7211640064658,1.41,2.271453390330605,9.65893120517264,1.41,3.6971468400716265,6.909287470115094,3.95,4.271712185605745,6.7415724820690555,17.90786241034528,10,0.014444589614868164,5.690431714097052,6.828415222583756
ant2c7f3c0e25bbc3c4a9edfc0cda006,10000288,2026-07-09,2.21,3.4,0.7400000000000001,0.6733333333333335,9.743335258656131,0.5,0.6300000000000001,8.636298007694338,0.5,0.6300000000000001,8.636298007694338,0.5,0.6300000000000001,8.636298007694338,15.14533641384981,0.0,0.0,10.635622791651025,0.0,0.1625,9.453886925912023,0.0,0.1625,9.453886925912023,0.0,0.1625,9.453886925912023,17.01699646664164,4,1.1920928955078125e-07,5.411315635842085,4.61779342850202
ant2c8c6f4216997310ab73932036906,10000149,2026-05-11,8.790000000000001,21.06,4.32,4.2120826116332895,7.54621585170323,4.32,5.278032226106691,6.900972681362584,4.32,5.584595035095023,6.0406484542417225,4.32,6.125144924309757,5.352389072545034,9.481945362725167,11.760000000000002,9.926007745644457,12.312796733759278,11.760000000000002,11.017556048486245,12.202237387007424,8.58,9.719231719206375,9.934824924671616,8.58,10.545416866403373,9.39289495480297,12.644474774014846,10,0.06983643770217896,6.462640688839883,8.797175091601165
ant2d30de81c1dac3ab5bedf99b16a06,10000038,2026-06-22,0.08,0.2699999999999999,0.07,0.6677733031975911,4.599694000646633,0.8000000000000002,2.251754206957837,4.058755200517306,1.89,5.070822148893151,3.6991701336782046,1.89,5.318385486328711,2.9755020802069225,7.317510401034613,0.0,0.45325668044652506,5.326705846777746,0.8,2.915518739700429,4.661364677422197,1.02,5.573949588383539,3.520909784948132,1.77,6.455035936822437,3.1205458709688783,8.522729354844394,10,0.09657847881317139,12.424590985918131,7.506711915012207
ant2e183de48f41939bb856ff9bece06,10000251,2026-03-16,6.28,10.15,3.66,4.056859478400302,4.080214203583235,3.66,4.193988843775306,3.9961713628665883,3.53,3.263105450772533,3.7974475752443917,2.61,2.6560584726018828,2.9544685451466353,4.332342725733176,6.359999999999999,6.73296051852198,6.439803265693751,6.359999999999999,6.977980618996258,6.423842612555001,5.8500000000000005,5.418534172567471,6.062561741703334,4.51,4.504616281216051,4.905537045022,6.487685225110002,10,0.014650046825408936,5.230280417860754,7.449513308290291
ant2e9c9dae2893138f8b929de175806,10000038,2026-03-16,0.3400000000000001,0.37,0.24,0.2555343691088615,4.663444000646633,0.3699999999999999,0.3720178294896441,3.8437552005173066,0.7,3.4433415869971755,2.9058368003448716,0.44,3.7775599344697337,1.8155020802069224,7.317510401034613,0.0,0.0863675222640199,5.326705846777746,0.09,0.09512108768075882,4.306364677422197,0.29,3.3694466830872662,3.034243118281465,0.26,4.251650245567643,1.9125458709688783,8.522729354844394,10,0.006188035011291504,6.540328821570903,5.492996865604459
ant2e9c9dae2893138f8b929de175806,10000084,2026-07-03,2.41,2.29,7.27,11.00023784235591,8.267455224361576,3.78,7.9586904561769325,6.322964179489261,2.89,5.338056617729747,4.881976119659507,3.09,5.159821174358708,4.245185671795704,8.865928358978522,9.5,14.397544989914497,14.7549140064658,4.72,10.452289371635148,11.31393120517264,4.36,7.118932418513759,8.875954136781761,4.36,7.085653792723566,7.069572482069056,17.90786241034528,10,0.014538466930389404,7.364768961049434,8.72156598364607
ant2f072a9cfebc33e74aaffa9bc7406,10000193,2026-07-19,1.43,2.97,0.4,0.6066666666666668,3.4836118944247825,0.3,0.45,2.816889515539826,0.3,0.598,1.9779263436932177,0.3999999999999999,0.874,1.3867558062159304,5.3337790310796525,0.84,1.21,3.208299134420473,0.69,0.932,2.659639307536379,0.69,1.2349999999999999,2.003092871690919,0.8099999999999999,1.7244999999999997,1.5738557230145513,4.629278615072757,10,1.1920928955078125e-07,3.750318194711233,2.794016833144835
ant2f46945fcfa4734eb809050192606,10000181,2026-03-16,0.27,0.5299999999999999,0.32,0.4159897355682037,7.164217077684262,0.68,0.54399220139728,5.97537366214741,0.56,0.5464741830921512,5.428521511043101,0.56,0.5464741830921512,5.428521511043101,11.27074732429482,0.26,0.6131208111789841,8.173664370436876,0.39,0.7487492896365924,6.655931496349501,0.39,0.7877052809894195,6.086301360317728,0.39,0.7877052809894195,6.086301360317728,12.921862992699001,6,0.07466989755630493,4.253300191289906,3.664594385284335
ant2f4ffbdfd505d3c879cee57fa7006,10000099,2026-03-19,10.78,14.05,26.4,26.4,14.555723602036895,26.4,26.4,14.555723602036895,26.4,26.4,14.555723602036895,26.4,26.4,14.555723602036895,12.186868322444273,34.7,34.699999999999996,17.60125883401657,34.7,34.699999999999996,17.60125883401657,34.7,34.699999999999996,17.60125883401657,34.7,34.699999999999996,17.60125883401657,14.181510600819882,1,1.1920928955078125e-07,9.907520495708996,11.98071210064802
ant2f522c6b8b6753020a2bf91cb2606,10000038,2026-03-16,0.6900000000000002,0.33,0.4,0.7267978442740575,4.723444000646634,0.4,1.5288889917016433,3.8587552005173067,0.4,2.022823959909789,2.7058368003448714,0.8700000000000001,3.2593000127506926,2.1595020802069227,7.317510401034613,0.19,0.9752555964605776,5.397955846777746,0.19,1.969645356043327,4.356364677422197,0.19,2.841063687406614,2.967576451614798,0.42,4.128772056518024,2.040545870968878,8.522729354844394,10,0.02889007329940796,7.669159575026569,9.15386609632648
ant2f730173c5b833af6b7f0c7206a06,10000251,2026-06-13,0.6000000000000001,1.13,3.18,3.4676781190053876,3.9002142035832357,3.18,3.3268387979647853,3.7561713628665885,3.870000000000001,3.5047560184777056,4.024114241911059,3.45,3.1208221856077105,3.6264685451466354,4.332342725733176,5.23,5.787508972350674,6.016053265693751,5.23,5.541866215847316,5.8588426125550015,5.98,5.829174883888292,6.149228408370001,5.98,5.16194488769655,6.081537045022001,6.487685225110002,10,0.02898925542831421,3.702559338733522,3.271991581151684
ant2f7ffc72dc5193489b1f12e307a06,10000084,2026-05-14,1.51,1.64,4.26,4.077898455235219,7.138705224361576,4.26,4.111140080071879,6.562964179489261,1.35,2.6572085579198164,3.8553094529928407,1.55,2.5410946447656744,3.0131856717957044,8.865928358978522,6.0,6.215433734036996,13.4424140064658,6.0,6.08638682527567,11.95393120517264,2.21,3.7853763141831007,7.442620803448428,2.21,3.7369205891896584,5.349572482069055,17.90786241034528,10,0.07634139060974121,5.241000340912666,7.093738742673224
ant2fb7ca86340563aa2b911db126d06,10000208,2026-07-13,0.26,0.11,0.53,0.5122140869670304,4.578783166235084,0.53,0.8341645816991179,3.7690265329880672,0.53,0.7444063418636139,2.6893510219920453,0.53,0.7444063418636139,2.6893510219920453,7.008053065976134,0.5900000000000001,0.6342126213363205,5.449531845058195,0.5900000000000001,1.2297333065999712,4.477625476046556,0.81,1.129197595467194,3.3284169840310374,0.81,1.129197595467194,3.3284169840310374,8.365250952093112,10,0.04988652467727661,3.63805289796445,2.652797769881293
a4a3f9603ce4c49bba6f3499969fa506,10000001,2026-07-29,0.21,0.0,0.12,0.15619912780269893,10.751414336728159,0.12,0.1412405137300634,8.625131469382527,0.08,0.12088668242401922,5.763420979588352,0.08,0.11486285109291694,4.342565734691263,17.130262938765053,0.0,0.0,12.287861945583167,0.0,0.0,9.830289556466534,0.0,0.0,6.55352637097769,0.0,0.0,4.915144778233267,19.660579112933068,10,0.10111910104751587,17.449309665594594,6.04454902839094
ant351d350e450d70e00272fbdc24e06,10000019,2026-05-25,83.94,103.02,4.23,30.639999999999997,65.49424961380002,4.23,30.639999999999997,65.49424961380002,4.23,30.639999999999997,65.49424961380002,4.23,30.639999999999997,65.49424961380002,89.99994945932002,6.67,19.11,80.17780070492884,6.67,19.11,80.17780070492884,6.67,19.11,80.17780070492884,6.67,19.11,80.17780070492884,109.58092098690038,2,1.1920928955078125e-07,36.05514610774578,55.46589545718303
ant39ff9837baf90475db0fc6ced6e06,10000139,2026-03-16,3.94,6.23,8.33,10.540753922060832,18.8170274706854,8.33,10.478944487102817,16.719621976548318,6.1,9.992240037186415,12.436414651032214,14.670000000000002,13.649630413564068,16.757848790619327,25.109243953096637,3.94,8.018409290221017,22.411886277467957,6.68,10.473620442997328,20.087509021974366,4.010000000000001,10.119948953064831,13.838339347982913,13.8,13.508760743523705,17.739003608789744,33.49501804394873,10,0.10277777910232544,8.731171968047207,8.64221507986027
ant441d2c4a414b97ef4d245d0ae4906,10000019,2026-03-16,24.169999999999995,29.16,4.49,4.824573917609442,57.93371841207502,1.92,3.533045722815381,45.95997472966001,2.05,7.764057397732181,31.366649819773343,4.49,11.09513433040088,21.591989891864003,89.99994945932002,4.85,4.375607891155976,70.30682561681273,3.2299999999999995,2.8861489493200705,56.40546049345019,3.2299999999999995,9.07405263936284,38.680306995633465,4.85,12.738112697815284,25.79618419738007,109.58092098690038,10,0.07739377021789551,21.69091712705117,34.50621369679729
ant4b263c723bbd55f70f34cf39d6106,10000193,2026-06-21,0.41,0.86,0.4,0.6066666666666668,3.4836118944247825,0.3,0.45,2.816889515539826,0.3,0.598,1.9779263436932177,0.3999999999999999,0.874,1.3867558062159304,5.3337790310796525,0.84,1.21,3.208299134420473,0.69,0.932,2.659639307536379,0.69,1.2349999999999999,2.003092871690919,0.8099999999999999,1.7244999999999997,1.5738557230145513,4.629278615072757,10,1.1920928955078125e-07,3.750610836088592,3.562507642318572
ccd494858691d34e3d4769775664d506,10000064,2026-04-23,47.620000000000005,48.35,140.53,277.678146279053,285.2924916530554,140.53,245.2195066895335,256.3399933224443,267.83000000000004,313.21766493764096,302.6033288816295,267.83000000000004,335.56997861286635,288.69399732897773,372.1499866448886,233.31,397.35726782532885,413.54595075102486,233.31,341.04691226109554,377.4987606008199,282.59,410.99665073469725,362.2891737338799,363.6,436.25359597493303,395.217504240328,521.6875212016398,10,0.11821025609970093,146.84551091267355,153.103722724398
9885f255c594266d9a4ba13180360e06,10000279,2026-06-26,31.85,43.04,576.82,522.9793081156178,416.6100858806835,576.82,579.9956645952994,448.6520687045468,576.82,579.9956645952994,448.6520687045468,576.82,579.9956645952994,448.6520687045468,320.4841374090936,495.55,552.8203466842263,400.7086701551075,495.55,594.0531415745007,419.676936124086,495.55,594.0531415745007,419.676936124086,495.55,594.0531415745007,419.676936124086,343.803872248172,5,0.11565381288528442,143.12004200241802,381.4946014064711
ant62d897108db80a244ec0a60c5b506,10000182,2026-03-16,3.81,1.65,2.92,2.881199236572167,3.0298753358904813,2.92,3.3023325801346872,3.007900268712385,2.92,2.824839681993888,2.9999093351930775,2.92,2.824839681993888,2.9999093351930775,3.0958005374247706,5.78,5.536985464915598,4.374187293487825,3.9900000000000007,4.453124246036288,3.7603498347902606,3.9900000000000007,3.8302953084342466,3.7812271225366008,3.9900000000000007,3.8302953084342466,3.7812271225366008,3.53069966958052,6,0.198461651802063,4.004926335431239,3.048920143767384
ant62d897108db80a244ec0a60c5b506,10000273,2026-03-25,4.58,0.24,17.8937877688885,17.8937877688885,17.8937877688885,17.8937877688885,17.8937877688885,17.8937877688885,17.8937877688885,17.8937877688885,17.8937877688885,17.8937877688885,17.8937877688885,17.8937877688885,17.8937877688885,20.701995720157477,20.701995720157477,20.701995720157477,20.701995720157477,20.701995720157477,20.701995720157477,20.701995720157477,20.701995720157477,20.701995720157477,20.701995720157477,20.701995720157477,20.701995720157477,20.701995720157477,0,,5.631832768989881,4.707044898545076
ant66dfed15942de22246254c2306306,1380389889,2026-06-01,1.44,1.2899999999999998,14.39,14.050492314493308,29.041093461110997,14.39,15.749631425013261,26.110874768888795,8.75,11.571210557213929,18.44391651259253,9.99,22.542930513561963,15.558349907555517,37.83174953777759,14.9,13.601719923001529,32.880454797851264,14.9,16.39906911436088,29.284363838281013,9.579999999999998,11.981718316592099,20.942909225520676,13.04,25.065488579647887,19.165745535312404,43.66872767656203,10,0.1734735369682312,25.82876328202345,23.94164568540665
16d8bdf043c0f4601bd0013c9e7ac006,10000292,2026-05-23,444.34,351.31000000000006,824.29,1044.1466666666668,744.2081484023279,520.69,799.586,608.4245187218623,515.99,678.3816666666668,597.8850170198748,515.99,678.3816666666668,597.8850170198748,696.1590374437245,1313.47,1171.9666666666667,937.0809624769713,587.71,883.5080000000002,649.4787699815771,573.0600000000001,756.255,635.8725181650701,573.0600000000001,756.255,635.8725181650701,711.2475399631542,6,1.1920928955078125e-07,199.9178419214289,199.23468332307863
458863ac1513eeed829f9c251ff23f06,10000079,2026-04-03,530.14,713.5999999999999,733.21,828.3871044595443,889.6625434118934,733.21,755.3164876102265,858.3720347295147,527.89,801.9732457609449,679.7713564863432,542.59,871.3547871746848,630.7788138918058,983.5340694590293,972.1,1050.8412144267738,992.0709656349576,972.1,1035.2788475613963,988.0767725079661,572.9,905.95299504903,716.6178483386441,831.4000000000001,1101.445959419327,865.9307090031865,1004.0535450159322,10,0.13047575950622559,553.7650150570364,684.673258095377
ant844e82692c5a0b390c59fd626d906,10000139,2026-03-16,12.83,10.93,13.25,13.606388897407433,20.6620274706854,13.25,14.271498234534647,19.17962197654832,15.98,16.592780576770135,19.02308131769888,17.04,21.171734501866098,18.653848790619328,25.109243953096637,12.23,12.303081275640402,25.520636277467958,13.56,12.961599109580996,23.527509021974367,13.56,14.870505287392263,20.205006014649577,15.6,19.59812412846145,19.179003608789746,33.49501804394873,10,1.2755393981933594e-05,11.688938372887204,14.74916795374354
aebbcd260646a75b8b518937a84acd06,10000069,2026-07-27,948.3,1718.63,1418.85,1171.3978822968375,1485.0473354030553,1544.33,1627.9857519145435,1534.5478683224442,2497.0,2292.078776877615,2172.921912214963,2760.4800000000005,2431.5486788748062,2513.337147328978,1524.7657366448886,2227.9,1824.0261738369204,2091.836497626025,2227.9,2172.0768655780757,2119.04919810082,2548.73,2846.1790505754166,2369.2194654005466,3420.8499999999995,3172.9052420922358,3138.719679240328,2010.1983962016398,10,0.014472126960754395,1139.0001124691437,749.2968274770728
antbac797995c3ba92e97dcf35a5cd06,1382490022,2026-03-18,3.2,2.1499999999999995,15.24,15.992127711835376,25.083890860052705,15.24,13.738412555897872,23.99012520893574,15.24,13.738412555897872,23.99012520893574,15.24,13.738412555897872,23.99012520893574,30.99022537608433,14.31,17.85660913944871,28.3963965485951,14.31,14.97611132797032,26.831241376528975,14.31,14.97611132797032,26.831241376528975,14.31,14.97611132797032,26.831241376528975,36.84823447775216,4,0.18651074171066284,11.742069907401156,11.566334470980964
656e85e3b5a31bee9c71e5bfb7ce5c06,10000303,2026-06-05,27.62,0.0,8.476332959514119,8.476332959514119,8.476332959514119,8.476332959514119,8.476332959514119,8.476332959514119,8.476332959514119,8.476332959514119,8.476332959514119,8.476332959514119,8.476332959514119,8.476332959514119,8.476332959514119,7.735309814924486,7.735309814924486,7.735309814924486,7.735309814924486,7.735309814924486,7.735309814924486,7.735309814924486,7.735309814924486,7.735309814924486,7.735309814924486,7.735309814924486,7.735309814924486,7.735309814924486,0,,10.070996884795376,3.1123586352617725
antfcty010000046609ldr1825091806,10000054,2026-03-16,64.83999999999999,79.62,72.11,62.25351501113516,40.879013087460194,38.26,46.144300133098945,30.200210469968155,20.48,31.337913814245375,21.033473646645437,7.729999999999999,20.76441250543412,10.61208418798726,22.140420939936313,105.16,94.73772708650465,57.43290935772849,59.510000000000005,68.80795249610067,44.15332748618279,21.97,44.41013227941051,24.24555165745519,8.79,29.018900610654217,12.791330994473114,28.796654972365577,10,0.014459550380706787,13.229763158284674,24.290846855375896
antys9c647dd9cba94bed07cc392d306,10000182,2026-06-15,0.1299999999999999,0.27,0.24,0.21,2.0248753358904814,0.15,0.178,1.6229002687123852,0.24,0.352,1.1919335124749235,0.24,0.5625,0.8111601074849539,3.0958005374247706,0.55,0.4866666666666667,2.412937293487825,0.24,0.37800000000000006,1.8853498347902602,0.53,0.654,1.5302332231935067,0.47,1.044,1.0821399339161037,3.53069966958052,10,1.1920928955078125e-07,3.330216941304716,2.5631052919144968
antysa06ab9646938d413ef1e593b706,10000168,2026-03-18,0.43,0.06,0.27,0.23666666666666664,3.0523885372000574,0.27,0.24,2.495910829760046,0.23,0.236,1.7272738865066974,0.23,0.22923076923076915,1.4777282387555812,4.721821659520092,0.04,0.05333333333333334,2.3558565200880257,0.1,0.28400000000000003,1.9226852160704204,0.04,0.21200000000000002,1.2751234773802804,0.04,0.19999999999999996,1.069269564483567,3.7453704321408408,10,0.028888463973999023,3.4296640000090903,1.9661894879602424
ant029486ef439ece3db376025ec1c07,1380389889,2026-07-19,11.42,9.56,6.07,6.07,32.53812461481466,6.07,6.07,32.53812461481466,6.07,6.07,32.53812461481466,6.07,6.07,32.53812461481466,37.83174953777759,7.95,7.95,37.715606397135026,7.95,7.95,37.715606397135026,7.95,7.95,37.715606397135026,7.95,7.95,37.715606397135026,43.66872767656203,1,1.1920928955078125e-07,17.290669441396954,16.98905284154519
ant06d17dda7013b2ecd7c4dd589d607,10000182,2026-03-21,0.3399999999999999,0.56,0.31,0.282327264498137,2.0511253358904815,0.33,0.7212380709069514,1.7129002687123853,0.3799999999999999,0.9580838546366509,1.2852668458082568,0.61,0.9758588590485084,1.127875111963494,3.0958005374247706,0.55,0.550975136793186,2.412937293487825,0.55,0.4901787072697806,2.04034983479026,0.66,1.0084051852462603,1.6168998898601734,0.85,1.3501205563545178,1.4084790978292752,3.53069966958052,10,0.151014506816864,3.4277314809037,2.712797064780595
ant0a51f29d54994d64657849014d207,10000019,2026-07-10,0.73,0.75,4.23,30.639999999999997,65.49424961380002,4.23,30.639999999999997,65.49424961380002,4.23,30.639999999999997,65.49424961380002,4.23,30.639999999999997,65.49424961380002,89.99994945932002,6.67,19.11,80.17780070492884,6.67,19.11,80.17780070492884,6.67,19.11,80.17780070492884,6.67,19.11,80.17780070492884,109.58092098690038,2,1.1920928955078125e-07,24.34264494487062,43.354630196092224
ant1f0689ae838f7bf76dc59bb4c3107,10000251,2026-05-01,4.34,7.01,3.73,4.214988620600292,4.1064642035832355,6.670000000000001,6.1634389281774675,5.501171362866589,3.73,5.311093583404761,3.945122402047563,3.73,5.311093583404761,3.945122402047563,4.332342725733176,5.81,6.541072564776859,6.233553265693751,10.52,10.23027030460599,8.503842612555001,5.81,8.845690107023726,6.052030437539286,5.81,8.845690107023726,6.052030437539286,6.487685225110002,9,1.8894672393798828e-05,4.885562812729094,6.132740374557162
ant2106bb94ae3fc3a66859c46ae3907,10000168,2026-05-14,0.37,0.24,0.32,0.29333333333333333,3.0711385372000577,0.32,0.636,2.520910829760046,0.32,0.5466666666666667,1.8920791641143184,0.32,0.5466666666666667,1.8920791641143184,4.721821659520092,0.14,0.1366666666666667,2.393356520088026,0.14,0.9880000000000002,1.9426852160704204,0.2,0.8011111111111112,1.4662037257645857,0.2,0.8011111111111112,1.4662037257645857,3.7453704321408408,9,1.1920928955078125e-07,3.654322293395369,2.3649558127680117
ant22382b40984de3466b23681c56607,10000182,2026-06-15,2.2,4.35,0.24,0.21,2.0248753358904814,0.15,0.178,1.6229002687123852,0.24,0.352,1.1919335124749235,0.24,0.5625,0.8111601074849539,3.0958005374247706,0.55,0.4866666666666667,2.412937293487825,0.24,0.37800000000000006,1.8853498347902602,0.53,0.654,1.5302332231935067,0.47,1.044,1.0821399339161037,3.53069966958052,10,1.1920928955078125e-07,3.563425490088956,3.3560552202528973
ant22f9976a90b7f3e949f6137dbf807,10000149,2026-03-16,8.62,12.52,5.44,6.228325178650471,7.96621585170323,5.42,5.310501236972128,7.450972681362583,5.44,7.38522011780281,6.7873151209083895,6.869999999999999,8.451644387089654,7.392389072545033,9.481945362725167,6.71,10.675488084556152,10.419046733759279,6.71,9.007243963535046,9.677237387007423,6.97,11.63578569727964,8.861491591338282,8.629999999999999,12.782330447170944,9.432894954802968,12.644474774014846,10,0.0433427095413208,5.22354600126158,6.287634935399978
ant22f9976a90b7f3e949f6137dbf807,10000038,2026-04-27,0.14,0.06,0.09,1.8509956948596153,4.607194000646634,3.14,2.5565897958242534,5.228755200517306,3.14,2.7093170862965175,4.532503467011538,1.5499999999999998,2.7888956543940684,2.7035020802069223,7.317510401034613,0.0,2.1028281276393956,5.326705846777746,6.510000000000001,3.7882256486063466,7.516364677422198,6.3500000000000005,4.286427298646988,7.074243118281466,1.65,4.277145289059088,3.024545870968878,8.522729354844394,10,0.0433427095413208,4.353917799733082,3.46074228495035
ant233a5b1c277493374abf0c7c0a807,10000303,2026-07-14,0.94,0.0,2.22,2.0266666666666664,6.130208099696324,2.22,2.0266666666666664,6.130208099696324,2.22,2.0266666666666664,6.130208099696324,2.22,2.0266666666666664,6.130208099696324,8.476332959514119,0.0,0.0,4.834568634327804,0.0,0.0,4.834568634327804,0.0,0.0,4.834568634327804,0.0,0.0,4.834568634327804,7.735309814924486,3,1.1920928955078125e-07,4.3492161965399125,2.315963698620471
ant242df7e6649c23ac5b4985a3fc407,10000256,2026-07-06,0.62,0.97,0.55,0.7166666666666667,8.384797374945366,0.55,0.7166666666666667,8.384797374945366,0.55,0.7166666666666667,8.384797374945366,0.55,0.7166666666666667,8.384797374945366,13.085675799912584,0.88,1.1233333333333333,10.007829020411647,0.88,1.1233333333333333,10.007829020411647,0.88,1.1233333333333333,10.007829020411647,0.88,1.1233333333333333,10.007829020411647,15.484526432658635,3,1.1920928955078125e-07,4.7893104620632645,4.644163561306098
ant242df7e6649c23ac5b4985a3fc407,10000208,2026-07-07,1.1,1.41,0.37,0.8433333333333334,4.5187831662350835,0.37,0.8433333333333334,4.5187831662350835,0.37,0.8433333333333334,4.5187831662350835,0.37,0.8433333333333334,4.5187831662350835,7.008053065976134,0.49,1.2033333333333334,5.412031845058195,0.49,1.2033333333333334,5.412031845058195,0.49,1.2033333333333334,5.412031845058195,0.49,1.2033333333333334,5.412031845058195,8.365250952093112,3,1.1920928955078125e-07,4.083956259186617,3.498649892840002
ant24d2ca58217c2397e9696f00df307,10000251,2026-05-24,1.36,2.26,1.96,1.86,3.442714203583235,1.65,1.472,2.991171362866588,1.27,1.606,2.2907809085777258,1.4600000000000002,1.695,2.215879664666626,4.332342725733176,3.43,2.9733333333333336,5.341053265693751,2.78,2.428,4.633842612555001,2.16,2.6069999999999998,3.602561741703334,2.5600000000000005,2.8528571428571428,3.593601375028948,6.487685225110002,10,1.1920928955078125e-07,4.799113523516077,5.738866661083083
ant25616e51e1bb333ff91ab65041e07,10000084,2026-03-27,1.96,2.8600000000000003,3.41,5.403241619721155,6.819955224361577,1.7,3.8040600284120094,5.282964179489261,2.92,3.364645195552074,4.9019761196595075,2.92,4.601592467958812,4.109185671795704,8.865928358978522,2.93,8.21001238949445,12.2911640064658,2.1300000000000003,5.70606427063547,10.01893120517264,3.66,4.872657755227745,8.409287470115094,3.66,46.67592106332755,6.509572482069055,17.90786241034528,10,0.08707839250564575,4.812936422759488,6.259620839995247
ant25616e51e1bb333ff91ab65041e07,10000129,2026-03-28,0.48,0.37,1.82,1.9718494517299892,5.866721835325612,1.82,4.514788810371529,5.05737746826049,1.82,4.398262343235917,3.9782516455069934,1.5499999999999998,4.2644691791433775,2.8989509873041954,8.29475493652098,1.2199999999999998,1.958673982699459,6.350628655455131,1.2199999999999998,4.693128935394401,5.324502924364106,1.2199999999999998,4.367931263192637,3.9563352829094036,1.16,4.234309213962285,2.8138011697456418,9.429005848728211,10,0.1018984317779541,4.636068799342042,4.117724385448176
ant26896534c0cbe3786b2c6809b8e07,10000218,2026-03-17,0.33,0.7300000000000001,0.4099999999999999,0.48461109047099016,7.6171199275180115,0.4099999999999999,0.6542855894476176,6.17569594201441,0.4099999999999999,0.6876801856724347,4.253797294676273,0.38,0.6601717809219358,3.992934963759006,11.94139188402882,0.8699999999999999,1.0962559888945573,9.098689813850356,0.8699999999999999,1.3764376193013124,7.452951851080284,0.71,1.0876985075372954,5.151967900720191,0.71,1.067743969424143,4.874344906925178,14.035903702160569,10,0.05859720706939697,4.32482558257341,3.5757266980663047
ant26896534c0cbe3786b2c6809b8e07,10000243,2026-03-17,0.48,0.96,0.36,0.2967401028384433,11.340169032063246,0.36,0.3495803877595598,9.144135225650597,0.36,0.408758042303899,6.2160901504337325,0.36,0.4666252130656963,5.240075125361443,17.928270451301195,0.7000000000000001,0.5934484246396349,13.248854429742687,0.7000000000000001,0.693419920286773,10.73908354379415,0.7000000000000001,0.6532664683984857,7.392722362529435,0.6799999999999999,0.734567759300481,6.262824190996751,20.7781670875883,10,0.07115411758422852,4.986088743926837,4.480846913410272
ant26896534c0cbe3786b2c6809b8e07,10000253,2026-03-17,0.1699999999999999,0.3899999999999999,0.5700000000000001,0.6091177815046557,26.911356284290598,0.5700000000000001,0.7176365738816747,21.643085027432477,0.5700000000000001,0.7069749856237433,19.72735002493862,0.5700000000000001,0.7069749856237433,19.72735002493862,42.71617005486495,1.2100000000000002,1.2134178734071297,31.310252071792696,0.49,0.869860818180861,24.930201657434157,1.2100000000000002,0.9297823547795782,23.101092415849234,1.2100000000000002,0.9297823547795782,23.101092415849234,49.37040331486831,6,0.07256531715393066,7.7516018954278785,8.640729320300656
ant26f07a13cc6df30b2a62d7d152c07,10000038,2026-03-17,0.6200000000000001,0.0,0.36,2.1697787489006157,4.708444000646633,1.1700000000000002,2.027777340663344,4.243755200517307,1.1700000000000002,2.9287437034966746,3.2191701336782046,1.17,2.90206947846684,2.399502080206922,7.317510401034613,0.14,1.7903212378991766,5.379205846777746,1.05,1.7686063989859093,4.786364677422197,1.05,3.3655691936375876,3.5409097849481315,1.05,3.6650515833308113,2.5445458709688786,8.522729354844394,10,0.0636797547340393,8.445892290679884,8.417329616259309
ant276bc600a6e6133afa521de98a507,10000099,2026-06-05,0.24,0.8100000000000002,0.28,0.28,10.202390268703562,0.28,0.28,10.202390268703562,0.28,0.28,10.202390268703562,0.28,0.28,10.202390268703562,12.186868322444273,0.34,0.34,11.874592167349903,0.34,0.34,11.874592167349903,0.34,0.34,11.874592167349903,0.34,0.34,11.874592167349903,14.181510600819882,1,0.1184920072555542,8.112037091686865,8.432694497485036
ant2781fbfe847fb316681d14d8f2907,10000251,2026-03-16,1.62,3.02,2.72,1.8986124909135325,3.7277142035832354,2.72,1.8567334572699397,3.526171362866588,2.72,2.1261244907938366,3.2574475752443925,2.72,2.1813000358216037,3.0424685451466353,4.332342725733176,4.93,3.436587735167946,5.903553265693751,4.93,3.407535040726985,5.708842612555001,4.93,4.039333945902322,5.449228408370001,4.93,3.9190935802978157,5.241537045022,6.487685225110002,10,0.051451921463012695,4.349715029955085,5.480612801556274
ant283e185510075324dbb6416a99607,10000050,2026-06-26,3.2,7.209999999999999,0.07,4.339655522554046,4.657497957934028,1.65,3.5594457147314835,4.529998366347223,1.71,3.6564978476780063,3.609998910898149,3.37,3.775540762017389,4.288181075612374,7.409996732694445,0.0,4.955968002222702,5.406654617987732,1.11,3.736719713365629,4.880323694390185,2.4,4.289754335457243,4.483549129593457,2.53,4.665156009276224,3.9210562247228116,8.65064738878037,10,0.07609379291534424,5.693701539175009,5.47548465541116
ant28a4121741c9736e78b7aee995707,10000182,2026-05-13,0.22,0.4499999999999999,0.24,0.21,2.0248753358904814,0.15,0.178,1.6229002687123852,0.24,0.352,1.1919335124749235,0.24,0.5625,0.8111601074849539,3.0958005374247706,0.55,0.4866666666666667,2.412937293487825,0.24,0.37800000000000006,1.8853498347902602,0.53,0.654,1.5302332231935067,0.47,1.044,1.0821399339161037,3.53069966958052,10,1.1920928955078125e-07,3.499042394892162,2.9615107258446347
ant292eeeb6ed3af3d4fabf1623a1e07,10000303,2026-06-11,1.41,0.0,1.41,1.0378766964283173,5.826458099696324,1.73,1.8949882711085022,5.10316647975706,1.73,1.7215497779099103,4.5409720664642155,1.73,1.7215497779099103,4.5409720664642155,8.476332959514119,0.0,0.0,4.834568634327804,0.0,0.0,3.867654907462243,0.0,0.0,3.2230457562185357,0.0,0.0,3.2230457562185357,7.735309814924486,7,0.05098879337310791,4.517572026614446,2.3796614785801724
ant295405d65c8983528afda7ff06a07,10000099,2026-07-02,3.57,2.57,0.18,0.4148320883592173,7.68429270152767,0.18,0.30750902159374127,6.183434161222136,0.2,0.5333565242876571,4.195622774148092,0.6499999999999999,1.732425221752564,3.272015527828244,12.186868322444273,0.36,0.5435619907015411,8.998444125512426,0.36,0.4122254474605342,7.270755300409941,0.3600000000000001,0.6767551269117351,4.967170200273295,0.77,1.8685948078119972,3.8180705910954282,14.181510600819882,10,0.05792200565338135,6.015562096783804,5.499420469888005
ant298accfce37753d179534b77e8207,10000182,2026-05-27,0.8400000000000001,1.6,0.24,0.21,2.0248753358904814,0.15,0.178,1.6229002687123852,0.24,0.352,1.1919335124749235,0.24,0.5625,0.8111601074849539,3.0958005374247706,0.55,0.4866666666666667,2.412937293487825,0.24,0.37800000000000006,1.8853498347902602,0.53,0.654,1.5302332231935067,0.47,1.044,1.0821399339161037,3.53069966958052,10,1.1920928955078125e-07,3.637865343419685,3.4546638336476327
ant29b6e6e42ef43333d9fb02d72c107,10000129,2026-07-11,0.09,0.0,1.94,4.2633333333333345,5.911721835325612,1.94,3.77,5.117377468260489,1.94,3.77,5.117377468260489,1.94,3.77,5.117377468260489,8.29475493652098,3.13,4.72,7.066878655455132,3.13,4.114,6.279502924364106,3.13,4.114,6.279502924364106,3.13,4.114,6.279502924364106,9.429005848728211,5,1.1920928955078125e-07,7.711701186376061,6.573645431436863
ant29bb9450dbc4b3c16baeaa0edc607,10000084,2026-05-19,1.7600000000000002,2.31,2.89,4.426967130238211,6.624955224361576,2.51,3.201645326790009,5.687964179489261,2.89,3.8942850567736214,4.881976119659507,2.51,3.9876208879330237,3.781185671795704,8.865928358978522,4.36,5.766969037608189,12.8274140064658,2.89,4.24164568231311,10.39893120517264,4.36,5.492272010252684,8.875954136781761,3.2,5.515494341342686,6.141572482069056,17.90786241034528,10,0.028889775276184082,13.076272807502322,15.359382681858568
ant2b1a562946ec931b8b723ae176807,10000251,2026-03-16,5.48,10.2,0.3,1.0087597203771963,2.820214203583235,0.3,0.6787346012436739,2.316171362866588,0.3,1.444299529490946,1.6441142419110588,2.44,2.3611983856711007,2.818468545146635,4.332342725733176,1.07,2.147330758188693,4.456053265693751,0.9200000000000002,1.5362423236055724,3.703842612555001,1.07,2.7152387005414576,2.8758950750366674,3.86,4.102025952320356,4.385537045022,6.487685225110002,10,0.047197937965393066,3.903353317074278,5.40467669340321
ant2b2a638e4f3423b31849500d17b07,10000251,2026-03-16,1.69,2.76,2.41,2.6323410415408044,3.6114642035832354,2.41,2.376139228457004,3.3711713628665883,2.21,1.7726029700272963,2.917447575244392,2.41,2.452951321367351,2.794468545146635,4.332342725733176,4.49,5.006916843382314,5.738553265693751,4.49,4.595685871312803,5.4888426125550005,4.4,3.2488207347351143,5.095895075036667,4.49,4.413844286321231,4.889537045022001,6.487685225110002,10,0.0578761100769043,4.298587321029951,4.745018866245308
ant2baaa22599e33392fbf531ddc0e07,10000251,2026-07-16,2.8,4.59,1.96,1.86,3.442714203583235,1.65,1.472,2.991171362866588,1.27,1.606,2.2907809085777258,1.4600000000000002,1.695,2.215879664666626,4.332342725733176,3.43,2.9733333333333336,5.341053265693751,2.78,2.428,4.633842612555001,2.16,2.6069999999999998,3.602561741703334,2.5600000000000005,2.8528571428571428,3.593601375028948,6.487685225110002,10,1.1920928955078125e-07,4.275222576397958,4.953883409630099
ant2be8bff2a1aff39dc805428573d07,10000256,2026-03-16,0.16,0.2799999999999999,0.36,0.6496625331833995,8.313547374945365,0.36,1.0902101477898354,7.429819888840325,0.36,1.0902101477898354,7.429819888840325,0.36,1.0902101477898354,7.429819888840325,13.085675799912584,0.55,0.989263607371402,9.884079020411647,0.55,1.6903973417163762,8.846959129254799,0.55,1.6903973417163762,8.846959129254799,0.55,1.6903973417163762,8.846959129254799,15.484526432658635,4,0.06775391101837158,4.691004428076747,4.402026974881164
ant2c7bb0803984339bfa7c60d58e607,10000050,2026-03-24,3.5900000000000003,5.04,1.52,4.398475191626518,5.2012479579340285,1.52,3.201388450562298,4.464998366347222,1.52,3.609996331073253,3.483332244231482,1.06,2.3536911048061167,2.329999346538889,7.409996732694445,2.78,4.295989757904326,6.449154617987732,1.1400000000000003,2.9698154757579887,4.895323694390186,1.8600000000000003,4.038038341860937,4.123549129593457,1.1400000000000003,2.659554681738219,2.6421294777560744,8.65064738878037,10,0.07241523265838623,5.514124043303503,5.2550151880276665
ant2cc4935d36e1e37acacdf8034b307,10000099,2026-03-18,0.7200000000000001,0.94,0.54,0.5757752164681776,7.81929270152767,0.54,0.5738974483777559,6.363434161222136,0.54,0.6091459595427082,4.422289440814758,0.56,1.1964760767905354,2.885373664488854,12.186868322444273,0.8999999999999999,0.81218693451219,9.200944125512427,0.8999999999999999,0.8195274114193043,7.540755300409941,0.8999999999999999,0.9842289674126482,5.327170200273295,0.9,1.7002596284647122,3.556302120163976,14.181510600819882,10,0.028921544551849365,4.9567242843931805,5.191214456697724
ant2d1ad5142295835878e2540d33b07,10000084,2026-03-16,0.07,0.0,0.63,1.9970885724050782,5.777455224361576,0.8300000000000001,1.9117106865510365,4.847964179489261,1.25,1.870753838555195,3.7886427863261742,1.25,1.872787981776019,3.063316275947267,8.865928358978522,0.73,3.4585535599294017,11.4661640064658,0.7399999999999999,3.444061555312784,9.32393120517264,1.5599999999999998,3.0295519114112928,7.009287470115094,1.5599999999999998,2.857941932191832,5.452348192939353,17.90786241034528,10,0.061695098876953125,7.089789674908593,10.88689390574624
ant2d1b7fa6771ce343b9184bacab407,10000168,2026-06-13,0.27,0.1,0.32,0.29333333333333333,3.0711385372000577,0.32,0.636,2.520910829760046,0.32,0.5466666666666667,1.8920791641143184,0.32,0.5466666666666667,1.8920791641143184,4.721821659520092,0.14,0.1366666666666667,2.393356520088026,0.14,0.9880000000000002,1.9426852160704204,0.2,0.8011111111111112,1.4662037257645857,0.2,0.8011111111111112,1.4662037257645857,3.7453704321408408,9,1.1920928955078125e-07,3.513365967484261,2.154836762848164
ant2ebae29c58d573c24bc9c7d476e07,10000050,2026-05-22,1.53,0.08,0.09,0.170957644366507,4.664997957934029,0.37,4.103938372124476,3.8899983663472226,0.37,3.333308229572495,2.7166655775648154,0.37,3.124841064326297,1.7779993465388888,7.409996732694445,0.0,0.13305220583923902,5.406654617987732,0.44,4.971636324672525,4.545323694390185,0.44,4.5070600574732325,3.1768824629267907,0.44,4.346942432603977,2.082129477756074,8.65064738878037,10,0.05040377378463745,4.342237978696819,3.505170009403998
ant2f437bcd8b3303c66be9a396f1b07,10000193,2026-05-22,0.12,0.28,0.4,0.6066666666666668,3.4836118944247825,0.3,0.45,2.816889515539826,0.3,0.598,1.9779263436932177,0.3999999999999999,0.874,1.3867558062159304,5.3337790310796525,0.84,1.21,3.208299134420473,0.69,0.932,2.659639307536379,0.69,1.2349999999999999,2.003092871690919,0.8099999999999999,1.7244999999999997,1.5738557230145513,4.629278615072757,10,1.1920928955078125e-07,3.7151753368047857,2.6908163408849126
ant2f5c93d8160d43c5792e7619f3b07,10000038,2026-04-20,6.879999999999999,12.31,5.27,7.329999999999999,6.5496940006466335,5.27,8.7625,6.407505778352563,5.27,8.7625,6.407505778352563,5.27,8.7625,6.407505778352563,7.317510401034613,8.809999999999999,8.116666666666667,8.630455846777746,8.809999999999999,8.88,8.650405197135774,8.809999999999999,8.88,8.650405197135774,8.809999999999999,8.88,8.650405197135774,8.522729354844394,4,1.1920928955078125e-07,6.154896259503719,6.411773279390484
ant304f7c0a7542ba6cf902d6eb9cf07,10000060,2026-03-16,7.5,11.41,80.21415429426756,80.21415429426756,80.21415429426756,80.21415429426756,80.21415429426756,80.21415429426756,80.21415429426756,80.21415429426756,80.21415429426756,80.21415429426756,80.21415429426756,80.21415429426756,80.21415429426756,93.13219453322006,93.13219453322006,93.13219453322006,93.13219453322006,93.13219453322006,93.13219453322006,93.13219453322006,93.13219453322006,93.13219453322006,93.13219453322006,93.13219453322006,93.13219453322006,93.13219453322006,0,,19.948459734182173,30.4472542374167
ant304f7c0a7542ba6cf902d6eb9cf07,1380389889,2026-07-11,16.79,27.79,0.43,28.16905128533524,23.806093461110994,7.55,22.161745396927294,22.690874768888794,14.39,22.73089446507923,22.20391651259253,13.38,19.419842167490255,18.270349907555516,37.83174953777759,0.65,31.979090197524172,27.536704797851264,8.129999999999999,25.420399706427844,25.899363838281012,14.9,25.053638861367105,24.489575892187347,14.7,21.55376540372627,20.493745535312403,43.66872767656203,10,0.10629868507385254,15.306311336132593,24.148863293694266
ant3b770d884483129e4328241c37407,10000006,2026-05-16,31.54,27.89,28.320842690137802,28.320842690137802,28.320842690137802,28.320842690137802,28.320842690137802,28.320842690137802,28.320842690137802,28.320842690137802,28.320842690137802,28.320842690137802,28.320842690137802,28.320842690137802,28.320842690137802,36.3407953995502,36.3407953995502,36.3407953995502,36.3407953995502,36.3407953995502,36.3407953995502,36.3407953995502,36.3407953995502,36.3407953995502,36.3407953995502,36.3407953995502,36.3407953995502,36.3407953995502,0,,23.403042787935764,29.96669142142835
63d4f0582734612febce032224daa007,10000278,2026-04-01,156.98999999999998,203.31,179.01,336.1627973793099,262.56400313438144,154.59,253.44230769659123,233.64320250750512,179.01,524.4948865286437,223.57213500500342,179.01,455.8862418484752,205.74728100300203,312.69640501501027,232.31,941.8827809082326,306.59756896303765,232.31,722.483504798902,291.7400551704301,232.31,850.1660083575729,271.93003678028674,232.31,637.7729010355822,256.082022068172,351.1701103408602,10,0.07222312688827515,192.0729545928853,280.7381797719931
63d4f0582734612febce032224daa007,10000280,2026-04-01,179.78000000000003,421.82,214.37,1038.346181481714,575.737538983924,474.58,1338.287172752081,633.5690311871392,474.58,1120.2809064382584,580.5726874580928,474.58,1133.5623316751899,538.1756124748556,792.5580623742784,274.48,805.4888294321061,513.8463789379147,274.48,1011.8028055124611,465.9731031503317,282.17,1008.5295632969929,407.2687354335545,282.17,898.6585668394418,357.22924126013265,657.4662063006634,10,0.05676645040512085,741.6103299500492,457.560148333137
63d4f0582734612febce032224daa007,10000281,2026-04-01,3462.7699999999995,3500.89,3510.0200000000004,2501.898866598407,2049.3528548662835,2496.6400000000003,2078.6777035512036,1834.7962838930266,2496.6400000000003,2000.8259036936997,2055.4108559286847,1474.6200000000003,1710.8308132211744,1414.286513557211,1172.9525677860531,3618.76,2477.9010309618493,2073.74665620831,2954.29,2150.453550968248,2050.514324966648,2954.29,2040.1885712441417,2351.7728833110987,1422.61,1710.0831366002649,1367.4357299866592,1146.738649933296,10,0.05676645040512085,1556.0519410604134,1166.4707399662718
8ea4a42518da50b07f8b717592bb5407,10000278,2026-04-01,442.15,442.0,1354.77,2028.8704980156813,703.4740031343814,154.59,1305.0657428019263,233.64320250750512,154.59,786.8936836925396,207.29213500500344,154.59,833.4547345267192,186.21128100300206,312.69640501501027,1511.1999999999998,1871.5286262337606,786.1813189630376,209.93,1214.4618343416528,280.55005517043014,207.51,751.2723132132415,255.39670344695338,209.93,848.4152318054863,238.17802206817203,351.1701103408602,10,0.08669525384902954,373.4580357623803,264.3237038608569
8ea4a42518da50b07f8b717592bb5407,10000292,2026-04-14,1392.99,933.78,814.36,1110.102420179019,740.4843984023278,814.36,999.4707498835343,755.2595187218623,814.36,1021.118913125061,774.9596791479082,497.97,874.0774423280972,537.6078074887449,696.1590374437245,441.07,876.8260840882953,609.9309624769713,441.07,912.701911390464,576.158769981577,441.07,924.3789395664681,531.1291799877181,346.36,830.6756748950679,419.33750799263083,711.2475399631542,10,0.08669525384902954,827.869804095915,763.5631220215982
ant41227657f5f08a795f993e84cf407,10000193,2026-07-24,0.33,0.8500000000000001,0.4,0.6066666666666668,3.4836118944247825,0.3,0.45,2.816889515539826,0.3,0.598,1.9779263436932177,0.3999999999999999,0.874,1.3867558062159304,5.3337790310796525,0.84,1.21,3.208299134420473,0.69,0.932,2.659639307536379,0.69,1.2349999999999999,2.003092871690919,0.8099999999999999,1.7244999999999997,1.5738557230145513,4.629278615072757,10,1.1920928955078125e-07,3.703269415958717,2.5232296030815067
ant4ef36621afce74dc8b908d6814007,10000139,2026-05-21,2.68,9.98,4.359999999999999,4.5600017984703864,17.3282774706854,1.87,3.105527727796605,13.48962197654832,4.359999999999999,6.3204331665442695,11.276414651032214,4.359999999999999,6.3204331665442695,11.276414651032214,25.109243953096637,3.71,3.94830431728539,22.325636277467957,2.07,2.5151327550092355,17.782509021974366,5.42,49.6601161873526,14.778339347982913,5.42,49.6601161873526,14.778339347982913,33.49501804394873,10,0.11619079113006592,9.386532696932642,8.976101374767717
57c6b3387b261d14749e4cf4e5fb4b07,10000281,2026-06-11,2790.21,4010.24,11.94,1420.595,841.2346912757523,11.94,1420.595,841.2346912757523,11.94,1420.595,841.2346912757523,11.94,1420.595,841.2346912757523,1172.9525677860531,21.89,1197.31,825.3533213809258,21.89,1197.31,825.3533213809258,21.89,1197.31,825.3533213809258,21.89,1197.31,825.3533213809258,1146.738649933296,2,1.1920928955078125e-07,806.6356505155337,815.1306226929846
ant78707978dfae45737c054d5bf2c07,10000047,2026-03-16,72.15,83.72,8.89,8.89,53.35755961700876,8.89,8.89,53.35755961700876,8.89,8.89,53.35755961700876,8.89,8.89,53.35755961700876,62.25107154041051,10.38,10.38,66.1396202509624,10.38,10.38,66.1396202509624,10.38,10.38,66.1396202509624,10.38,10.38,66.1396202509624,77.29154430115486,1,0.1757224202156067,21.104454843264985,33.23234753878157
ant83c2f0d09a47eb826c69f72cfde07,10000208,2026-07-13,0.9000000000000001,1.2100000000000002,0.95,0.95,5.998377554980112,0.95,0.95,5.998377554980112,0.95,0.95,5.998377554980112,0.95,0.95,5.998377554980112,7.008053065976134,1.29,1.29,7.186042460077593,1.29,1.29,7.186042460077593,1.29,1.29,7.186042460077593,1.29,1.29,7.186042460077593,8.365250952093112,1,0.20074492692947388,5.235635839783846,3.920394157677074
ant8a3b5f43448a9fc381dfa20c59907,10000019,2026-03-16,2.59,4.359999999999999,1.64,8.137365176104803,56.864968412075015,10.32,8.98921508024053,50.15997472966001,10.34,13.89672797875734,36.89331648644001,10.34,14.219468255237873,26.271989891864003,89.99994945932002,3.27,13.817811361091618,69.71432561681273,12.22,13.775988868592718,60.90046049345019,15.2,17.953777117590015,46.66030699563346,13.419999999999998,16.98461512452943,32.65218419738007,109.58092098690038,10,0.08692646026611328,23.809140770355928,40.76565961794656
8e1a9d856fcbfc43e0ce7104f8b03107,10000280,2026-04-01,276.05999999999995,226.01,214.37,703.3420434355388,575.737538983924,214.37,550.4311500507396,503.4640311871392,214.37,1233.5240942329674,407.09935412475954,715.56,1417.3666825511189,730.9596124748556,792.5580623742784,274.48,857.9077960036128,513.8463789379147,187.54,606.4154515584012,422.5031031503317,274.48,1059.1541897514296,402.14206876688786,495.59,1131.3126284551367,527.9652412601326,657.4662063006634,10,0.07222449779510498,715.7854329786785,397.3724004587624
34ab244c97f3d88482753dc98841bf07,10000096,2026-03-16,3802.99,5089.27,2168.58,2922.013503403128,1745.4847232897769,2412.95,2853.032668767144,1952.2887786318215,2284.82,2527.471630013729,2020.422519087881,2284.82,2480.130533422349,2051.528105077542,1491.6275572636432,2254.06,3143.2954774548793,1918.7535424032797,2903.78,3236.455965663396,2310.6748339226237,2546.4300000000003,2944.0472266070146,2270.143222615083,2546.4300000000003,2838.579372188492,2302.647549366249,1717.5696678452473,10,0.07224482297897339,1365.137113881534,1586.2192889343949
34ab244c97f3d88482753dc98841bf07,10000275,2026-04-04,0.0,155.2,0.0,0.0,92.96885845386998,0.0,0.0,92.96885845386998,0.0,0.0,92.96885845386998,0.0,0.0,92.96885845386998,111.56263014464398,152.9,152.9,144.30618910084706,152.9,152.9,144.30618910084706,152.9,152.9,144.30618910084706,152.9,152.9,144.30618910084706,142.58742692101646,1,0.0630306601524353,84.36078936497358,123.50293603364388
74bb677da899ad6a57e9aa922d54f207,10000281,2026-06-19,1510.57,2.25,2496.6400000000003,2750.9535663809356,1669.3353548662833,2551.92,2918.9077007023757,1862.4362838930265,2551.92,2695.5809006345817,2092.2641892620177,1474.6200000000003,1917.1451518303595,1414.286513557211,1172.9525677860531,1985.02,2034.5038228552482,1461.0941562083099,2461.45,2437.6499655759817,1804.094324966648,2461.45,2462.2235240942823,2023.2128833110985,1570.16,1865.1913889204404,1485.4757299866594,1146.738649933296,10,0.15921342372894287,408.62199608745743,328.93001778696765
45ccf270328dd9643271f5087cf62107,10000292,2026-04-14,2676.49,2838.15,549.53,1468.660960772887,641.1731484023278,549.53,1178.7938409280225,622.8445187218622,316.39,729.697754829135,442.9796791479082,316.39,820.5817082500427,392.34380748874486,696.1590374437245,803.3000000000001,1622.1043568720588,745.7672124769713,803.3000000000001,1198.1797407575639,757.2737699815771,255.78,743.7826482373608,407.6025133210514,334.13,787.66718493076,409.55350799263084,711.2475399631542,10,0.0,1095.756082440953,1209.1943086001995
antd768e7ab2bb91adad06fb89df1007,10000006,2026-05-09,132.57,206.82,28.320842690137802,28.320842690137802,28.320842690137802,28.320842690137802,28.320842690137802,28.320842690137802,28.320842690137802,28.320842690137802,28.320842690137802,28.320842690137802,28.320842690137802,28.320842690137802,28.320842690137802,36.3407953995502,36.3407953995502,36.3407953995502,36.3407953995502,36.3407953995502,36.3407953995502,36.3407953995502,36.3407953995502,36.3407953995502,36.3407953995502,36.3407953995502,36.3407953995502,36.3407953995502,0,,21.372714160623808,45.53942573337386
334edca9c3548855a7cc5f16a830ae07,10000280,2026-04-01,1209.74,429.16,217.23,791.7328252157567,576.810038983924,202.96,554.0500123099293,497.7590311871392,217.23,1007.665661983508,409.0060207914262,450.59,1078.8474500477557,518.9836124748556,792.5580623742784,374.28,994.3544403255042,551.2713789379146,265.43,692.1274434549393,461.4481031503317,374.28,878.2912889282351,468.67540210022116,282.17,900.5076455548611,357.22924126013265,657.4662063006634,10,0.15225613117218018,316.2389865602207,319.277875202466
antyseed3fa34911c563ee6b1a357807,10000182,2026-04-01,0.03,0.15,0.21,0.3772170032264404,2.0136253358904814,0.21,0.2986829051606701,1.6529002687123853,0.22,0.3091841557705238,1.1786001791415903,0.32,0.349787978307578,0.875160107484954,3.0958005374247706,0.32,0.6690354768941674,2.3266872934878253,0.32,0.550958601176934,1.92534983479026,0.33,0.570191217829924,1.3968998898601734,0.6900000000000001,0.6658789620382614,1.258139933916104,3.53069966958052,10,0.01444399356842041,3.404524852986115,2.5508854316205944
ant209b4bb3824613c47aa5e034b0d08,10000129,2026-07-07,0.14,0.04,0.5,0.5777836954958417,5.371721835325612,1.09,4.165185933527328,4.6923774682604895,2.93,6.6405685160533725,4.718251645506993,1.46,6.480298160779321,2.9458162905480387,8.29475493652098,0.48,0.7102329601606461,6.073128655455132,0.96,4.449935949470087,5.194502924364105,3.58,6.990756419168351,5.529668616242738,1.6,6.43789520150617,3.301957793201785,9.429005848728211,10,0.07237029075622559,4.649863808289716,3.8718011538550847
ant20c61b48154c5343188924af80e08,10000208,2026-04-29,1.47,2.34,0.37,0.8433333333333334,4.5187831662350835,0.37,0.8433333333333334,4.5187831662350835,0.37,0.8433333333333334,4.5187831662350835,0.37,0.8433333333333334,4.5187831662350835,7.008053065976134,0.49,1.2033333333333334,5.412031845058195,0.49,1.2033333333333334,5.412031845058195,0.49,1.2033333333333334,5.412031845058195,0.49,1.2033333333333334,5.412031845058195,8.365250952093112,3,1.1920928955078125e-07,4.809501897617256,4.119266071243727
ant2126f167208263efa8bdda21f9f08,10000084,2026-03-27,9.29,11.19,2.29,2.405474612530208,6.399955224361576,2.29,6.1852766341270895,5.5779641794892605,2.29,5.3917433884961,4.481976119659508,2.35,4.745720853294128,3.653185671795704,8.865928358978522,2.55,2.892748882627977,12.1486640064658,2.55,7.9374113805659725,10.22893120517264,2.55,7.216657176911813,7.669287470115094,2.93,6.451247568291535,5.925572482069056,17.90786241034528,10,0.05804884433746338,6.913465661742988,7.332103681183959
ant213dbad863d4d3e5ca64d4c751f08,10000050,2026-03-16,5.02,7.52,0.12,0.33634271992499887,4.676247957934028,0.12,0.42717874219747454,3.7649983663472226,0.12,1.1158729654638597,2.549998910898149,0.12,1.1485776470958389,2.264116686086601,7.409996732694445,0.02,0.09693489451921017,5.414154617987732,0.02,0.48836865036928395,4.335323694390185,0.02,1.2993569076289224,2.8968824629267904,0.02,1.5395638864267909,2.5584257025824617,8.65064738878037,10,0.062047362327575684,4.776114730124405,3.869530784315166
ant214ba17fad3913e82b5bbdd6ea208,10000182,2026-07-16,0.06,0.2,0.24,0.21,2.0248753358904814,0.15,0.178,1.6229002687123852,0.24,0.352,1.1919335124749235,0.24,0.5625,0.8111601074849539,3.0958005374247706,0.55,0.4866666666666667,2.412937293487825,0.24,0.37800000000000006,1.8853498347902602,0.53,0.654,1.5302332231935067,0.47,1.044,1.0821399339161037,3.53069966958052,10,1.1920928955078125e-07,3.3318690486220595,2.658673864559177
ant217baa52ac67a3b0b9c87c66a1d08,10000038,2026-03-25,6.949999999999999,11.72,0.29,0.24399444507835696,4.682194000646633,0.29,1.2268855089479476,3.8037552005173065,0.29,2.050973648797984,2.632503467011538,0.7,3.922469121785022,2.023502080206922,7.317510401034613,0.06,0.1520192434762907,5.349205846777746,0.06,1.4619752133548076,4.291364677422197,0.12,2.7064631267433876,2.920909784948132,0.8500000000000001,4.74252032715051,2.3845458709688785,8.522729354844394,10,0.03170114755630493,5.768696527241874,6.006709309196555
ant217baa52ac67a3b0b9c87c66a1d08,10000149,2026-04-13,8.92,12.11,10.03,7.3664406580759145,9.68746585170323,10.03,8.06681748696646,9.755972681362582,7.099999999999999,7.384511608101554,7.893981787575055,7.099999999999999,7.178911395965853,7.576389072545033,9.481945362725167,11.84,8.765819805075354,12.342796733759279,11.84,11.784150557976421,12.242237387007423,11.84,10.753169094242214,12.108158258004948,11.84,10.825259573482827,12.000894954802968,12.644474774014846,10,0.03170114755630493,7.890551563367,11.601533697582605
ant21c0c7895ee7d3d1ab69407856708,10000209,2026-04-11,0.7699999999999999,1.37,13.363764608072284,13.363764608072284,13.363764608072284,13.363764608072284,13.363764608072284,13.363764608072284,13.363764608072284,13.363764608072284,13.363764608072284,13.363764608072284,13.363764608072284,13.363764608072284,13.363764608072284,15.618078531950825,15.618078531950825,15.618078531950825,15.618078531950825,15.618078531950825,15.618078531950825,15.618078531950825,15.618078531950825,15.618078531950825,15.618078531950825,15.618078531950825,15.618078531950825,15.618078531950825,0,,4.604467470808648,4.087885642831542
ant21ca70c02d2bf3626b2fd04f60a08,10000038,2026-06-04,4.26,3.79,5.27,7.329999999999999,6.5496940006466335,5.27,8.7625,6.407505778352563,5.27,8.7625,6.407505778352563,5.27,8.7625,6.407505778352563,7.317510401034613,8.809999999999999,8.116666666666667,8.630455846777746,8.809999999999999,8.88,8.650405197135774,8.809999999999999,8.88,8.650405197135774,8.809999999999999,8.88,8.650405197135774,8.522729354844394,4,1.1920928955078125e-07,4.501925775004203,4.15416078460786
ant21cafde6b63c5340d94dd53b92508,10000182,2026-07-11,0.78,1.4,0.98,1.290218544700593,2.3023753358904817,1.51,1.7395222719416163,2.3029002687123854,0.98,1.3588856483803773,1.685266845808257,0.85,1.1099623038745912,1.299160107484954,3.0958005374247706,1.95,2.4898326099882686,2.937937293487825,3.26,3.5075725914764075,3.39534983479026,1.95,2.635085323953852,2.4768998898601735,1.79,2.115097506831399,2.1381399339161042,3.53069966958052,10,0.058229804039001465,4.030147844175348,4.202680862704186
ant21cceaa6122f6341fb8835c20fa08,10000217,2026-03-17,2.41,4.98,0.94,1.2330443440653975,13.87603053740712,0.89,0.924177916066885,11.263824429925696,0.99,1.5508707975774303,7.872549619950465,1.14,1.47340739706967,5.798556559057135,21.637648859851392,0.82,1.1435839788537807,16.03116350136647,0.82,1.050667565693954,12.988930801093176,1.22,2.334455699199115,9.199287200728785,1.87,2.2036512075908075,7.162695818678717,25.15786160218635,10,0.05783635377883911,6.156617314506262,7.011857711161376
ant2220eb38b47793febb8698bbefc08,10000182,2026-06-18,1.62,2.7300000000000004,1.1,0.9170378713819819,2.3473753358904816,0.22,0.6392488230587854,1.6579002687123854,0.22,0.560695193765866,1.1786001791415903,0.4,0.8814381309876989,0.939160107484954,3.0958005374247706,0.55,1.247541765315697,2.412937293487825,0.39,0.8904830738874758,1.9603498347902601,0.39,0.8248360954316829,1.4368998898601735,0.5700000000000001,1.5927772141072662,1.1621399339161038,3.53069966958052,10,0.09728455543518066,3.672111790549296,3.789648228171206
ant2220eb38b47793febb8698bbefc08,10000196,2026-06-18,0.29,0.6100000000000001,0.27,0.3145147535366961,18.555996005819697,0.27,0.3145147535366961,18.555996005819697,0.27,0.3145147535366961,18.555996005819697,0.27,0.3145147535366961,18.555996005819697,29.527593609311516,0.68,0.6722262876348258,21.688358573380665,0.68,0.6722262876348258,21.688358573380665,0.68,0.6722262876348258,21.688358573380665,0.68,0.6722262876348258,21.688358573380665,34.29337371740907,3,0.07683056592941284,6.42226892259473,7.073462946800677
ant22885d0d799d439449e55af82c808,10000182,2026-03-18,0.6000000000000001,1.25,1.5499999999999998,1.8552154001177317,2.5161253358904814,1.0,1.1570399230685664,2.047900268712385,1.28,1.2591664709164638,1.8852668458082569,1.0,0.9923008017094719,1.4556088124836457,3.0958005374247706,1.81,1.9748694809276295,2.885437293487825,0.78,1.2729497503165557,2.15534983479026,1.6900000000000002,1.4349269105490388,2.30356655652684,1.6900000000000002,1.3800240770006287,2.0901521020827216,3.53069966958052,10,0.03563201427459717,3.5064688352710585,3.132121276176054
ant228f2e5962c9039e285229dc4ff08,10000083,2026-04-10,10.19,14.03,5.3,7.1766297204198475,11.22184143579139,5.3,5.91568354591427,10.037473148633113,2.51,5.318331320387485,6.598315432422075,2.51,5.368077193060913,4.962989259453245,14.774946297266226,6.239999999999999,8.479693105996791,13.098416460902548,6.07,6.700965791720093,11.64173316872204,2.66,6.168940329830451,7.511155445814693,2.51,6.291097380378987,5.450693267488814,17.21346633744408,10,0.09308499097824097,5.474680544994485,5.345081962376102
ant229013042013f33b49abc103b0408,10000193,2026-05-13,0.37,0.8099999999999999,1.5400000000000005,1.365346003945001,3.9111118944247827,0.99,0.8699494240359857,3.1618895155398263,0.99,0.8718946750734404,2.437926343693218,0.18,0.5594595304715657,1.2537039648082613,5.3337790310796525,1.96,1.8475155613311518,3.628299134420473,0.6599999999999999,1.2352557068513275,2.6446393075363788,0.99,1.4816502873153177,2.2030928716909193,0.47,1.025789223666115,1.336516378140158,4.629278615072757,10,0.06769365072250366,3.6477885145367104,2.460936148400133
ant2295ff4904b693181a698796ef708,10000193,2026-06-01,3.1700000000000004,6.09,0.5800000000000001,0.5971200687183033,3.551111894424783,0.5800000000000001,0.616901215640968,2.9568895155398263,0.5800000000000001,0.757725941085883,2.1645930103598845,0.5800000000000001,0.8892868322908051,1.5307558062159305,5.3337790310796525,1.2400000000000002,1.2121448997085846,3.3582991344204736,0.92,0.8467302323495276,2.7746393075363787,0.92,1.32321633896128,2.1564262050242524,0.92,1.5617972208427595,1.6618557230145514,4.629278615072757,10,0.03780210018157959,4.2304355159636895,3.896533826499548
ant22ec2ef305ce93448898e5a489408,10000129,2026-03-16,0.35,0.4,0.48,1.4140031051939297,5.364221835325612,0.74,1.1830080526733677,4.51737746826049,0.48,0.8132161517158218,3.08491831217366,0.6100000000000001,1.5910569221256023,2.1469509873041956,8.29475493652098,0.29,1.5149470783187005,6.0018786554551316,0.78,1.2779476918696875,5.104502924364105,0.29,0.8007291011892362,3.336335282909404,0.6000000000000001,1.52166479177223,2.365801169745642,9.429005848728211,10,0.039108097553253174,4.710640733352576,3.424089022035464
ant22ed52faf75ac3a85ba0a44f4d608,10000168,2026-03-18,0.2799999999999999,0.06,0.44,0.4029459529506008,3.1161385372000576,0.43,0.3918246982167343,2.575910829760046,0.32,0.34543314817037796,1.7872738865066975,0.39,0.6594853082367995,1.2563643319040183,4.721821659520092,0.16,0.1636703901926299,2.4008565200880256,0.1,0.13433904907098748,1.9226852160704204,0.09,0.08751380476404341,1.3084568107136139,0.0999999999999999,0.4964094524555887,0.8290740864281679,3.7453704321408408,10,0.08666771650314331,3.672504080662748,2.078866206568243
ant23c6dfc70d03236da905d26069d08,10000227,2026-07-20,1.81,3.2300000000000004,0.2,0.42000000000000004,7.322910809161643,0.2,0.45000000000000007,6.531476274810349,0.2,0.45000000000000007,6.531476274810349,0.2,0.45000000000000007,6.531476274810349,11.596657294658629,0.38,0.7666666666666666,8.753200088438492,0.38,0.825,7.822844523056437,0.38,0.825,7.822844523056437,0.38,0.825,7.822844523056437,13.777120141501587,4,1.1920928955078125e-07,4.409656808963578,4.052196742634088
ant23d6028d76c3837269440645f1f08,10000181,2026-03-16,0.4600000000000001,0.05,0.21,0.3631669700032949,7.122967077684263,0.22,0.3948509237757858,5.7453736621474105,0.27,0.3885066786987953,4.501056663190315,0.27,0.3885066786987953,4.501056663190315,11.27074732429482,0.19,0.16112452116257572,8.147414370436875,0.2,0.4164024491708744,6.5609314963495,0.2,0.3749861056821288,5.093024227961154,0.2,0.3749861056821288,5.093024227961154,12.921862992699001,8,0.01465529203414917,4.451690275584123,3.321681716637705
ant24005bc81b6c53cabbfe826f0f608,10000083,2026-06-15,21.5,23.660000000000004,14.774946297266226,14.774946297266226,14.774946297266226,14.774946297266226,14.774946297266226,14.774946297266226,14.774946297266226,14.774946297266226,14.774946297266226,14.774946297266226,14.774946297266226,14.774946297266226,14.774946297266226,17.21346633744408,17.21346633744408,17.21346633744408,17.21346633744408,17.21346633744408,17.21346633744408,17.21346633744408,17.21346633744408,17.21346633744408,17.21346633744408,17.21346633744408,17.21346633744408,17.21346633744408,0,,5.260226731851281,4.474940091787543
ant2423377194b54313f92aa4ec21608,10000168,2026-05-03,0.28,0.04,0.32,0.29333333333333333,3.0711385372000577,0.32,0.636,2.520910829760046,0.32,0.5466666666666667,1.8920791641143184,0.32,0.5466666666666667,1.8920791641143184,4.721821659520092,0.14,0.1366666666666667,2.393356520088026,0.14,0.9880000000000002,1.9426852160704204,0.2,0.8011111111111112,1.4662037257645857,0.2,0.8011111111111112,1.4662037257645857,3.7453704321408408,9,1.1920928955078125e-07,3.487017463878708,2.0759176312307237
ant24239796cda2633d199c2e9136808,10000218,2026-03-16,1.2899999999999998,0.38,0.8,0.9249466431468298,7.763369927518012,0.4099999999999999,0.7249454043666751,6.17569594201441,0.4099999999999999,0.6252039447831371,4.528354244296007,0.4099999999999999,0.6252039447831371,4.528354244296007,11.94139188402882,0.53,0.7812322137928698,8.971189813850357,0.8600000000000001,0.8131977837614838,7.447951851080284,0.8600000000000001,0.9112645127072808,5.565679893628774,0.8600000000000001,0.9112645127072808,5.565679893628774,14.035903702160569,9,0.028921544551849365,4.876553962649042,3.498835484601977
ant2446667a49a5d3e8bbc93769c7208,10000050,2026-03-16,4.82,5.54,0.31,0.5757064080441803,4.747497957934028,0.18,0.4250268688445614,3.7949983663472224,0.18,1.0858806984830094,2.589998910898149,0.18,1.7692286215844204,1.6259993465388887,7.409996732694445,0.1,1.0920180577984964,5.444154617987731,0.09,0.7087127218993374,4.370323694390185,0.1,1.718658085183903,2.950215796260124,0.09,2.383724262744559,1.802129477756074,8.65064738878037,10,0.10123980045318604,7.47176439625896,10.08104353412956
ant248dbe700f851391eadda957f6808,10000084,2026-04-26,22.28,19.87,8.0,6.953333333333334,8.541205224361576,8.0,6.953333333333334,8.541205224361576,8.0,6.953333333333334,8.541205224361576,8.0,6.953333333333334,8.541205224361576,8.865928358978522,13.19,10.816666666666666,16.1386640064658,13.19,10.816666666666666,16.1386640064658,13.19,10.816666666666666,16.1386640064658,13.19,10.816666666666666,16.1386640064658,17.90786241034528,3,1.1920928955078125e-07,8.838496479916582,14.001360446769866
ant25d2f9413654e3cba99f4e971fb08,10000251,2026-03-16,1.8000000000000005,3.06,3.13,2.860574028918403,3.8814642035832354,3.13,2.915924020583137,3.731171362866588,3.13,2.7403908882197583,3.530780908577725,2.47,2.4347198871061386,2.842468545146635,4.332342725733176,5.72,5.437595217471226,6.199803265693751,5.72,5.465070956478095,6.103842612555001,5.72,5.013100439217528,5.975895075036667,4.69,4.482774786293762,5.049537045022001,6.487685225110002,10,0.0724075436592102,3.961897549501681,4.506801368471827
ant25ffba2517a6c38e5aec5b4484a08,10000238,2026-06-10,0.72,1.7000000000000002,1.2,1.1314866102005203,8.82308756139345,1.2,1.5217309686998763,7.29847004911476,0.99,1.3820900172275425,5.761900037780585,0.99,1.3820900172275425,5.761900037780585,13.396940098229521,1.94,1.6368094367134431,9.149172119338882,1.9600000000000004,2.7197574774973132,7.717337695471106,1.94,2.419490198504376,6.376413611900849,1.94,2.419490198504376,6.376413611900849,13.474675390942211,8,0.07287091016769409,4.733236590403362,4.420596631894656
ant26360323207a73d008d0feb9bda08,10000168,2026-04-01,0.16,0.01,1.64,1.4640999702936066,3.5661385372000574,1.64,1.6035535635979876,3.180910829760046,1.6799999999999995,1.713647221123341,2.6939405531733636,1.3400000000000003,1.2665010177452438,2.0163643319040183,4.721821659520092,1.64,2.3656084088620823,2.955856520088026,1.64,2.6059575530199983,2.69268521607042,1.64,2.3625570508369544,2.3417901440469473,0.94,1.71103183255829,1.501074086428168,3.7453704321408408,10,0.044115304946899414,3.4239752107060824,1.9866158693116545
ant26f698c35cb193b9da580ef00af08,10000251,2026-06-08,1.34,2.37,3.099999999999999,2.471514653817396,3.870214203583235,1.58,1.9326589590985217,2.956171362866588,1.58,1.9757901921282774,2.497447575244392,2.24,2.0895486167196164,2.6584685451466354,4.332342725733176,4.77,4.079729100906112,5.843553265693751,3.21,3.3727514423056797,4.848842612555001,3.21,3.4738012850861173,4.302561741703334,4.02,3.664804431866035,4.513537045022,6.487685225110002,10,0.05384916067123413,3.880133851846813,4.054782453091604
ant27463a638ce8f3413994ecef29e08,10000182,2026-07-05,1.07,1.98,0.24,0.21,2.0248753358904814,0.15,0.178,1.6229002687123852,0.24,0.352,1.1919335124749235,0.24,0.5625,0.8111601074849539,3.0958005374247706,0.55,0.4866666666666667,2.412937293487825,0.24,0.37800000000000006,1.8853498347902602,0.53,0.654,1.5302332231935067,0.47,1.044,1.0821399339161037,3.53069966958052,10,1.1920928955078125e-07,3.739871042515088,3.5114509956054767
ant2788e622b2d7534248a7bc2993308,10000149,2026-03-16,2.9400000000000004,4.53,5.859999999999999,6.8974469782921055,8.12371585170323,5.859999999999999,7.045183758492902,7.670972681362583,7.079999999999999,7.127450155311842,7.8806484542417214,6.52,6.22415586899364,7.112389072545033,9.481945362725167,9.74,11.46652134431858,11.555296733759278,9.74,10.088787562256108,11.192237387007424,9.74,10.736286233630826,10.70815825800495,9.74,9.387308724809273,10.32089495480297,12.644474774014846,10,0.08258801698684692,8.470572660388308,12.475044856861448
ant27b923568b2c1305a857ec1b46608,10000251,2026-03-16,2.28,4.25,1.11,1.330403180480697,3.1239642035832356,1.11,1.8686889303480387,2.7211713628665883,1.11,1.6427137783083827,2.184114241911059,1.11,2.1892717097642995,1.754468545146635,4.332342725733176,2.0,2.5171224780782455,4.804803265693751,2.0,3.4621417940124064,4.243842612555001,2.0,3.0533284603765214,3.4958950750366675,2.0,3.9424938928653135,2.897537045022,6.487685225110002,10,0.07919389009475708,4.269012987987899,5.077190637900385
ant291f01c66f71f3626977aed3c1c08,10000208,2026-07-27,0.36,0.23,0.98,0.7849479906054865,4.747533166235083,0.98,1.081534268201105,3.994026532988067,0.98,0.9470573986726429,2.989351021992045,0.65,0.9134900943557491,2.2395132664940336,7.008053065976134,1.14,0.9883521575868529,5.655781845058195,1.14,1.4853145981468296,4.752625476046556,1.14,1.3751422708756782,3.548416984031037,1.0,1.3975892617967915,2.841312738023278,8.365250952093112,10,0.07790392637252808,3.644477390911905,2.68047048228972
ant2935351fddd0630aa9bcf6ce7b008,10000251,2026-07-14,1.7,3.08,1.08,2.203353797811802,3.112714203583235,0.5800000000000001,1.4771488597252813,2.456171362866588,1.08,2.3817280528608284,2.164114241911059,1.08,2.3712019104415902,1.8930856814332941,4.332342725733176,2.02,3.8490780892529264,4.812303265693751,1.81,2.782041915952627,4.148842612555001,2.02,4.294165374292305,3.5092284083700007,2.02,4.282350843885134,3.1369213062775003,6.487685225110002,10,0.142389714717865,4.36214114435414,4.721917763827971
ant2998166ffa71d36209d4ccf7d1b08,10000099,2026-03-19,0.17,0.26,0.32,0.7611773607325093,7.73679270152767,0.32,1.5242189355793259,6.2534341612221365,0.51,3.08879214338232,4.402289440814758,0.76,3.2917868203105884,3.2441018092270157,12.186868322444273,0.3,1.6104563301959982,8.975944125512427,0.3,2.0728018734460822,7.240755300409941,0.7100000000000001,3.651030994891425,5.2005035336066285,0.92,4.11776558897513,3.8029370871347568,14.181510600819882,10,0.028897523880004883,5.6309007186693165,6.066639771453999
ant29d234038874a30e8991d5d9db008,10000038,2026-03-16,2.6700000000000004,2.97,0.81,3.073008482353977,4.877194000646633,0.81,2.078611010697578,4.063755200517306,0.81,2.5130931014712488,2.979170133678205,0.8200000000000002,2.324834120551138,2.1195020802069227,7.317510401034613,1.25,3.8618962513897954,5.795455846777746,1.2,2.601240561656355,4.861364677422197,1.25,3.343266821996772,3.674243118281465,1.2,3.028522636254996,2.6645458709688783,8.522729354844394,10,0.02946639060974121,4.404701270078693,3.930438507048981
ant2a6a34ddd79583480ad4f64cead08,10000168,2026-06-06,0.11,0.01,0.14,0.16874450064264462,3.003638537200058,0.14,0.23154089728283944,2.430910829760046,0.14,0.22474854325688542,1.6672738865066974,0.1699999999999999,0.2314929079088053,1.5087710763294386,4.721821659520092,0.03,0.040880948386804776,2.3521065200880256,0.03,0.20057951582949934,1.8876852160704203,0.08,0.21497714498338347,1.301790144046947,0.09,0.2583136239676435,1.1651089506296588,3.7453704321408408,10,0.028932809829711914,3.3940533660634453,1.9811543057071952
ant2a7524b5e5c2638a39b99e3ae1f08,10000246,2026-03-16,0.05,0.15,0.06,0.055083046964106416,23.306220518629395,0.06,0.055083046964106416,23.306220518629395,0.06,0.055083046964106416,23.306220518629395,0.06,0.055083046964106416,23.306220518629395,32.60470872608115,0.15,0.14999999999999997,26.84570857389438,0.15,0.14999999999999997,26.84570857389438,0.15,0.14999999999999997,26.84570857389438,0.15,0.14999999999999997,26.84570857389438,37.52399200345213,2,0.06559193134307861,6.601187395402945,6.927169607976325
ant2b07b9a19fc2f391b9bfd2a245e08,10000038,2026-05-09,0.07,0.0,5.27,7.329999999999999,6.5496940006466335,5.27,8.7625,6.407505778352563,5.27,8.7625,6.407505778352563,5.27,8.7625,6.407505778352563,7.317510401034613,8.809999999999999,8.116666666666667,8.630455846777746,8.809999999999999,8.88,8.650405197135774,8.809999999999999,8.88,8.650405197135774,8.809999999999999,8.88,8.650405197135774,8.522729354844394,4,1.1920928955078125e-07,5.126258460026744,4.214175276006154
ant2b3c760e128a43e4da2d7d16ed008,10000149,2026-05-11,1.99,2.74,1.2200000000000002,2.766896139149278,6.38371585170323,6.47,6.640815451326073,7.975972681362583,6.47,6.116756296182013,7.473981787575055,4.13,5.2592081867140354,5.2003890725450335,9.481945362725167,1.66,2.938444329566524,8.525296733759278,6.460000000000001,9.599784006379982,9.552237387007423,7.240000000000001,9.13706672264087,9.041491591338282,6.460000000000001,8.35766583176848,7.6968949548029695,12.644474774014846,10,0.10038989782333374,5.328853954286849,7.376934272613409
ant2b7b7e4269b7b3e77b267192aa908,10000083,2026-03-16,0.61,0.42,1.03,2.4332283806595503,9.620591435791392,1.03,5.465604256525703,7.902473148633113,2.27,6.448715381373251,7.4803942905275935,2.27,6.448715381373251,7.4803942905275935,14.774946297266226,0.22,4.264413729901177,10.840916460902548,0.22,7.583761809546457,8.716733168722039,2.76,8.752972657657178,8.782277640601698,2.76,8.752972657657178,8.782277640601698,17.21346633744408,7,0.13357412815093994,6.3382113612021564,6.292275581148051
ant2baba22be6d413edba0e391627108,10000149,2026-03-23,6.8,8.66,1.54,2.5,6.503715851703229,1.54,3.7725,5.952191868180648,1.54,3.7725,5.952191868180648,1.54,3.7725,5.952191868180648,9.481945362725167,2.14,3.2533333333333334,8.705296733759278,2.14,3.99,7.975819318897138,2.14,3.99,7.975819318897138,2.14,3.99,7.975819318897138,12.644474774014846,4,1.1920928955078125e-07,10.389210467809471,15.253610152305267
ant2c0d8315f407734ef824a790b6608,10000084,2026-03-16,1.2500000000000002,1.87,1.88,2.2404394437781394,6.246205224361576,3.21,2.796858593160839,6.037964179489261,2.4799999999999995,3.4255511820419615,4.608642786326174,3.19,3.613145766253665,4.325185671795704,8.865928358978522,3.01,3.051979414497908,12.3211640064658,3.53,4.046335514778388,10.718931205172641,3.53,4.911415384429669,8.322620803448427,3.6,46.44672249686843,6.461572482069055,17.90786241034528,10,0.05835169553756714,4.812968307726655,5.736116935932541
ant2c8d1b57d19c53515824ab61a2e08,10000193,2026-05-16,1.98,3.68,0.4,0.6066666666666668,3.4836118944247825,0.3,0.45,2.816889515539826,0.3,0.598,1.9779263436932177,0.3999999999999999,0.874,1.3867558062159304,5.3337790310796525,0.84,1.21,3.208299134420473,0.69,0.932,2.659639307536379,0.69,1.2349999999999999,2.003092871690919,0.8099999999999999,1.7244999999999997,1.5738557230145513,4.629278615072757,10,1.1920928955078125e-07,4.126301903588038,3.6559884992866953
ant2d2cc8f583ad936d3bea3a74d8308,10000050,2026-06-10,14.72,18.0,4.88,5.2323100370919535,6.461247957934028,4.88,5.495879996687294,6.144998366347222,4.29,4.134506992163102,5.329998910898149,4.29,3.857664704449636,5.207646097851307,7.409996732694445,5.300000000000001,5.618605970940345,7.394154617987732,5.300000000000001,5.3683620867190225,6.975323694390186,4.47,4.283550319300174,5.863549129593457,4.47,4.027207349545456,5.699602173170697,8.65064738878037,10,0.04431331157684326,4.401153467974628,3.957633436014331
ant2d650e97cea813cb884b76a0aff08,10000129,2026-06-12,0.5,0.0,1.94,4.2633333333333345,5.911721835325612,1.94,3.77,5.117377468260489,1.94,3.77,5.117377468260489,1.94,3.77,5.117377468260489,8.29475493652098,3.13,4.72,7.066878655455132,3.13,4.114,6.279502924364106,3.13,4.114,6.279502924364106,3.13,4.114,6.279502924364106,9.429005848728211,5,1.1920928955078125e-07,9.179477413461374,8.509832061821268
ant2de71d412d5ac323986529301fb08,10000084,2026-03-16,6.369999999999999,13.45,3.85,4.575530318591003,6.984955224361576,3.83,3.5910887326499763,6.347964179489261,3.1899999999999995,2.7671194503641847,5.081976119659506,2.54,2.6494916118232417,3.805185671795704,8.865928358978522,6.53,7.7198682183524525,13.6411640064658,4.58,5.784058267243317,11.24393120517264,4.58,4.579999959909954,9.022620803448428,3.6,4.070994404986308,6.461572482069055,17.90786241034528,10,0.10452002286911011,6.838611831691787,11.108643375842512
ant2e0712fe7ee4b3945a4e05eccf108,10000193,2026-07-28,0.0699999999999999,0.26,0.45,0.43182568684272843,3.5023618944247827,0.5800000000000001,0.6373673194088662,2.9568895155398263,0.5800000000000001,0.8468286912875762,2.1645930103598845,0.5800000000000001,0.8525818618731142,1.5307558062159305,5.3337790310796525,0.92,0.928243906980016,3.2382991344204735,0.92,0.8132351229494419,2.7746393075363787,0.92,1.4795603553197942,2.1564262050242524,0.91,1.3414047462152763,1.6538557230145514,4.629278615072757,10,0.05804145336151123,3.906537356829737,3.30754687365919
ant2e70255d03f81370ba8992cb46308,10000099,2026-03-19,0.52,0.8200000000000001,0.53,0.5573078641315641,7.81554270152767,0.54,0.5703943506384996,6.363434161222136,0.54,0.6754369283338657,4.422289440814758,0.54,1.6104302654463367,2.869373664488854,12.186868322444273,0.7600000000000001,0.7633846711349661,9.148444125512427,0.8999999999999999,0.8127652958714121,7.540755300409941,0.9,1.002480865650049,5.327170200273295,0.9,2.112566201946658,3.556302120163976,14.181510600819882,10,7.033348083496094e-06,4.958432918277127,4.192039159698599
ant2eb35374071283f58a5f18f8de908,10000038,2026-03-19,0.39,0.23,0.91,1.5634186958013074,4.914694000646633,1.11,1.5984812704119042,4.213755200517307,1.11,2.5561792852773126,3.1791701336782046,1.11,2.8283787229660087,2.3515020802069224,7.317510401034613,1.14,1.5470465545017975,5.754205846777746,1.14,1.438852087002872,4.831364677422197,1.14,2.9582969189073607,3.6009097849481315,1.2,3.3883549350883975,2.6645458709688783,8.522729354844394,10,0.05778002738952637,4.575044986712722,4.095568959619477
ant2eb35374071283f58a5f18f8de908,10000129,2026-03-20,7.559999999999999,9.58,0.39,0.349818615163616,5.330471835325612,0.48,1.1540991219990904,4.38737746826049,0.6100000000000001,2.4763677769632264,3.1715849788403268,0.6100000000000001,1.9458270994515645,2.1469509873041956,8.29475493652098,0.2,0.17938276039677442,5.968128655455132,0.29,1.0725539712779026,4.859502924364105,0.6000000000000001,2.448553501273565,3.5430019495760705,0.6000000000000001,1.9560947564438116,2.365801169745642,9.429005848728211,10,0.04334831237792969,4.763103748588783,4.00250629486194
ant2f12970c5a7113bfda40fc8475208,10000193,2026-06-20,0.11,0.47,0.4,0.6066666666666668,3.4836118944247825,0.3,0.45,2.816889515539826,0.3,0.598,1.9779263436932177,0.3999999999999999,0.874,1.3867558062159304,5.3337790310796525,0.84,1.21,3.208299134420473,0.69,0.932,2.659639307536379,0.69,1.2349999999999999,2.003092871690919,0.8099999999999999,1.7244999999999997,1.5738557230145513,4.629278615072757,10,1.1920928955078125e-07,3.619100442171544,2.4646321689575528
ant2f93545f3e95c3b2a8b29453ab708,10000083,2026-03-16,3.8,4.709999999999999,6.409999999999999,8.363881159936176,11.638091435791392,2.51,6.067092019837805,8.642473148633112,3.85,5.318643404308877,7.491648765755409,3.31,5.098369232165883,5.602989259453245,14.774946297266226,6.07,9.575479750963469,13.03466646090255,2.6099999999999994,6.971534283078039,9.911733168722039,4.67,6.320241736733434,8.851155445814694,3.75,6.280389195603538,6.442693267488815,17.21346633744408,10,0.04369664192199707,5.571548020433981,5.709311628880813
ant2fa483616c7c0342384e25497dd08,10000193,2026-06-13,0.8900000000000001,1.94,0.4,0.6066666666666668,3.4836118944247825,0.3,0.45,2.816889515539826,0.3,0.598,1.9779263436932177,0.3999999999999999,0.874,1.3867558062159304,5.3337790310796525,0.84,1.21,3.208299134420473,0.69,0.932,2.659639307536379,0.69,1.2349999999999999,2.003092871690919,0.8099999999999999,1.7244999999999997,1.5738557230145513,4.629278615072757,10,1.1920928955078125e-07,3.723012846217752,2.98854906157926
ant690c5cd621cc0bb6f43149c7d6208,10000006,2026-05-14,13.21,17.53,0.44,14.68987859645467,17.865526681336124,26.21,27.481946911700206,27.2654213450689,12.579999999999998,21.176575850193924,17.826947563379267,3.33,23.219222738896644,8.32816853802756,28.320842690137802,0.58,18.15680004591439,22.930497124718876,25.130000000000003,29.341574305428956,30.735397699775103,13.14,25.173748225107015,20.873598466516736,8.290000000000001,29.252625169006667,13.90015907991004,36.3407953995502,10,0.07546412944793701,47.86920348837646,69.01063088394659
ant690c5cd621cc0bb6f43149c7d6208,1380389889,2026-05-20,104.70000000000002,122.04,9.03,47.64777717271023,27.031093461110995,12.32,43.87860927397654,25.075874768888795,54.48,53.44985733183255,48.07682674529907,54.48,53.44985733183255,48.07682674529907,37.83174953777759,9.58,49.30616520602001,30.885454797851267,11.98,45.479139369620825,27.824363838281016,57.56,59.09143395400021,52.21720295252386,57.56,59.09143395400021,52.21720295252386,43.66872767656203,8,0.07546424865722656,65.46846163113764,81.61181882286601
f127bde7dc562cfaee0ef057533b6b08,10000096,2026-03-16,4399.74,5816.04,2412.95,3619.429768255375,1837.123473289777,2284.82,3042.903774600244,1888.2237786318217,2284.82,2649.109090243394,2001.5369847370157,2284.82,2649.109090243394,2001.5369847370157,1491.6275572636432,2903.78,4185.803438752749,2162.39854240328,2903.78,3686.4017356815725,2310.6748339226237,2840.1400000000003,3196.264049726838,2439.2220242304456,2840.1400000000003,3196.264049726838,2439.2220242304456,1717.5696678452473,9,0.07222753763198853,1252.3407054511588,1524.7400266978862
ant9d15181081939a0f44bd411011808,10000256,2026-07-24,0.79,1.17,1.63,2.3983936335527405,9.812625571366132,1.63,2.3983936335527405,9.812625571366132,1.63,2.3983936335527405,9.812625571366132,1.63,2.3983936335527405,9.812625571366132,13.085675799912584,2.24,3.593146021350738,11.700376023327598,2.24,3.593146021350738,11.700376023327598,2.24,3.593146021350738,11.700376023327598,2.24,3.593146021350738,11.700376023327598,15.484526432658635,2,0.2033778429031372,4.676785208766291,4.440988738933561
anta9f9923ab7f1d996597b8249a4308,10000060,2026-03-16,21.51,23.790000000000003,13.57,14.742581513933724,55.222596433917225,13.57,14.742581513933724,55.222596433917225,13.57,14.742581513933724,55.222596433917225,13.57,14.742581513933724,55.222596433917225,80.21415429426756,15.63,16.73524065708554,64.06887158326253,15.63,16.73524065708554,64.06887158326253,15.63,16.73524065708554,64.06887158326253,15.63,16.73524065708554,64.06887158326253,93.13219453322006,3,0.1591612696647644,35.88892670076747,53.78687222742751
anta9f9923ab7f1d996597b8249a4308,10000019,2026-06-05,15.790000000000004,21.7,1.66,9.73195689989085,56.872468412075015,6.739999999999999,10.393909409560047,48.36997472966001,10.32,13.697347964777217,36.87998315310668,6.739999999999999,11.032552931982767,23.391989891864,89.99994945932002,3.27,12.131706461993357,69.71432561681273,8.16,12.976992486929204,58.87046049345019,12.22,15.841652558441057,44.6736403289668,8.16,13.58268326188705,28.444184197380075,109.58092098690038,10,0.08683395385742188,35.731181885967146,63.37852427806286
9eeb00e2d68a57c8029333437f4ded08,10000019,2026-07-20,900.2199999999999,3772.26,573.0499999999998,629.1467917886813,271.143718412075,1102.1,1156.7026096993047,596.04997472966,1144.44,1434.530482604339,705.0899789413834,1144.44,1434.530482604339,705.0899789413834,89.99994945932002,729.8,1446.3689277045382,342.1630756168127,729.8,1318.9165284241476,419.6904604934502,1654.41,1555.2151038697652,1010.7312170778753,1654.41,1555.2151038697652,1010.7312170778753,109.58092098690038,7,0.1143454909324646,303.3877790750667,290.3668143494021
antbadc28b543194d089c1bd90fb6f08,10000041,2026-05-12,49.78000000000001,57.870000000000005,8.909999999999998,6.705200446168273,27.299077665159786,8.909999999999998,11.560796081469896,23.62126213212783,11.99,17.409323772211877,21.398044380091306,11.99,17.409323772211877,21.398044380091306,38.33252426425566,21.130000000000003,14.912122157364347,36.06645864545742,21.130000000000003,17.793232452799813,33.07916691636594,22.29,23.357771727608412,30.410833511689958,22.29,23.357771727608412,30.410833511689958,45.02833383273188,9,0.16715097427368164,21.209813056512303,29.271341144235244
antd1b9b47b2cbc9424ed4e004be7308,10000054,2026-03-16,34.11,29.28,4.52,45.98770320076672,15.532763087460197,12.95,37.84717592804891,17.545210469968154,12.95,27.884227064468348,16.013473646645437,12.95,19.578997690434278,14.78808418798726,22.140420939936313,5.05,36.26852305261635,19.891659357728486,17.97,32.68103458619408,23.383327486182786,17.97,26.059519217845164,21.578884990788524,19.72,43.19129881006326,21.535330994473114,28.796654972365577,10,0.04343301057815552,13.86145391964717,17.34290475439328
ante2f1d76f124e3ebb3198015f47d08,10000307,2026-07-28,20.67,23.31,78.36203881629515,78.36203881629515,78.36203881629515,78.36203881629515,78.36203881629515,78.36203881629515,78.36203881629515,78.36203881629515,78.36203881629515,78.36203881629515,78.36203881629515,78.36203881629515,78.36203881629515,90.12632067213254,90.12632067213254,90.12632067213254,90.12632067213254,90.12632067213254,90.12632067213254,90.12632067213254,90.12632067213254,90.12632067213254,90.12632067213254,90.12632067213254,90.12632067213254,90.12632067213254,0,,35.41426283465364,36.307778895213794
antfcty010000046609ldr1825091808,10000168,2026-04-01,0.6100000000000001,1.29,0.8800000000000001,1.13558826097576,3.2811385372000577,0.8800000000000001,1.1015997296371394,2.800910829760046,0.8800000000000001,1.27871440528261,2.160607219840031,0.7,1.0379932353618389,1.7583741209263404,4.721821659520092,0.11,1.4773317805556805,2.3821065200880254,0.11,1.7019772164286187,1.9276852160704203,0.4999999999999999,1.5344128042826044,1.581790144046947,0.07,1.1482259630212779,1.0372027453002213,3.7453704321408408,10,0.08701115846633911,4.382001916068339,4.414431184070445
antfec65057ee7411219718737bd8f08,10000159,2026-06-04,0.07,0.0,0.07,0.07,28.51881786090472,0.07,0.07,22.829054288723775,0.07,0.07,20.760049353385252,0.07,0.07,20.760049353385252,45.58810857744755,0.0,0.0,32.76763185488845,0.0,0.0,26.214105483910757,0.0,0.0,23.83100498537342,0.0,0.0,23.83100498537342,52.428210967821514,6,0.13017815351486206,9.985338108300468,9.160334039521066
antys2877a159aad262e1f0cb13c8708,10000190,2026-03-19,0.22,0.6000000000000001,0.28,0.3233333333333333,18.33183141464608,0.28,0.38750000000000007,16.32607236857429,0.28,0.38750000000000007,16.32607236857429,0.28,0.38750000000000007,16.32607236857429,29.162930263433722,0.6499999999999999,0.7499999999999998,20.995762729136093,0.6499999999999999,0.8749999999999999,18.735122425898748,0.6499999999999999,0.8749999999999999,18.735122425898748,0.6499999999999999,0.8749999999999999,18.735122425898748,33.20322036661775,4,0.028888463973999023,6.244586340072511,6.398802074793384
antys29b279b30daf38d9bc257ab5108,10000182,2026-05-11,0.23,0.06,0.24,0.21,2.0248753358904814,0.15,0.178,1.6229002687123852,0.24,0.352,1.1919335124749235,0.24,0.5625,0.8111601074849539,3.0958005374247706,0.55,0.4866666666666667,2.412937293487825,0.24,0.37800000000000006,1.8853498347902602,0.53,0.654,1.5302332231935067,0.47,1.044,1.0821399339161037,3.53069966958052,10,1.1920928955078125e-07,3.34888417144775,2.540302861122289
ant0155ac8b0794197a0e34512a1a609,10000139,2026-03-27,6.420000000000001,20.41,25.109243953096637,25.109243953096637,25.109243953096637,25.109243953096637,25.109243953096637,25.109243953096637,25.109243953096637,25.109243953096637,25.109243953096637,25.109243953096637,25.109243953096637,25.109243953096637,25.109243953096637,33.49501804394873,33.49501804394873,33.49501804394873,33.49501804394873,33.49501804394873,33.49501804394873,33.49501804394873,33.49501804394873,33.49501804394873,33.49501804394873,33.49501804394873,33.49501804394873,33.49501804394873,0,,13.339619222018657,15.669458805100756
258123eb12474587def701901da92e09,1382649737,2026-03-16,5767.81,5727.25,5436.03,4740.670277227223,2791.529505874602,5436.03,4740.670277227223,2791.529505874602,5436.03,4740.670277227223,2791.529505874602,5436.03,4740.670277227223,2791.529505874602,1204.829209399363,5215.43,4017.0477445140864,2685.9617721487134,5215.43,4017.0477445140864,2685.9617721487134,5215.43,4017.0477445140864,2685.9617721487134,5215.43,4017.0477445140864,2685.9617721487134,1168.2808354379415,3,0.10111105442047119,1741.301572976427,908.2777430874668
9fe1c2c49496a8a45520e0ff425e3f09,10000019,2026-06-22,897.54,754.73,4.23,30.639999999999997,65.49424961380002,4.23,30.639999999999997,65.49424961380002,4.23,30.639999999999997,65.49424961380002,4.23,30.639999999999997,65.49424961380002,89.99994945932002,6.67,19.11,80.17780070492884,6.67,19.11,80.17780070492884,6.67,19.11,80.17780070492884,6.67,19.11,80.17780070492884,109.58092098690038,2,1.1920928955078125e-07,148.3295468317512,142.28421488907128
ant203a818d5431b38d28a6ff6a40b09,10000274,2026-04-28,0.23,0.47,40.67938034091423,40.67938034091423,40.67938034091423,40.67938034091423,40.67938034091423,40.67938034091423,40.67938034091423,40.67938034091423,40.67938034091423,40.67938034091423,40.67938034091423,40.67938034091423,40.67938034091423,42.50946165091709,42.50946165091709,42.50946165091709,42.50946165091709,42.50946165091709,42.50946165091709,42.50946165091709,42.50946165091709,42.50946165091709,42.50946165091709,42.50946165091709,42.50946165091709,42.50946165091709,0,,7.736035619656066,7.698707963469701
ant20a90b21adc3a301a83656e1bc909,10000182,2026-07-13,1.2,2.32,0.24,0.21,2.0248753358904814,0.15,0.178,1.6229002687123852,0.24,0.352,1.1919335124749235,0.24,0.5625,0.8111601074849539,3.0958005374247706,0.55,0.4866666666666667,2.412937293487825,0.24,0.37800000000000006,1.8853498347902602,0.53,0.654,1.5302332231935067,0.47,1.044,1.0821399339161037,3.53069966958052,10,1.1920928955078125e-07,3.5987081181743794,3.2856764102749816
ant21fd5ae78356e323c928c95cf9309,10000303,2026-06-16,1.3299999999999998,0.0,2.22,2.0266666666666664,6.130208099696324,2.22,2.0266666666666664,6.130208099696324,2.22,2.0266666666666664,6.130208099696324,2.22,2.0266666666666664,6.130208099696324,8.476332959514119,0.0,0.0,4.834568634327804,0.0,0.0,4.834568634327804,0.0,0.0,4.834568634327804,0.0,0.0,4.834568634327804,7.735309814924486,3,1.1920928955078125e-07,4.442341617256267,2.3619411761204114
ant22119015bd933351cb5c0d3e91209,10000234,2026-06-10,1.64,2.99,0.2799999999999999,0.3366666666666666,7.372049425800231,0.2799999999999999,0.326,5.953639540640185,0.23,0.31,5.410581400581987,0.23,0.31,5.410581400581987,11.62727908128037,0.72,0.8000000000000002,8.347180593915153,0.72,0.7620000000000001,6.821744475132124,0.4200000000000001,0.7050000000000001,6.1034040683019315,0.4200000000000001,0.7050000000000001,6.1034040683019315,12.923488950264247,6,1.1920928955078125e-07,4.689624851803854,4.308119478197576
ant225b97de78cf23d1a8b82c0dc1b09,10000050,2026-04-10,0.4299999999999999,0.4900000000000001,6.610000000000001,6.3358957178660065,7.109997957934029,6.610000000000001,5.528546397507185,7.009998366347223,3.55,4.030054158390413,4.8366655775648155,3.55,4.239822022450627,4.321999346538888,7.409996732694445,7.609999999999999,8.092804280608544,8.260404617987732,7.609999999999999,7.551951534321164,8.130323694390185,2.05,5.090385710645806,4.2502157962601235,1.96,5.086438688613489,3.298129477756074,8.65064738878037,10,0.071819007396698,4.917083903629772,4.295609626482766
ant22a80785003b6313cae310db50a09,10000038,2026-04-14,8.82,12.67,4.1,11.909347044502502,6.110944000646633,1.73,7.352015088565934,4.523755200517306,1.73,4.599217719860838,3.592503467011538,1.1700000000000002,3.527435654090303,2.3995020802069225,7.317510401034613,5.61,12.497890982383423,7.430455846777747,2.76,7.721214716059073,5.641364677422197,2.56,5.128300874487597,4.547576451614798,2.0900000000000003,4.345695587478729,3.3765458709688785,8.522729354844394,10,0.09582602977752686,5.663650353190169,7.427664796878245
ant230b7cbcb8e2f36ab880d6b63a909,10000182,2026-03-16,2.59,4.630000000000001,0.13,1.0141300355168534,1.9836253358904816,0.13,1.6215271998174465,1.6129002687123852,0.21,1.1084452659924329,1.1719335124749235,0.21,0.7863827498515548,0.787160107484954,3.0958005374247706,0.25,1.8260112397284176,2.300437293487825,0.28,1.7736724968990942,1.9053498347902602,0.44,1.435886336959809,1.4702332231935067,0.44,1.0810791300715776,1.058139933916104,3.53069966958052,10,0.01861637830734253,3.667020256911124,3.283887716453167
ant23db85e228cd4334180b4ea2ee709,10000256,2026-07-23,1.4,2.59,1.28,1.7916818555348355,8.658547374945366,1.35,1.7146155260669973,7.217837899956292,1.35,1.625053994985909,5.541312785683065,1.35,1.625053994985909,5.541312785683065,13.085675799912584,1.83,2.6859382646866474,10.364079020411646,1.83,2.5616121025055274,8.657263216329318,1.83,2.482606738636247,6.706616583092369,1.83,2.482606738636247,6.706616583092369,15.484526432658635,9,0.09710383415222168,5.015600336979336,5.290132649652707
ant2404d1ebf84633719859e76cf2009,10000038,2026-03-16,0.25,0.16,0.08,0.24175279409827158,4.6034440006466335,0.0999999999999999,0.30086355167473067,3.7087552005173063,0.13,0.31292014064098705,2.5258368003448712,0.47,2.43204910774577,1.8395020802069224,7.317510401034613,0.0,0.0875881882808854,5.326705846777746,0.0,0.07857351636133883,4.261364677422197,0.0,0.1516966150648712,2.8409097849481317,0.24,2.8820248405260696,1.8965458709688783,8.522729354844394,10,0.07229775190353394,5.633667520933316,5.581191429503178
ant2404d1ebf84633719859e76cf2009,10000084,2026-04-24,5.48,4.6000000000000005,2.19,2.425046963582368,6.362455224361576,2.19,3.469719611466081,5.527964179489261,3.1,4.0832371822166165,5.021976119659508,2.51,3.878726748383458,3.781185671795704,8.865928358978522,2.77,2.7040439389503566,12.2311640064658,2.77,4.170024970427523,10.33893120517264,2.93,4.996611247805058,7.922620803448427,2.93,5.070476945514639,5.925572482069056,17.90786241034528,10,0.033039391040802,6.273013737584041,9.26946624301413
ant241265c930fe730e99eca2a0f8d09,10000097,2026-04-07,0.5,0.0,0.52,2.4453815251163102,8.002734699490158,0.52,1.7149370449817203,6.506187759592127,0.52,1.117997977047038,4.5107918397280855,0.52,1.4880407701697635,3.670625136627436,12.492375519184254,0.0,0.0,8.11675284478888,0.0,0.0,6.493402275831105,0.0,0.0,4.328934850554071,0.0,0.0,3.4175801451742664,12.98680455166221,10,0.057860612869262695,4.440802840503063,3.069155216340736
ant2430d18fcba7731b8a1f4cc03a609,10000251,2026-03-16,0.06,0.21,5.159999999999999,4.712290160291189,4.642714203583235,3.76,3.9690120641905335,4.046171362866588,3.72,3.092792628898711,3.9241142419110586,3.34,2.550241724461274,3.5384685451466353,4.332342725733176,8.69,8.45293203655342,7.313553265693751,6.97,6.798793132027671,6.728842612555001,6.500000000000001,5.3478701698975755,6.4958950750366675,5.64,4.519231343565611,5.809537045021999,6.487685225110002,10,0.04334127902984619,3.735883757868213,3.621398646022084
ant24a094cc9d90d382ab4212ad18709,10000193,2026-07-19,0.49,1.16,0.4,0.6066666666666668,3.4836118944247825,0.3,0.45,2.816889515539826,0.3,0.598,1.9779263436932177,0.3999999999999999,0.874,1.3867558062159304,5.3337790310796525,0.84,1.21,3.208299134420473,0.69,0.932,2.659639307536379,0.69,1.2349999999999999,2.003092871690919,0.8099999999999999,1.7244999999999997,1.5738557230145513,4.629278615072757,10,1.1920928955078125e-07,3.7864433019445305,2.8247279715259954
ant24d06a349054a3a92b425f6db3809,10000251,2026-04-26,0.67,2.28,1.4300000000000002,2.2518140509036275,3.2439642035832357,0.36,1.5298483072907971,2.3461713628665883,0.38,1.3154433958623422,1.697447575244392,0.38,1.7311095521158508,1.170468545146635,4.332342725733176,2.28,3.8135415069530185,4.909803265693752,1.02,2.7345281104584376,3.753842612555001,1.36,2.471508132147592,3.0692284083700008,1.36,3.1908306589230047,2.385537045022,6.487685225110002,10,0.05261051654815674,3.818382707956028,3.345625044125555
ant24d5471f0fdb533f2823bb731d609,10000099,2026-03-23,1.16,1.26,3.1500000000000004,3.280895060079585,8.79804270152767,2.15,2.470639875332572,7.1684341612221365,0.96,1.6125094456527695,4.7022894408147575,0.96,1.5816377642251442,4.468396350763835,12.186868322444273,0.79,2.631090489698407,9.159694125512427,0.79,2.5071356608349147,7.4857553004099415,0.79,1.9638788623967918,5.253836866939961,0.79,1.9286325080113662,4.974847062756213,14.181510600819882,10,0.07491493225097656,7.276312195414205,8.436365412914347
ant250a2d31b3c1d3c77806245f65509,10000168,2026-06-14,0.44,0.8899999999999999,0.43,1.0457196430689693,3.1123885372000575,0.94,1.2998051057900797,2.830910829760046,0.53,1.1827125579667477,1.9272738865066974,0.5,1.0476906892976259,1.3443643319040182,4.721821659520092,0.8800000000000001,2.3406219598097655,2.6708565200880257,1.31,1.9782659768362965,2.52768521607042,1.2,2.0064578093756245,2.048456810713614,1.0,1.8648759599292406,1.549074086428168,3.7453704321408408,10,0.08243268728256226,3.570091477859443,2.219415955138826
ant250da22c094963dd9b9ba03048f09,10000168,2026-06-14,0.08,0.01,2.3800000000000003,1.6537342620683035,3.8436385372000577,0.95,1.2857505632500936,2.835910829760046,0.53,1.0608189114054076,1.9272738865066974,0.51,1.1113514465276406,1.3523643319040182,4.721821659520092,1.39,0.9681823777427867,2.862106520088026,1.39,1.0260726907570474,2.56768521607042,0.76,0.8241565824006477,1.7551234773802804,0.53,1.3355629479306377,1.173074086428168,3.7453704321408408,10,0.019474327564239502,3.373139369376043,1.986945798712896
ant2553b7e31e2893379b8ec17296309,10000083,2026-05-12,6.199999999999999,7.210000000000001,5.390000000000001,4.917260477822911,11.255591435791391,5.390000000000001,5.133370190973637,10.082473148633113,5.390000000000001,5.912760834881392,8.518315432422076,5.390000000000001,6.908479288669156,7.430205716797006,14.774946297266226,3.75,4.898756036465853,12.164666460902549,4.89,5.522903403855837,11.05173316872204,5.25,6.141160700281643,9.23782211248136,5.94,8.268404838139396,8.390753551618278,17.21346633744408,10,0.029068589210510254,7.092376849733233,9.755464777908069
ant25605e829a99d326fa829f6bf3209,10000084,2026-04-24,8.48,12.22,8.850000000000001,8.322535253118255,8.859955224361578,2.36,5.911156541806142,5.612964179489261,3.47,6.254814436973158,5.268642786326174,2.8599999999999994,4.90035928277114,4.0611856717957036,8.865928358978522,11.19,9.797409847950272,15.388664006465799,3.23,7.051322747205838,10.56893120517264,4.430000000000001,7.836322922074213,8.922620803448428,3.23,6.222926367487042,6.165572482069056,17.90786241034528,10,0.02893286943435669,6.026702529035593,7.688293154122214
ant25723320d01e532c3a16871a43f09,10000168,2026-03-18,0.6100000000000001,1.47,2.31,1.7314613757559236,3.8173885372000576,0.45,1.1847753643133874,2.585910829760046,0.45,1.0361383057957263,1.8739405531733642,0.45,0.8429038100213089,1.3043643319040183,4.721821659520092,1.31,2.518920372440458,2.8321065200880255,0.8800000000000001,1.5617818057386905,2.3126852160704203,0.8800000000000001,1.6263016637229009,1.8351234773802805,0.61,1.2414572515931628,1.237074086428168,3.7453704321408408,10,0.051936566829681396,3.801698560636456,2.8424600591660245
ant258559d5e753d394191fb27feaf09,10000129,2026-05-30,1.13,1.2200000000000002,1.07,1.4468047454345259,5.585471835325612,1.07,1.4866167925339717,4.68237746826049,1.28,2.414052643566366,3.6182516455069935,1.73,2.565769165070821,3.0429509873041956,8.29475493652098,1.06,1.5431425957392118,6.290628655455132,1.06,1.5956251342820902,5.244502924364106,1.34,2.559669450363145,4.036335282909404,1.83,2.6656391417674192,3.349801169745642,9.429005848728211,10,0.028974294662475586,5.056093458658976,4.569126976332329
ant25ad86332e28f3560a499ae769109,10000099,2026-05-22,0.02,0.13,0.48,0.4405234250131799,7.79679270152767,0.48,1.9336992666098352,6.3334341612221365,0.48,1.275943097270477,4.382289440814758,0.54,1.651004963648391,2.9664309005092235,12.186868322444273,0.89,1.5330092195732155,9.197194125512427,0.89,3.060139295154141,7.535755300409941,0.9,2.100507771297713,5.327170200273295,0.92,2.524046313340701,3.682814708504143,14.181510600819882,10,0.0649787187576294,5.695650753213291,6.908446808075691
ant26f8b5796a1e03529bcca02bdd709,10000083,2026-03-16,1.08,0.8,1.69,6.707094159101877,9.868091435791392,2.56,5.869586473257014,8.667473148633112,2.56,4.776199175355587,6.6316487657554095,2.56,5.150221771261063,5.002989259453244,14.774946297266226,2.6099999999999994,8.301432148348267,11.737166460902548,4.67,7.195839218560522,10.941733168722038,3.75,5.717237110175946,8.23782211248136,3.75,6.24814333815714,6.442693267488815,17.21346633744408,10,0.0433347225189209,5.7042795005557645,5.278205957754532
ant276fad6d45bbf3f99a04da0622b09,10000129,2026-07-08,16.1,16.43,0.39,0.9436546332834552,5.330471835325612,0.4700000000000001,0.7728440901570535,4.38237746826049,0.4700000000000001,0.6162168704512319,3.0782516455069935,0.48,1.5011178144239117,2.0429509873041956,8.29475493652098,0.2,0.876329594217201,5.968128655455132,0.21,0.6510937541788481,4.819502924364106,0.24,0.5457420755037217,3.3030019495760707,0.29,1.4548627184597247,2.1178011697456416,9.429005848728211,10,0.05545932054519653,4.585031673450104,3.8927808854983863
ant27f52e31af731336f91c4f91b4b09,10000256,2026-07-24,1.23,2.2900000000000005,1.57,2.135541259890882,8.767297374945365,0.48,1.4899641114009496,6.782837899956292,0.48,1.4899641114009496,6.782837899956292,0.48,1.4899641114009496,6.782837899956292,13.085675799912584,2.7300000000000004,3.651601485797317,10.701579020411646,0.78,2.527694033409823,8.132263216329317,0.78,2.527694033409823,8.132263216329317,0.78,2.527694033409823,8.132263216329317,15.484526432658635,5,0.10163205862045288,5.072516430819929,5.21069135387061
ant27f52e31af731336f91c4f91b4b09,10000288,2026-07-24,1.14,2.11,0.93,0.7844441797643363,9.814585258656132,0.93,0.704235113944455,8.82740911880545,0.93,0.704235113944455,8.82740911880545,0.93,0.704235113944455,8.82740911880545,15.14533641384981,0.0,0.30138311131206047,10.635622791651025,0.0,0.23389957336639947,9.453886925912023,0.0,0.23389957336639947,9.453886925912023,0.0,0.23389957336639947,9.453886925912023,17.01699646664164,4,0.11430317163467407,5.1824620421280425,4.281776492306189
ant28178a9506d80337c9d1c8f054e09,10000182,2026-03-16,2.56,0.75,0.0999999999999999,0.34471431648717354,1.9723753358904814,0.52,0.44467128831618863,1.8079002687123853,0.21,0.4473490886119648,1.1719335124749235,0.46,0.8324139042031978,1.009125111963494,3.0958005374247706,0.22,0.6655405639926147,2.2891872934878252,0.22,0.6157056139452103,1.8753498347902602,0.22,0.7017680611007928,1.3235665565268402,0.65,1.1594397985445162,1.250145764495942,3.53069966958052,10,0.06332218647003174,3.716910830081847,2.433453297909652
ant28290e325e17638c3aa34f7817809,10000288,2026-04-08,1.04,0.0,0.7400000000000001,0.6733333333333335,9.743335258656131,0.5,0.6300000000000001,8.636298007694338,0.5,0.6300000000000001,8.636298007694338,0.5,0.6300000000000001,8.636298007694338,15.14533641384981,0.0,0.0,10.635622791651025,0.0,0.1625,9.453886925912023,0.0,0.1625,9.453886925912023,0.0,0.1625,9.453886925912023,17.01699646664164,4,1.1920928955078125e-07,4.940356655897953,4.102765700004285
ant283de1f2f358b3720927d65e71109,10000193,2026-07-14,1.36,2.54,0.4,0.6066666666666668,3.4836118944247825,0.3,0.45,2.816889515539826,0.3,0.598,1.9779263436932177,0.3999999999999999,0.874,1.3867558062159304,5.3337790310796525,0.84,1.21,3.208299134420473,0.69,0.932,2.659639307536379,0.69,1.2349999999999999,2.003092871690919,0.8099999999999999,1.7244999999999997,1.5738557230145513,4.629278615072757,10,1.1920928955078125e-07,4.045629480539136,3.270752233876842
ant284a79006866f34d3b4f9f51cbd09,10000193,2026-05-31,2.19,4.25,0.4,0.6066666666666668,3.4836118944247825,0.3,0.45,2.816889515539826,0.3,0.598,1.9779263436932177,0.3999999999999999,0.874,1.3867558062159304,5.3337790310796525,0.84,1.21,3.208299134420473,0.69,0.932,2.659639307536379,0.69,1.2349999999999999,2.003092871690919,0.8099999999999999,1.7244999999999997,1.5738557230145513,4.629278615072757,10,1.1920928955078125e-07,3.9756715893648944,3.185214311635856
ant28705bf63a33c3bf381456e896909,10000256,2026-05-05,1.4800000000000002,2.31,0.55,0.7166666666666667,8.384797374945366,0.55,0.7166666666666667,8.384797374945366,0.55,0.7166666666666667,8.384797374945366,0.55,0.7166666666666667,8.384797374945366,13.085675799912584,0.88,1.1233333333333333,10.007829020411647,0.88,1.1233333333333333,10.007829020411647,0.88,1.1233333333333333,10.007829020411647,0.88,1.1233333333333333,10.007829020411647,15.484526432658635,3,1.1920928955078125e-07,4.900249555499293,4.6913598614989525
ant2872a0227cfd939f19c705d5b8209,10000149,2026-04-24,6.010000000000001,7.500000000000001,1.54,2.5,6.503715851703229,1.54,3.7725,5.952191868180648,1.54,3.7725,5.952191868180648,1.54,3.7725,5.952191868180648,9.481945362725167,2.14,3.2533333333333334,8.705296733759278,2.14,3.99,7.975819318897138,2.14,3.99,7.975819318897138,2.14,3.99,7.975819318897138,12.644474774014846,4,1.1920928955078125e-07,9.172068513344662,11.328355715873418
ant288a7b6c4fe97228cbe488107a509,10000006,2026-07-02,14.6,26.36,28.320842690137802,28.320842690137802,28.320842690137802,28.320842690137802,28.320842690137802,28.320842690137802,28.320842690137802,28.320842690137802,28.320842690137802,28.320842690137802,28.320842690137802,28.320842690137802,28.320842690137802,36.3407953995502,36.3407953995502,36.3407953995502,36.3407953995502,36.3407953995502,36.3407953995502,36.3407953995502,36.3407953995502,36.3407953995502,36.3407953995502,36.3407953995502,36.3407953995502,36.3407953995502,0,,51.73451294590491,53.24730769449774
ant29568f687eedd36debe73cee95909,10000253,2026-03-17,1.48,3.21,42.71617005486495,42.71617005486495,42.71617005486495,42.71617005486495,42.71617005486495,42.71617005486495,42.71617005486495,42.71617005486495,42.71617005486495,42.71617005486495,42.71617005486495,42.71617005486495,42.71617005486495,49.37040331486831,49.37040331486831,49.37040331486831,49.37040331486831,49.37040331486831,49.37040331486831,49.37040331486831,49.37040331486831,49.37040331486831,49.37040331486831,49.37040331486831,49.37040331486831,49.37040331486831,0,,7.920725543068443,9.212061109425235
ant2a1c175ee312d3b16bea3642e2009,10000038,2026-03-27,1.14,1.66,1.74,7.849275790324648,5.225944000646633,1.3299999999999998,4.811865924535156,4.323755200517306,1.3299999999999998,3.71737578887132,3.325836800344871,1.46,2.959884881814554,2.6315020802069222,7.317510401034613,1.74,9.670315865726327,5.979205846777746,0.92,5.909240962076775,4.721364677422197,0.92,4.895102531481986,3.454243118281465,1.74,4.023903493549298,3.0965458709688782,8.522729354844394,10,0.08567148447036743,4.570928782759973,4.468505797041948
ant2ba8e6b96d6353e67b67cbeb74f09,10000084,2026-03-16,3.96,4.1000000000000005,3.83,5.414974197870939,6.977455224361576,3.1,4.4847586454776875,5.982964179489261,3.1,6.046670719159007,5.021976119659508,3.1,5.050374858602294,4.253185671795705,8.865928358978522,4.58,8.076049643747702,12.9099140064658,4.58,6.615782418639986,11.24393120517264,3.66,8.428133247429733,8.409287470115094,3.45,6.617192094997242,6.341572482069056,17.90786241034528,10,0.13957089185714722,6.240998916504092,10.067307152102352
ant2ba8e6b96d6353e67b67cbeb74f09,10000050,2026-04-27,4.890000000000001,4.93,0.14,2.87346666557451,4.683747957934028,1.0699999999999998,2.242288801874286,4.239998366347223,0.56,2.277225686149046,2.8433322442314823,0.56,3.1799883376410523,2.272499183173611,7.409996732694445,0.1,3.9125911583194313,5.444154617987731,1.18,3.268019188143655,4.915323694390185,0.4100000000000001,2.4957424542539233,3.1568824629267906,0.4100000000000001,3.363418784924731,2.470161847195093,8.65064738878037,10,0.1595848798751831,5.450711665354103,5.602186027950359
ant2ba8e6b96d6353e67b67cbeb74f09,10000038,2026-07-01,18.770000000000003,16.35,1.47,1.380019434894887,5.124694000646633,1.47,2.388411630015139,4.393755200517306,1.47,1.9113024550371605,3.4191701336782048,1.47,2.9936084087407324,2.6395020802069222,7.317510401034613,1.16,1.062618073438466,5.761705846777746,1.16,2.0168085783991176,4.841364677422197,1.51,1.796084910224003,3.847576451614798,1.29,3.171898122354553,2.7365458709688784,8.522729354844394,10,0.10861146450042725,5.571746140989303,5.682956253493324
ant2bb1ae6aa1bf137639a64de59ec09,10000168,2026-04-05,0.3299999999999999,0.0999999999999999,0.31,0.3593572824663886,3.0673885372000576,0.6700000000000002,0.5456389813857517,2.695910829760046,0.5700000000000001,0.6281971595106001,1.9539405531733642,0.44,0.5659334697751865,1.2963643319040183,4.721821659520092,0.09,0.40979013843912215,2.3746065200880255,0.8,0.873930526133275,2.2726852160704203,0.12,0.855150489987865,1.3284568107136139,0.09,0.5163514311067298,0.8210740864281679,3.7453704321408408,10,0.05797386169433594,3.5141389424518525,2.0916430836974005
ant2bb1ae6aa1bf137639a64de59ec09,10000193,2026-04-29,0.42,0.8600000000000001,0.09,0.6694199290402115,3.3673618944247825,0.0799999999999999,0.4555170729276029,2.7068895155398263,0.03,0.2738553623146179,1.7979263436932178,0.0799999999999999,0.5292919954193386,1.2740406888817393,5.3337790310796525,0.41,1.385832172165791,3.0470491344204733,0.26,0.9918218078415192,2.4446393075363786,0.26,0.6663369180398887,1.7164262050242527,0.28,0.7100761501681521,1.2684724125165359,4.629278615072757,10,0.05797386169433594,3.708243151580336,2.602824426648221
ant2beb1af6700ec3dc4ae4031597109,10000129,2026-06-03,2.72,2.5500000000000003,0.22,1.3216173187887696,5.266721835325612,0.22,0.9363481479881132,4.25737746826049,0.36,1.6703455607831867,3.0049183121736602,0.65,2.3882178626940886,2.1789509873041952,8.29475493652098,0.17,1.7609356818820248,5.956878655455132,0.17,1.2314419088836985,4.799502924364106,0.46,2.16045082249223,3.4496686162427372,0.66,2.4941054523945554,2.413801169745642,9.429005848728211,10,0.057879745960235596,5.192745143862771,4.797600806740175
ant2c127a7a1b4b03462a61ef8c6e709,10000149,2026-05-20,8.25,14.86,1.54,2.5,6.503715851703229,1.54,3.7725,5.952191868180648,1.54,3.7725,5.952191868180648,1.54,3.7725,5.952191868180648,9.481945362725167,2.14,3.2533333333333334,8.705296733759278,2.14,3.99,7.975819318897138,2.14,3.99,7.975819318897138,2.14,3.99,7.975819318897138,12.644474774014846,4,1.1920928955078125e-07,10.432703489260165,14.296526920183815
ant2c18f0db374603a14a062b5992d09,10000251,2026-07-20,2.93,5.7,1.02,1.557112076782101,3.090214203583235,1.52,1.8709260197331916,2.9261713628665884,1.52,1.819758143840547,2.457447575244392,1.52,1.819758143840547,2.457447575244392,4.332342725733176,1.69,2.783114715034478,4.688553265693751,2.84,3.2836379421566217,4.663842612555001,2.58,3.2495472698896353,3.8825617417033342,2.58,3.2495472698896353,3.8825617417033342,6.487685225110002,10,0.18138110637664795,3.895933500872834,4.444893323325573
ant2c18f0db374603a14a062b5992d09,10000208,2026-07-21,1.4700000000000002,2.67,1.0,1.0114394400553164,4.7550331662350835,1.0,0.8177214541094981,4.33780725887563,1.0,0.8177214541094981,4.33780725887563,1.0,0.8177214541094981,4.33780725887563,7.008053065976134,1.18,1.3522488066173401,5.670781845058195,1.18,1.0616511890819071,5.171806084496174,1.18,1.0616511890819071,5.171806084496174,1.18,1.0616511890819071,5.171806084496174,8.365250952093112,4,0.22043859958648682,3.870483896687122,3.152408353409169
ant2cdb5a9e6c39730bebbcf778e0f09,10000256,2026-06-15,1.03,1.6800000000000002,0.55,0.7166666666666667,8.384797374945366,0.55,0.7166666666666667,8.384797374945366,0.55,0.7166666666666667,8.384797374945366,0.55,0.7166666666666667,8.384797374945366,13.085675799912584,0.88,1.1233333333333333,10.007829020411647,0.88,1.1233333333333333,10.007829020411647,0.88,1.1233333333333333,10.007829020411647,0.88,1.1233333333333333,10.007829020411647,15.484526432658635,3,1.1920928955078125e-07,4.5694873401338905,4.169423292716663
ant2d84200f4560f311a9210f9320c09,10000168,2026-03-18,2.17,1.27,2.14,1.9165390228562507,3.7536385372000574,2.14,2.142894659201944,3.4309108297600464,1.48,1.501761536857997,2.5606072198400307,1.48,1.3861947025952521,2.1283643319040184,4.721821659520092,4.94,4.28703219444527,4.193356520088026,4.94,4.751432328783423,4.342685216070421,3.18,3.232501065295646,3.3684568107136137,2.2,2.4253730059362506,2.509074086428168,3.7453704321408408,10,0.029042601585388184,3.878906819360359,2.238479795574398
ant2d8ff0a6a4b103db98cd4ee13e109,10000038,2026-03-23,2.12,2.86,2.4,5.461613093874367,5.473444000646634,2.4,4.113029436250211,4.858755200517306,2.4,6.434335650605202,4.039170133678205,2.4,5.115108152867336,3.383502080206922,7.317510401034613,3.84,5.757558444334718,6.766705846777747,3.84,4.64023078838639,6.181364677422197,3.84,7.75060823309092,5.400909784948132,2.6,6.000808209664477,3.7845458709688784,8.522729354844394,10,0.028910577297210693,6.759301631013791,8.690803228592596
ant2d8ff0a6a4b103db98cd4ee13e109,10000083,2026-06-16,1.6800000000000002,1.23,8.51,8.073166771501398,12.425591435791391,3.85,5.559988851279263,9.312473148633114,2.27,3.8201286410917366,6.438315432422076,2.27,3.617536634016094,5.743596193685063,14.774946297266226,10.77,11.575536763529174,14.797166460902549,3.75,8.036439464609055,10.48173316872204,2.76,5.144569572097714,7.57782211248136,2.76,4.757628530751969,6.774851760401133,17.21346633744408,10,0.05780673027038574,8.541851828038109,10.896933295381688
ant2e2ccdf9398e6387d9afda990a709,10000083,2026-06-05,2.95,3.16,14.774946297266226,14.774946297266226,14.774946297266226,14.774946297266226,14.774946297266226,14.774946297266226,14.774946297266226,14.774946297266226,14.774946297266226,14.774946297266226,14.774946297266226,14.774946297266226,14.774946297266226,17.21346633744408,17.21346633744408,17.21346633744408,17.21346633744408,17.21346633744408,17.21346633744408,17.21346633744408,17.21346633744408,17.21346633744408,17.21346633744408,17.21346633744408,17.21346633744408,17.21346633744408,0,,7.357121644812952,7.819160964104068
ant2ee70cb1ef3ab3b15a9e9b364e009,10000209,2026-03-16,0.14,0.25,0.0899999999999999,0.5541070760277533,9.571260434337345,0.0899999999999999,0.5541070760277533,9.571260434337345,0.0899999999999999,0.5541070760277533,9.571260434337345,0.0899999999999999,0.5541070760277533,9.571260434337345,13.363764608072284,0.18,0.951933197882896,11.207198951393448,0.18,0.951933197882896,11.207198951393448,0.18,0.951933197882896,11.207198951393448,0.18,0.951933197882896,11.207198951393448,15.618078531950825,2,0.07676899433135986,4.781104829517296,4.611870486932959
ant30a3d85d0f00f6f67d68391188309,1380389889,2026-04-17,63.39,66.61,32.4,30.11952201164844,35.79484346111099,32.4,36.669965575021564,35.115874768888794,32.4,32.537201698449344,34.210583179259196,32.370000000000005,33.02062605500062,33.46234990755552,37.83174953777759,32.760000000000005,32.32975283260332,39.57795479785127,32.760000000000005,38.97705648478734,38.21436383828102,32.760000000000005,35.86176589756927,36.39624255885401,32.760000000000005,36.66643470836244,34.94174553531241,43.66872767656203,10,0.029200196266174316,14.324543985684542,13.280999102287408
bff4e82a0a206ac95d5c5b65530d9f09,1380317970,2026-03-16,95.9,71.89,2025.2,1502.762197624111,1405.8651626724863,1742.4199999999998,1445.0628259293915,1388.342130137989,1820.06,1585.0411905601038,1558.1280867586593,1617.51,1600.7537685861798,1500.8608520551957,1034.2642602759781,1613.45,1407.5884405884847,1297.7952633352857,1613.45,1453.324722402042,1360.9262106682286,1613.45,1719.4810727491256,1445.1008071121523,1665.44,1733.4323629896546,1554.0324842672915,1108.4024213364569,10,0.08667105436325073,740.1772247443336,701.3854021514626
ant5f5ff3a127b6b531b7fac9d1e0b09,10000006,2026-05-15,16.93,22.66,10.12,10.253333333333334,21.495526681336123,12.29,11.957364660912935,20.3054213450689,16.76,13.48458606436189,20.888872389334928,16.76,13.48458606436189,20.888872389334928,28.320842690137802,8.879999999999999,10.993333333333334,26.042997124718873,18.3,14.205016124636433,27.3203976997751,20.160000000000004,16.670429397018935,25.93885549983936,20.160000000000004,16.670429397018935,25.93885549983936,36.3407953995502,9,1.1920928955078125e-07,14.29926204248071,17.24087245851071
37267852a2afa12b1d1a650868309809,10000064,2026-03-19,16.950000000000003,8.5,303.49,383.3216495272651,346.40249165305534,267.83000000000004,280.288060290002,319.9899933224443,282.54,337.69460862514217,312.40999554829625,282.54,358.4823805332317,300.46199732897776,372.1499866448886,370.91,510.1610317626658,465.1459507510249,363.6,376.36911311669814,442.6437606008199,370.91,429.4444643484848,421.16917373388,363.6,452.8764177494472,395.217504240328,521.6875212016398,10,0.0636904239654541,162.10665919947937,227.19726160127448
ant658b8c421f66565bd4c2b62d32f09,10000251,2026-07-04,1.54,2.96,5.92,5.765163106966123,4.9277142035832355,5.92,5.804081777223545,5.037968180962876,5.92,5.804081777223545,5.037968180962876,5.92,5.804081777223545,5.037968180962876,4.332342725733176,9.94,9.605827157544512,7.782303265693751,9.94,9.651554776387481,8.022047347283333,9.94,9.651554776387481,8.022047347283333,9.94,9.651554776387481,8.022047347283333,6.487685225110002,4,0.057817280292510986,4.03522952867695,4.754944519201179
ad072978e51448bc1ba5e533c4513709,10000278,2026-04-22,128.15,186.12,267.75,654.9180851798864,295.8415031343814,95.84,423.72909175722833,204.26820250750512,95.84,720.7938389929249,168.12546833833676,126.34,596.0454413677938,163.61128100300203,312.69640501501027,106.51,584.8470131561685,259.42256896303763,106.51,401.08148581728045,228.8400551704301,203.71,793.8396376970844,252.86337011362008,207.51,747.806318884374,236.24202206817205,351.1701103408602,10,0.07223004102706909,120.17301684589228,225.0337958947985
ant8f53aa07067d8c798d903693b0809,1380389889,2026-06-16,5.359999999999999,3.99,16.33,16.65475179782547,29.768593461110996,16.33,19.980298041518115,27.080874768888794,16.33,19.278216257665097,26.103522517171633,16.33,19.278216257665097,26.103522517171633,37.83174953777759,18.7,17.628269549513536,34.30545479785127,18.7,23.801014181490643,31.184363838281016,18.7,22.494782294652513,30.04942167116456,18.7,22.494782294652513,30.04942167116456,43.66872767656203,6,0.21284210681915283,14.872866745342847,15.672172331430394
02b90c87ab439880089f780e1b328909,10000278,2026-04-01,60.28,205.85,154.59,168.28601745924183,253.4065031343814,154.59,151.90924974707406,233.64320250750512,154.59,425.8463144728993,207.29213500500344,154.59,524.2519906529985,186.21128100300206,312.69640501501027,182.7,171.1172102230705,287.9938189630376,207.51,188.54394922272945,279.3400551704301,182.7,429.62609970791095,238.85670344695342,203.71,578.0759203031714,233.20202206817203,351.1701103408602,10,0.04336261749267578,207.5205274995841,205.85
02b90c87ab439880089f780e1b328909,10000280,2026-04-01,2654.01,3242.99,1377.95,2091.7836230814505,1012.080038983924,1153.05,1521.3227969494742,972.8040311871391,474.58,1074.3747139154382,580.5726874580928,715.56,1276.2172438297143,730.9596124748556,792.5580623742784,1085.51,1019.023460857115,817.9826289379146,1085.51,977.2581445772129,871.4881031503317,282.17,806.1987170839751,407.2687354335545,495.59,957.2083102653661,527.9652412601326,657.4662063006634,10,0.0785626769065857,304.556374608925,417.0861448242829
02b90c87ab439880089f780e1b328909,10000292,2026-04-14,2431.11,3351.65,316.39,1300.1122216633312,553.7456484023278,312.86,902.0087828971871,504.50951872186226,237.27,613.0434672359013,390.23301248124153,312.86,610.9824505601325,389.51980748874485,696.1590374437245,255.78,969.5936331150037,540.4472124769713,255.78,705.6468969837031,483.51376998157707,233.39,482.3771679199846,392.6758466543847,255.78,514.8356475424085,346.87350799263083,711.2475399631542,10,0.04336261749267578,442.3667839337713,461.51743278391257
anta6e3143e3a57128c03a2b85b3b109,10000019,2026-04-16,8.43,12.62,4.23,30.639999999999997,65.49424961380002,4.23,30.639999999999997,65.49424961380002,4.23,30.639999999999997,65.49424961380002,4.23,30.639999999999997,65.49424961380002,89.99994945932002,6.67,19.11,80.17780070492884,6.67,19.11,80.17780070492884,6.67,19.11,80.17780070492884,6.67,19.11,80.17780070492884,109.58092098690038,2,1.1920928955078125e-07,29.58452502215132,39.29325825192704
antb01d2de1401f51c4c540d273ad109,10000006,2026-05-14,31.02,31.1,4.359999999999999,11.576864295278266,19.335526681336127,21.69,16.557062645373556,25.005421345068903,21.69,20.522455564060387,23.9002808967126,13.31,17.11809313608405,16.31216853802756,28.320842690137802,3.95,11.794605496052867,24.194247124718874,26.37,17.536000720353478,31.355397699775104,25.5,21.440360326354185,29.113598466516734,13.31,17.977854074894235,17.91615907991004,36.3407953995502,10,0.1589275598526001,22.39605389933693,24.84564439165985
antb168e96114eb1cd6986b8d55cd309,10000251,2026-07-22,1.11,2.2500000000000004,4.332342725733176,4.332342725733176,4.332342725733176,4.332342725733176,4.332342725733176,4.332342725733176,4.332342725733176,4.332342725733176,4.332342725733176,4.332342725733176,4.332342725733176,4.332342725733176,4.332342725733176,6.487685225110002,6.487685225110002,6.487685225110002,6.487685225110002,6.487685225110002,6.487685225110002,6.487685225110002,6.487685225110002,6.487685225110002,6.487685225110002,6.487685225110002,6.487685225110002,6.487685225110002,0,,4.065114031328772,4.880909053311525
ee7ce95aa7d996e2525971e0cf7e9309,10000064,2026-03-22,310.78000000000003,353.34,154.33,222.76083124458665,290.4674916530554,126.26,171.31459752715006,249.2049933224443,98.97,161.52177523104154,190.0299955482962,98.97,237.50275717621804,155.8824972176851,372.1499866448886,160.03,221.19322168615648,386.0659507510249,121.93,169.77888591368875,321.80876060081994,121.93,169.63250159079672,255.1825070672133,151.51999999999998,254.39199918828285,228.63823358367495,521.6875212016398,10,0.05778813362121582,166.98132010029977,228.69633121332805
772dddaee3ae359f4bf0c064fc867309,10000037,2026-05-25,3263.96,3604.72,1656.2200000000005,2211.6849792281046,1305.4230916122215,1656.2200000000005,2345.7961060446196,1375.5824732897772,1656.2200000000005,2502.070562391172,1401.0949757179794,1656.2200000000005,2502.070562391172,1401.0949757179794,1094.9449465795542,2045.57,2498.316684606588,1550.6234905040994,2045.57,2338.6561376346367,1649.6127924032794,2045.57,2538.2943340959077,1685.6089021847997,2045.57,2538.2943340959077,1685.6089021847997,1253.655584806559,6,0.12901735305786133,1015.4791463275112,1565.0275086474826
antd7c67591942e82dca371819cf1209,1380389889,2026-03-26,31.2,24.730000000000004,136.47,116.18850311027201,74.82109346111099,70.72,89.18129569036572,54.2758747688888,44.93,55.4237943433731,42.56391651259253,34.36,43.26410758847407,35.05434990755552,37.83174953777759,155.5,132.41593880530218,85.60545479785127,81.96,101.76550909992784,62.81436383828101,52.31,64.77290613128292,49.429575892187344,39.23,49.832831822404714,40.1177455353124,43.66872767656203,10,0.10116219520568848,19.34354422774485,20.750939686080216
545e68956cff37e1b4f239ebe1de5609,10000079,2026-03-16,300.32,318.98,295.08,405.6741905869043,725.3637934118933,259.66,289.6316074647482,621.5970347295147,295.08,324.6637667419873,524.5646898196765,295.08,411.10220594842724,458.9976355854832,983.5340694590293,432.65,536.0770031583968,789.7772156349575,322.39,382.1119416172929,663.2217725079661,432.65,424.619245651408,623.1178483386441,428.23,575.6804237679205,565.3308440514124,1004.0535450159322,10,0.11577427387237549,201.0320018775869,272.09690247781475
antfa565adb530499fe421350e758f09,10000019,2026-05-22,2.07,1.4500000000000002,4.23,30.639999999999997,65.49424961380002,4.23,30.639999999999997,65.49424961380002,4.23,30.639999999999997,65.49424961380002,4.23,30.639999999999997,65.49424961380002,89.99994945932002,6.67,19.11,80.17780070492884,6.67,19.11,80.17780070492884,6.67,19.11,80.17780070492884,6.67,19.11,80.17780070492884,109.58092098690038,2,1.1920928955078125e-07,19.822470561104154,27.30880291054044
antfcty0100000770592601060000009,10000054,2026-06-18,22.25,24.28,38.51,36.843448784105675,28.279013087460196,20.89,24.49549084113953,21.515210469968157,20.89,24.49549084113953,21.515210469968157,20.89,24.49549084113953,21.515210469968157,22.140420939936313,29.14,34.540893263128496,28.925409357728483,23.65,22.955220802216772,26.22332748618279,23.65,22.955220802216772,26.22332748618279,23.65,22.955220802216772,26.22332748618279,28.796654972365577,5,0.14360332489013672,15.812828605961126,18.761116206503985
antys4b8b35a667e5b2041316099b909,10000238,2026-03-16,0.43,0.95,0.49,0.548014018430964,8.55683756139345,0.49,0.49635591749106234,6.943470049114761,0.6,0.5848524268827233,4.865646699409841,0.6,0.559488227194822,3.7992350245573805,13.396940098229521,1.1,1.229678394139802,8.834172119338882,1.1,1.1307700057843733,7.2873376954711055,1.33,1.316601552583353,5.378225130314071,1.33,1.2576563035126078,4.366168847735553,13.474675390942211,10,0.0,4.525897128922319,3.5944526095024703
antys4b8b35a667e5b2041316099b909,10000196,2026-07-16,0.24,0.51,29.527593609311516,29.527593609311516,29.527593609311516,29.527593609311516,29.527593609311516,29.527593609311516,29.527593609311516,29.527593609311516,29.527593609311516,29.527593609311516,29.527593609311516,29.527593609311516,29.527593609311516,34.29337371740907,34.29337371740907,34.29337371740907,34.29337371740907,34.29337371740907,34.29337371740907,34.29337371740907,34.29337371740907,34.29337371740907,34.29337371740907,34.29337371740907,34.29337371740907,34.29337371740907,0,,6.2432224315698335,6.418868002269515
antys84abbbd66a3ff53a2ab0aea0b09,10000168,2026-07-22,0.18,0.19,0.32,0.29333333333333333,3.0711385372000577,0.32,0.636,2.520910829760046,0.32,0.5466666666666667,1.8920791641143184,0.32,0.5466666666666667,1.8920791641143184,4.721821659520092,0.14,0.1366666666666667,2.393356520088026,0.14,0.9880000000000002,1.9426852160704204,0.2,0.8011111111111112,1.4662037257645857,0.2,0.8011111111111112,1.4662037257645857,3.7453704321408408,9,1.1920928955078125e-07,3.4950593395278604,2.087254483484504
antys877596c4043320a84d84626a309,10000217,2026-03-18,0.41,0.98,0.37,0.39999999999999997,13.66228053740712,0.37,0.332,11.003824429925697,0.37,0.48800000000000004,7.459216286617132,0.42,0.5218834547137796,6.313791349958721,21.637648859851392,0.87,0.9433333333333334,16.049913501366472,0.87,0.8019999999999999,13.013930801093176,0.8999999999999999,1.137,8.985953867395452,1.02,1.2001854811607564,7.724961556162875,25.15786160218635,10,0.01444399356842041,5.619460415061251,6.005993045959576
ant08c8b096763dcb7f16106fea0950a,10000139,2026-03-16,7.46,7.470000000000001,35.660000000000004,36.14439343184001,29.0657774706854,35.660000000000004,33.248220467788315,30.38462197654832,20.37,26.764724536014615,21.949747984365548,20.33,23.672439226189287,21.285848790619326,25.109243953096637,36.45,34.1929268794736,34.60313627746796,34.4,31.637499670267978,33.94750902197437,20.84,25.509153950727566,25.058339347982912,18.93,22.276362310878362,21.843003608789743,33.49501804394873,10,0.04334592819213867,10.106874437473875,10.377403205788823
ant208521633bd373e5d8587f2de270a,10000256,2026-05-07,0.51,0.6700000000000002,0.55,0.7166666666666667,8.384797374945366,0.55,0.7166666666666667,8.384797374945366,0.55,0.7166666666666667,8.384797374945366,0.55,0.7166666666666667,8.384797374945366,13.085675799912584,0.88,1.1233333333333333,10.007829020411647,0.88,1.1233333333333333,10.007829020411647,0.88,1.1233333333333333,10.007829020411647,0.88,1.1233333333333333,10.007829020411647,15.484526432658635,3,1.1920928955078125e-07,4.672862172056941,4.393396928966997
ant20e9bbe5f265c3c36a83aba3daa0a,10000217,2026-03-18,1.71,1.13,2.15,1.6787185383937029,14.329780537407121,2.15,1.8312327289302286,11.893824429925695,1.88,1.9302058244295037,8.4658829532838,1.88,1.9302058244295037,8.4658829532838,21.637648859851392,1.17,1.207790749261306,16.16241350136647,1.22,1.3470589403688211,13.188930801093175,1.22,2.09349302485251,9.199287200728785,1.22,2.09349302485251,9.199287200728785,25.15786160218635,10,0.04335319995880127,6.256968238999464,6.016122750126061
ant21ba3c7015e6f3683ac73da3b950a,10000251,2026-06-09,0.2,0.38,0.75,1.1263858095091184,2.9889642035832353,0.75,1.4328875272703994,2.541171362866588,0.8,2.2265270721192083,1.9774475752443923,2.6900000000000004,2.749809638812799,3.0184685451466358,4.332342725733176,1.76,2.0398901008451946,4.714803265693751,1.76,2.634855710104816,4.123842612555001,1.76,3.7931161622248384,3.3358950750366674,4.43,4.602107876646107,4.841537045022,6.487685225110002,10,0.029000699520111084,3.726795345420427,3.094629601493036
ant21d38abdd6a753aba995dd798420a,10000238,2026-03-21,0.36,0.05,0.27,0.22219763505820675,8.474337561393451,0.12,0.1983380355565589,7.496077832349735,0.12,0.1983380355565589,7.496077832349735,0.12,0.1983380355565589,7.496077832349735,13.396940098229521,0.61,0.4852712033058923,8.650422119338883,0.25,0.4303435459099829,7.597041883856784,0.25,0.4303435459099829,7.597041883856784,0.25,0.4303435459099829,7.597041883856784,13.474675390942211,4,0.08757483959197998,4.580592632949922,3.4627272417413817
ant2204c70dfc5523242a6556eb9610a,10000168,2026-03-18,0.6099999999999999,0.35,0.52,0.6041530103105947,3.1461385372000574,0.43,0.5353771981649075,2.575910829760046,0.52,1.0861644778201411,1.9206072198400308,0.47,0.8356112479380993,1.3203643319040181,4.721821659520092,0.47,0.6720939737294892,2.5171065200880256,0.47,0.6003018496695999,2.1076852160704203,0.47,1.5636614596659648,1.561790144046947,0.32,1.1527978651477213,1.005074086428168,3.7453704321408408,10,0.08090507984161377,4.323228110546278,2.6159726536058256
ant2204c70dfc5523242a6556eb9610a,10000274,2026-03-27,0.22,0.0,0.36,0.5349074004676935,29.159557386367307,0.36,0.5349074004676935,29.159557386367307,0.36,0.5349074004676935,29.159557386367307,0.36,0.5349074004676935,29.159557386367307,40.67938034091423,0.7300000000000002,0.3651931361673824,30.57247260779792,0.7300000000000002,0.3651931361673824,30.57247260779792,0.7300000000000002,0.3651931361673824,30.57247260779792,0.7300000000000002,0.3651931361673824,30.57247260779792,42.50946165091709,2,0.10437679290771484,8.421437170025076,7.800222761819892
ant220d7169bf1f83f6893f525676e0a,10000083,2026-06-30,1.66,1.96,0.9,1.4855393773024563,9.571841435791391,0.98,3.1614515404257513,7.877473148633113,0.9,2.044397976037502,5.524982099088742,1.06,2.3561065814384605,4.041510064623092,14.774946297266226,0.6799999999999999,1.6524404689526648,11.01341646090255,1.1,3.9310572783712536,9.15673316872204,0.6799999999999999,2.3506328730556367,6.191155445814693,1.17,2.724795515941635,4.657710073357408,17.21346633744408,10,0.05326700210571289,5.762610730108507,4.842274273761831
ant222faeeb130613e8ea7b11b2bca0a,10000149,2026-06-03,4.76,14.82,1.38,2.059792040962719,6.44371585170323,3.52,2.67337862560637,6.500972681362583,3.52,3.111848478697057,5.507315120908389,3.52,3.949691050995415,4.712389072545033,9.481945362725167,2.5100000000000007,2.612590809322903,8.84404673375928,3.96,3.6183110468579462,8.302237387007423,3.96,3.8336748231699156,6.8548249246716155,4.25,5.817746822702524,5.928894954802969,12.644474774014846,10,0.05446302890777588,7.016295086929679,9.147445425837748
ant238aa57eb67bf36ce816410261a0a,10000149,2026-03-16,8.19,8.200000000000001,2.01,2.368804491007302,6.67996585170323,4.17,3.391438184497355,6.825972681362583,4.17,3.3020512185989204,5.940648454241723,3.61,3.6368129903679636,4.784389072545033,9.481945362725167,2.99,6.475071850327439,9.02404673375928,4.19,6.156648314734199,8.417237387007424,4.19,6.376543690412089,7.008158258004949,4.25,5.7723434931088775,5.928894954802969,12.644474774014846,10,0.05812257528305054,7.086672843201175,9.86848686341024
ant23aa30c7dec0034438c4809738d0a,10000181,2026-03-16,0.45,0.3500000000000001,0.2599999999999999,0.22571262220343696,7.1417170776842624,0.32,0.4211686507023018,5.79537366214741,0.56,0.5281745493229922,4.1302491080982735,0.56,0.5281745493229922,4.1302491080982735,11.27074732429482,0.15,0.1766808823196624,8.132414370436877,0.2,0.4205489780211772,6.5609314963495,0.39,0.6149060872576412,4.5672876642330005,0.39,0.6149060872576412,4.5672876642330005,12.921862992699001,10,0.04836916923522949,4.2675975253975285,3.375048955569677
ant23aa30c7dec0034438c4809738d0a,10000168,2026-03-18,0.35,0.13,0.32,0.31217409314817446,3.0711385372000577,0.32,0.2917313854105091,2.520910829760046,0.32,0.5134986280265333,1.7872738865066975,0.4299999999999999,0.5430604911108738,1.2883643319040181,4.721821659520092,0.09,0.11355170341785864,2.3746065200880255,0.09,0.14733659377303565,1.9176852160704203,0.09,0.15707385497983548,1.3084568107136139,0.0999999999999999,0.32896497699577426,0.8290740864281679,3.7453704321408408,10,0.04836916923522949,3.5598682101903263,2.0155780591630443
ant243e371f7bdaf324ab954b8d0f20a,10000303,2026-07-22,4.33,0.0,2.22,2.0266666666666664,6.130208099696324,2.22,2.0266666666666664,6.130208099696324,2.22,2.0266666666666664,6.130208099696324,2.22,2.0266666666666664,6.130208099696324,8.476332959514119,0.0,0.0,4.834568634327804,0.0,0.0,4.834568634327804,0.0,0.0,4.834568634327804,0.0,0.0,4.834568634327804,7.735309814924486,3,1.1920928955078125e-07,4.7476976154486525,2.43940511231327
ant246f406c9031b33e7b3a07347ad0a,10000038,2026-03-16,1.63,2.29,1.46,1.7194084671896697,5.120944000646634,2.02,2.241337141703405,4.668755200517307,2.02,6.587910941138903,3.7858368003448715,1.46,3.8643845823415672,2.6315020802069222,7.317510401034613,2.0,2.570953374932145,6.076705846777746,3.32,3.3089199656515724,5.921364677422197,3.32,7.771801698884907,5.054243118281464,1.3200000000000005,4.575749418948951,2.760545870968879,8.522729354844394,10,0.08846187591552734,5.168660214941688,5.101181491083432
ant25052eeeaa7343b7e97aa0c90d20a,10000050,2026-03-16,0.6299999999999999,1.04,0.15,0.15098486059205776,4.687497957934029,0.17,1.062024750045525,3.7899983663472225,0.15,0.613350878092837,2.569998910898149,0.17,1.6269493133201813,1.6179993465388889,7.409996732694445,0.05,0.05880052750482187,5.4254046179877315,0.1,1.5209752953719071,4.375323694390185,0.03,0.8131145667288724,2.9035491295934572,0.05,2.3821417873314883,1.7701294777560739,8.65064738878037,10,0.057780921459198,4.3907212919216185,3.1676283320419607
ant252a2d3f0c877350cbf16a7f6b40a,10000084,2026-03-16,0.89,1.46,0.8,2.1062839132031215,5.841205224361576,1.35,1.8821552341648817,5.107964179489261,2.44,2.665426275158825,4.581976119659507,3.17,3.384938047923893,4.309185671795704,8.865928358978522,1.4,2.8492591228966773,11.7174140064658,2.05,2.5616406128474036,9.97893120517264,5.11,5.156779270695936,9.375954136781761,6.07,5.772092609306708,8.437572482069056,17.90786241034528,10,0.00436478853225708,5.672355725558067,8.676162537736527
ant254888dcd2a9f3846a92f7c0b240a,10000099,2026-06-04,0.34,0.44,0.47,0.7990758058105545,7.7930427015276695,0.47,0.7883020207533753,6.328434161222137,0.6499999999999999,2.689267415947285,4.495622774148091,0.93,2.0506234096807905,3.744217080611068,12.186868322444273,0.7000000000000001,0.8887003964006776,9.125944125512426,0.77,0.9221644645065772,7.475755300409941,0.77,3.261173865909551,5.240503533606629,1.16,2.559640491369112,4.41537765020497,14.181510600819882,10,0.18650096654891968,6.398976172519218,6.459974523627161
ant2554dfadd428630868ce89650dc0a,10000038,2026-03-16,0.59,0.41,2.02,2.073300905415989,5.3309440006466335,1.27,1.5200620293060814,4.293755200517307,1.27,1.304247996616031,3.2858368003448715,1.27,1.9107988951124155,2.479502080206922,7.317510401034613,3.32,3.097811297143598,6.571705846777746,1.43,2.2203227878889535,4.976364677422197,1.65,1.76210471428154,3.940909784948132,1.77,2.67579862621907,3.1205458709688783,8.522729354844394,10,0.014452815055847168,5.125260058394286,5.349383741736071
ant256b09d824fba3b3397556d8dfd0a,10000303,2026-06-01,2.19,0.0,0.52,0.7557296242077443,5.4927080996963245,0.6000000000000001,0.7903274422758833,4.538166479757059,0.6000000000000001,1.3108345295856625,3.22544431983804,1.1,1.3367509728138613,3.405104049848162,8.476332959514119,0.0,0.0,4.834568634327804,0.0,0.0,3.867654907462243,0.0,0.0,2.578436604974829,0.0,0.0,2.417284317163902,7.735309814924486,10,0.11042922735214233,4.995010623417867,2.4737358503583606
ant25ab77ff8e4573ede98b9b54bac0a,10000190,2026-03-16,0.7,1.56,0.02,0.13077376918319006,18.23433141464608,0.36,0.36186402643735704,16.361627924129845,0.36,0.36186402643735704,16.361627924129845,0.36,0.36186402643735704,16.361627924129845,29.162930263433722,0.2,0.40821610671976905,20.827012729136094,0.87,0.897699658668913,18.832900203676527,0.87,0.897699658668913,18.832900203676527,0.87,0.897699658668913,18.832900203676527,33.20322036661775,4,0.0952337384223938,6.262036115758008,6.486031869337954
ant25de25901918b351aa930752e0b0a,10000182,2026-03-16,0.44,0.08,0.63,1.4197366563310407,2.1711253358904816,0.63,1.1619134538597853,1.8629002687123852,0.8400000000000001,1.2205658456294401,1.5919335124749237,0.8300000000000001,0.9599223317033354,1.3020417786301608,3.0958005374247706,1.34,2.825237229368269,2.709187293487825,1.34,2.326736419432904,2.43534983479026,1.34,1.9069011066271169,2.0702332231935068,0.99,1.4673119116424915,1.5193124311626085,3.53069966958052,10,0.10177856683731079,3.5746821738889625,2.6190346030886023
ant25de25901918b351aa930752e0b0a,10000246,2026-03-16,0.7000000000000002,0.1099999999999999,0.06,0.07710157610780628,20.40044295380072,0.06,0.07710157610780628,20.40044295380072,0.06,0.07710157610780628,20.40044295380072,0.06,0.07710157610780628,20.40044295380072,32.60470872608115,0.15,0.19412356031373693,23.50874500215758,0.15,0.19412356031373693,23.50874500215758,0.15,0.19412356031373693,23.50874500215758,0.15,0.19412356031373693,23.50874500215758,37.52399200345213,3,0.13011270761489868,6.730868406327842,6.764848717896688
ant260adebf6ba0037bf8016565a200a,10000256,2026-07-23,0.5700000000000001,0.96,0.55,0.7166666666666667,8.384797374945366,0.55,0.7166666666666667,8.384797374945366,0.55,0.7166666666666667,8.384797374945366,0.55,0.7166666666666667,8.384797374945366,13.085675799912584,0.88,1.1233333333333333,10.007829020411647,0.88,1.1233333333333333,10.007829020411647,0.88,1.1233333333333333,10.007829020411647,0.88,1.1233333333333333,10.007829020411647,15.484526432658635,3,1.1920928955078125e-07,4.911478944227683,4.797537087131428
ant2620bef1fa0a2335a8528535e0b0a,10000208,2026-03-16,0.33,0.35,0.7000000000000001,0.7401105874086691,4.642533166235084,0.7000000000000001,0.9115358108366279,3.854026532988067,0.6700000000000002,0.808356255401397,2.7826843553253786,0.6700000000000002,0.8630549799829267,2.1790602538038417,7.008053065976134,1.02,1.0334580486197655,5.610781845058195,1.02,1.3866654012291229,4.6926254760465556,1.0,1.20343910985964,3.455083650697704,1.01,1.3145325143540247,2.761250226688836,8.365250952093112,10,0.014564931392669678,4.0959146658750525,3.3335014448323057
ant27823d5d72df437ddae0769e65f0a,10000099,2026-03-18,0.92,1.87,1.71,2.4401036209657154,8.25804270152767,0.93,1.7725460141633942,6.558434161222136,0.93,4.425655758132961,4.682289440814758,0.93,4.2885234355384405,3.610206743439113,12.186868322444273,1.7600000000000002,2.738195123477187,9.523444125512427,1.7600000000000002,2.253933954491989,7.970755300409941,1.7600000000000002,5.161454823674551,5.900503533606628,1.35,5.039379207113062,4.405121571623782,14.181510600819882,10,0.08668196201324463,5.693761213301038,7.282135156676722
ant28159374b1c903750a2ec90b94a0a,10000099,2026-05-25,2.7700000000000005,3.43,0.48,0.4493736476046405,7.79679270152767,0.6,2.248138935710037,6.393434161222136,0.48,2.392376913718268,4.382289440814758,0.51,2.3271127936126597,2.845373664488854,12.186868322444273,0.89,1.5786233868037018,9.197194125512427,2.98,3.445850072974626,8.58075530040994,0.92,3.4869788651224747,5.340503533606628,1.03,2.9300538581896562,3.6603021201639763,14.181510600819882,10,0.043451786041259766,5.711970515787275,5.780044450030333
ant282793a9392ef3ec48f79ef418e0a,10000050,2026-05-21,0.19,0.06,0.13,0.1314739005094764,4.679997957934028,0.19,2.0543414344884052,3.7999983663472228,0.19,3.2142421564398926,2.5966655775648153,0.77,4.763921655980331,2.097999346538889,7.409996732694445,0.0,0.006992823330732595,5.406654617987732,0.02,1.8963725617503906,4.335323694390185,0.03,3.1731846647394257,2.9035491295934572,0.44,5.268783476160426,2.082129477756074,8.65064738878037,10,0.08667647838592529,5.91473702334495,5.33061757443069
ant285886a4ba4393641a3c4714fe00a,10000238,2026-03-16,1.2000000000000002,0.41,0.38,0.4690105840910217,8.51558756139345,0.42,0.6043750636804324,6.908470049114761,0.42,0.5915744854861315,5.411130807011354,0.42,0.5915744854861315,5.411130807011354,13.396940098229521,0.8200000000000001,0.8854406046665168,8.729172119338882,0.8200000000000001,1.091472584489037,7.147337695471106,0.8200000000000001,1.148205397250637,5.687182842670081,0.8200000000000001,1.148205397250637,5.687182842670081,13.474675390942211,8,0.103565514087677,4.980001907691989,3.6737145076496462
ant28fdbffd2fb2b3d95b0ff082cf90a,10000129,2026-03-21,11.12,12.339999999999998,0.7600000000000001,0.7044437106991304,5.469221835325612,0.77,1.3770694495287628,4.532377468260489,0.7600000000000001,0.9428401555960775,3.271584978840327,0.64,1.3942203035447933,2.1709509873041952,8.29475493652098,0.6000000000000001,0.5024113729816446,6.1181286554551315,0.62,1.277800408499251,5.024502924364105,0.6000000000000001,0.8607433391787148,3.5430019495760705,0.6000000000000001,1.3997444509775763,2.365801169745642,9.429005848728211,10,0.018154799938201904,6.569823926054824,5.787355166784262
ant2964dc2cca2db366cad63766d160a,10000084,2026-04-02,4.38,10.59,4.72,5.349620830790042,7.311205224361576,4.72,5.057196733427956,6.79296417948926,3.25,3.7747376851271004,5.121976119659507,2.26,3.4013844250616163,4.202920105581917,8.865928358978522,2.6500000000000004,2.076356919224456,12.1861640064658,2.6500000000000004,222.47306516458576,10.27893120517264,2.6500000000000004,125.93889282267031,7.735954136781761,2.6500000000000004,107.85095597878605,7.137606591278024,17.90786241034528,10,0.05838906764984131,6.473702176107899,12.073509569858729
ant2964dc2cca2db366cad63766d160a,10000038,2026-07-15,1.9400000000000004,3.13,1.1700000000000002,5.621398849460616,5.012194000646633,2.77,8.94076572399946,5.043755200517307,1.1700000000000002,5.1658657010479585,3.2191701336782046,1.1700000000000002,4.222462337741999,2.3995020802069225,7.317510401034613,1.05,7.314816993598622,5.720455846777746,2.73,9.45176997431972,5.626364677422197,1.05,5.441552612837291,3.5409097849481315,1.05,4.841171641132618,2.5445458709688786,8.522729354844394,10,0.08701807260513306,5.77357688447845,9.94320042707172
ant2964dc2cca2db366cad63766d160a,10000129,2026-07-15,14.96,13.9,4.82,3.689006288838069,6.991721835325612,5.180000000000001,6.614617114187798,6.73737746826049,4.82,5.596271955079748,5.978251645506994,5.180000000000001,7.596413499530005,5.887898849209314,8.29475493652098,5.2,4.726845090124719,7.843128655455132,7.92,8.16490684079105,8.674502924364106,5.2,6.621316190970855,6.609668616242738,6.83,8.076823636697483,7.420683147438229,9.429005848728211,10,0.05838906764984131,6.099985671095325,9.644350057375195
ant29a67730994603a5ab95c519f3d0a,10000303,2026-06-16,0.76,0.0,2.22,2.0266666666666664,6.130208099696324,2.22,2.0266666666666664,6.130208099696324,2.22,2.0266666666666664,6.130208099696324,2.22,2.0266666666666664,6.130208099696324,8.476332959514119,0.0,0.0,4.834568634327804,0.0,0.0,4.834568634327804,0.0,0.0,4.834568634327804,0.0,0.0,4.834568634327804,7.735309814924486,3,1.1920928955078125e-07,4.268374075356254,2.322740813045691
ant2aabcccd1f60c3c9ab47e6bc15c0a,10000099,2026-07-06,6.92,7.549999999999999,2.54,1.9840071069288094,8.56929270152767,3.05,4.144896182029892,7.618434161222137,2.7,6.662785891451211,5.862289440814758,2.54,4.745446294904729,4.73247007328279,12.186868322444273,1.3,1.594490456928536,9.350944125512427,2.98,5.001345700558159,8.58075530040994,4.07,8.067418801842036,7.440503533606629,2.48,5.5378299079024,5.1394342274590645,14.181510600819882,10,0.1339971423149109,5.661771797582658,6.256777033863322
ant2ab287ef0a8f930178de1f9e9f90a,10000225,2026-03-16,0.18,0.36,46.05255302189199,46.05255302189199,46.05255302189199,46.05255302189199,46.05255302189199,46.05255302189199,46.05255302189199,46.05255302189199,46.05255302189199,46.05255302189199,46.05255302189199,46.05255302189199,46.05255302189199,53.43747022708077,53.43747022708077,53.43747022708077,53.43747022708077,53.43747022708077,53.43747022708077,53.43747022708077,53.43747022708077,53.43747022708077,53.43747022708077,53.43747022708077,53.43747022708077,53.43747022708077,0,,8.21562392250736,9.486680673657329
ant2ba54355a564338f6b9948571b50a,10000190,2026-03-16,0.4,1.04,0.75,0.5430403805955863,21.044950188166947,0.75,0.5430403805955863,21.044950188166947,0.75,0.5430403805955863,21.044950188166947,0.75,0.5430403805955863,21.044950188166947,29.162930263433722,1.59,1.1854880166186461,24.17087169044125,1.59,1.1854880166186461,24.17087169044125,1.59,1.1854880166186461,24.17087169044125,1.59,1.1854880166186461,24.17087169044125,33.20322036661775,2,0.14992201328277588,6.318663429079683,6.526491029457096
ant2ba54355a564338f6b9948571b50a,10000243,2026-03-16,0.23,0.5,1.23,1.1993757467366422,11.666419032063246,1.23,1.1993757467366422,11.666419032063246,1.23,1.1993757467366422,11.666419032063246,1.23,1.1993757467366422,11.666419032063246,17.928270451301195,0.39,1.1364555143397166,13.132604429742688,0.39,1.1364555143397166,13.132604429742688,0.39,1.1364555143397166,13.132604429742688,0.39,1.1364555143397166,13.132604429742688,20.7781670875883,3,0.14992201328277588,5.035709408020263,4.571386683043565
ant2cb7705dec45d3bc5acee597f260a,10000129,2026-03-16,0.22,0.52,0.92,1.5759504661398043,5.529221835325612,0.92,3.4584090109802337,4.6073774682604896,0.65,2.135637011211954,3.1982516455069936,0.65,2.3013844941836186,2.1789509873041952,8.29475493652098,0.77,2.0225956316119444,6.181878655455132,0.77,3.3200142011805767,5.0995029243641055,0.66,1.9858159462690632,3.5830019495760705,0.66,2.2767127179646205,2.413801169745642,9.429005848728211,10,0.02889472246170044,4.645821290093062,3.904962739150241
ant2d21e430cc1a63fee9f9520ad020a,10000149,2026-03-23,3.26,5.63,3.37,3.0200516909419104,7.18996585170323,3.37,4.356752094857718,6.425972681362584,3.37,4.253997596944662,5.40731512090839,3.37,4.652935928305436,4.592389072545033,9.481945362725167,2.8000000000000003,4.316339073153207,8.952796733759278,6.65,6.772650879307881,9.647237387007422,6.65,8.277877225150135,8.64815825800495,5.67,7.196304534770337,7.064894954802969,12.644474774014846,10,0.08480292558670044,7.6090702388206095,10.622748973897044
ant2d21e430cc1a63fee9f9520ad020a,10000038,2026-05-19,0.4599999999999999,0.17,0.13,0.36186209434557287,4.622194000646633,0.12,0.26103883706146813,3.7187552005173066,0.24,0.6754086852410986,2.599170133678205,0.6799999999999999,2.0941234930900277,2.007502080206922,7.317510401034613,0.0,0.25776737840574054,5.326705846777746,0.0,0.16038489423915872,4.261364677422197,0.19,0.6336122378516684,2.967576451614798,0.28,2.245232012621837,1.9285458709688783,8.522729354844394,10,0.08480292558670044,5.619291307248862,6.255343632452973
ant2d4c9ea615dbf3e31b3ec8f8b4a0a,10000182,2026-03-16,0.43,0.16,1.5499999999999998,1.57819059262827,2.5161253358904814,0.8400000000000001,1.1432220063651997,1.9679002687123854,0.8500000000000001,0.9491978435872706,1.5986001791415902,0.86,0.9583503027500762,1.307160107484954,3.0958005374247706,0.78,1.4249136499360586,2.499187293487825,0.78,1.2891107263226365,2.15534983479026,1.7799999999999998,1.3190058141751642,2.3635665565268402,0.81,1.2038366292020963,1.354139933916104,3.53069966958052,10,0.06245952844619751,3.476517590211205,2.643669048034873
ant2d581e58255573e49b85ecb11ae0a,10000038,2026-05-22,0.08,0.0,0.87,3.8194601800520434,4.899694000646633,0.87,2.8848110607811503,4.093755200517307,1.63,3.15470884493306,3.5258368003448712,0.91,2.818362022656187,2.1915020802069223,7.317510401034613,1.2,5.12623219163509,5.776705846777746,1.2,3.776601321004655,4.861364677422197,2.35,4.159823167498247,4.407576451614799,1.29,3.704904415015087,2.7365458709688784,8.522729354844394,10,0.03422349691390991,4.282212782573316,3.1683801800312965
ant2d8ca0358041a364a9ad611ce400a,10000208,2026-07-25,1.37,1.81,0.37,0.8433333333333334,4.5187831662350835,0.37,0.8433333333333334,4.5187831662350835,0.37,0.8433333333333334,4.5187831662350835,0.37,0.8433333333333334,4.5187831662350835,7.008053065976134,0.49,1.2033333333333334,5.412031845058195,0.49,1.2033333333333334,5.412031845058195,0.49,1.2033333333333334,5.412031845058195,0.49,1.2033333333333334,5.412031845058195,8.365250952093112,3,1.1920928955078125e-07,3.9049091070363295,2.9998279340551863
ant2d8ca0358041a364a9ad611ce400a,10000251,2026-07-25,1.65,2.5,1.96,1.86,3.442714203583235,1.65,1.472,2.991171362866588,1.27,1.606,2.2907809085777258,1.4600000000000002,1.695,2.215879664666626,4.332342725733176,3.43,2.9733333333333336,5.341053265693751,2.78,2.428,4.633842612555001,2.16,2.6069999999999998,3.602561741703334,2.5600000000000005,2.8528571428571428,3.593601375028948,6.487685225110002,10,1.1920928955078125e-07,3.9503918706735215,4.110805502196427
ant2d9e5eb9213393b21bab61cab510a,10000227,2026-05-01,0.4299999999999999,0.8,0.79,0.7303218177009736,7.544160809161642,0.6200000000000001,0.632501701440567,6.108328647329314,0.77,0.8849743887471992,4.636663319520938,0.77,0.8849743887471992,4.636663319520938,11.596657294658629,1.41,1.4252258799546742,9.139450088438492,1.34,1.2972945697976819,7.558560070750794,1.35,1.7284935340424936,5.788257193393424,1.35,1.7284935340424936,5.788257193393424,13.777120141501587,9,0.03882133960723877,4.719892671208966,4.586746695669463
ant2e1bbb08e7a653a2f8b81d327f50a,10000182,2026-03-16,1.39,2.49,0.13,1.7449994407074807,1.9836253358904816,0.13,1.5992932631585883,1.6129002687123852,0.13,1.1407809110984202,1.1186001791415903,0.21,0.7937066569562214,0.787160107484954,3.0958005374247706,0.25,1.1567362503404761,2.300437293487825,0.28,1.662017055091669,1.9053498347902602,0.28,1.4413408636983942,1.3635665565268402,0.35,1.083475469583093,0.9861399339161039,3.53069966958052,10,0.02896749973297119,3.723853227009875,3.4633467001604648
ant2f451e91ded6f3cb0a9f286da390a,10000193,2026-07-17,2.44,4.529999999999999,0.18,0.6633125835080852,3.4011118944247825,0.9600000000000002,0.9721308327637987,3.146889515539826,0.9600000000000002,0.9721308327637987,3.146889515539826,0.9600000000000002,0.9721308327637987,3.146889515539826,5.3337790310796525,0.45,1.3714366815770709,3.0620491344204734,2.0,2.0618201109968086,3.3146393075363787,2.0,2.0618201109968086,3.3146393075363787,2.0,2.0618201109968086,3.3146393075363787,4.629278615072757,5,0.1305910348892212,4.409860029763944,4.03660619221033
ant33d78d837eb7bc48b23664382e80a,10000060,2026-07-15,92.91,112.76,80.21415429426756,80.21415429426756,80.21415429426756,80.21415429426756,80.21415429426756,80.21415429426756,80.21415429426756,80.21415429426756,80.21415429426756,80.21415429426756,80.21415429426756,80.21415429426756,80.21415429426756,93.13219453322006,93.13219453322006,93.13219453322006,93.13219453322006,93.13219453322006,93.13219453322006,93.13219453322006,93.13219453322006,93.13219453322006,93.13219453322006,93.13219453322006,93.13219453322006,93.13219453322006,0,,61.79898023707671,81.39542061217966
ant4d310e19b0204864e9757e1f1230a,10000041,2026-05-22,5.550000000000001,4.7700000000000005,6.01,5.3579970524934675,26.211577665159787,6.01,10.20894065794372,22.17126213212783,8.639999999999999,12.449689399699139,19.244472951519878,8.639999999999999,12.449689399699139,19.244472951519878,38.33252426425566,6.22,5.2114394274626585,30.475208645457425,6.22,10.560043930391013,25.62416691636594,7.87,14.06666791101543,21.140833511689955,7.87,14.06666791101543,21.140833511689955,45.02833383273188,9,0.08443218469619751,12.62082743927864,14.392056626725855
6d060da282c350caac07956b6d15100a,10000096,2026-03-24,1770.0200000000002,1671.11,2886.6800000000003,2415.6388591560158,2014.7722232897772,2284.82,2303.9642324242304,1888.2237786318217,2333.88,2180.0753830720614,2053.129185754548,2333.88,2428.647357067904,2086.1586933128365,1491.6275572636432,2440.08,2268.960745302434,1988.5110424032796,2440.08,2262.799997139555,2078.824833922624,2499.74,2327.2355821551128,2239.0165559484158,2499.74,2632.225626161286,2269.6899023074257,1717.5696678452473,10,0.14445167779922485,1390.9307730203093,1385.1148928867542
ant6118047ca3dad12cd5b61a829c90a,10000006,2026-03-23,4.83,8.639999999999999,1.82,5.246242270190739,18.383026681336126,10.12,8.828431119446881,19.2204213450689,14.459999999999996,13.180229796873775,19.410300960763497,14.459999999999996,13.180229796873775,19.410300960763497,28.320842690137802,2.26,7.941965517796394,23.560497124718875,8.879999999999999,10.822873839972894,22.6103976997751,20.160000000000004,16.207376344566022,25.93885549983936,20.160000000000004,16.207376344566022,25.93885549983936,36.3407953995502,9,1.1920928955078125e-07,13.82121458761009,19.1747529215548
4187f651f88b94fa7f9f8fd94b12b40a,1380460970,2026-03-16,510.68000000000006,625.1,1429.36,1234.4788122001005,1847.8769296054315,1879.01,1557.9122847231301,1988.9985436843453,1987.09,2261.3197794053635,2024.3890291228968,2062.18,2406.0066210359723,2069.541417473738,2098.9870873686905,1877.62,1501.6850543020082,2384.7719680018217,2026.74,1848.1065179353893,2357.9015744014573,2915.63,2691.0756950965524,2840.1077162676384,2970.77,3040.2553711454234,2914.4286297605827,2689.063148802915,10,0.15931886434555054,668.4569500462392,996.7973706338942
ant7889b04d94e39674155db4ae9280a,10000019,2026-06-25,58.6,66.56,4.23,30.639999999999997,65.49424961380002,4.23,30.639999999999997,65.49424961380002,4.23,30.639999999999997,65.49424961380002,4.23,30.639999999999997,65.49424961380002,89.99994945932002,6.67,19.11,80.17780070492884,6.67,19.11,80.17780070492884,6.67,19.11,80.17780070492884,6.67,19.11,80.17780070492884,109.58092098690038,2,1.1920928955078125e-07,23.12014223095281,34.12196558468135
ant7c07b8acbaff63cc18ded7a2c4c0a,10000019,2026-05-10,3.53,4.1,4.23,30.639999999999997,65.49424961380002,4.23,30.639999999999997,65.49424961380002,4.23,30.639999999999997,65.49424961380002,4.23,30.639999999999997,65.49424961380002,89.99994945932002,6.67,19.11,80.17780070492884,6.67,19.11,80.17780070492884,6.67,19.11,80.17780070492884,6.67,19.11,80.17780070492884,109.58092098690038,2,1.1920928955078125e-07,19.86847003279893,35.54399714628642
23792eb0ab0dd8f993b363950d162f0a,10000064,2026-03-16,41.400000000000006,127.23999999999998,367.54,343.8183035955678,370.4212416530554,282.54,286.34775809952043,327.34499332244434,282.54,310.6165961716681,312.40999554829625,282.54,371.28196472627565,300.46199732897776,372.1499866448886,417.17,432.1424629816193,482.49345075102485,282.59,342.05531207800146,402.13876060081986,363.6,393.9288059624687,416.29584040054664,363.6,476.9565668464416,395.217504240328,521.6875212016398,10,0.11556518077850342,158.67626334434289,241.4663085757183
ant9766fe07c98ed3cfc42404fe7500a,10000060,2026-07-15,37.78,44.38999999999999,80.21415429426756,80.21415429426756,80.21415429426756,80.21415429426756,80.21415429426756,80.21415429426756,80.21415429426756,80.21415429426756,80.21415429426756,80.21415429426756,80.21415429426756,80.21415429426756,80.21415429426756,93.13219453322006,93.13219453322006,93.13219453322006,93.13219453322006,93.13219453322006,93.13219453322006,93.13219453322006,93.13219453322006,93.13219453322006,93.13219453322006,93.13219453322006,93.13219453322006,93.13219453322006,0,,21.334565652735197,33.071793471705305
98fbc541870c733c52813fb6f6f71f0a,10000280,2026-04-01,1065.12,1209.34,549.58,664.0646555487676,701.4412889839241,507.41,478.87129061994676,649.9840311871392,715.56,811.6849378922101,741.2260207914262,474.58,724.3458846228519,538.1756124748556,792.5580623742784,490.8,666.2805971112997,594.9663789379147,418.9,478.17512589826333,538.1831031503317,495.59,850.4197810206568,549.5487354335545,417.9,630.4722307240067,465.81324126013266,657.4662063006634,10,0.09228503704071045,324.0095851108623,426.2106044320104
antb406b7a41130bb3f3e91f30ae3c0a,1382490022,2026-07-20,6.71,6.640000000000001,15.04,10.83222861487929,25.008890860052706,15.04,10.864141417754825,23.015112688042166,15.4,14.949087289874283,20.596741792028112,15.4,15.939962445385376,18.518045075216865,30.99022537608433,9.57,8.986007770140999,26.6188965485951,13.36,12.482443439632409,25.10411723887608,16.67,21.161415797506432,23.39607815925072,16.67,19.656471158393753,20.70564689555043,36.84823447775216,10,0.08677095174789429,11.022669445148717,12.034819855253025
antbbbfd4c9fe1e22acf05699042210a,10000087,2026-07-28,1.5,0.0,0.59,0.8699169168456414,55.128791588887665,0.59,0.8699169168456414,55.128791588887665,0.59,0.8699169168456414,55.128791588887665,0.59,0.8699169168456414,55.128791588887665,87.85206654222027,0.0,0.0,63.19471857728487,0.0,0.0,63.19471857728487,0.0,0.0,63.19471857728487,0.0,0.0,63.19471857728487,101.11154972365578,3,0.1303849220275879,20.81100155698813,16.989947566924375
antc92d68b459f595f6b2a1dc8f0be0a,10000019,2026-03-16,77.42,163.77999999999997,61.96999999999999,61.32559239611694,79.488718412075,61.96999999999999,61.51135055415068,75.98497472966001,42.64,41.68751653971417,58.426649819773345,22.89,32.43185490664839,36.311989891864,89.99994945932002,121.08,136.14517855668154,113.89307561681274,121.08,130.9314140878122,115.33046049345019,98.85,85.89437938497757,102.42697366230013,33.87,61.33961248135171,49.01218419738007,109.58092098690038,10,0.0,29.50954396596196,46.43225407428336
antd4eedf18d307628845f4dc22eb40a,10000139,2026-03-16,12.11,8.9,13.25,13.606378401773537,20.6620274706854,13.25,15.690796147646786,19.17962197654832,15.98,16.592760757542838,19.02308131769888,17.04,21.17163519641484,18.653848790619328,25.109243953096637,12.23,12.303071432016914,25.520636277467958,13.56,14.474853448244552,23.527509021974367,13.56,14.870486209528687,20.205006014649577,15.6,19.59803891702892,19.179003608789746,33.49501804394873,10,1.519918441772461e-05,13.152436064354758,16.165563696028578
antda3a8752e010d2d68001f3865fa0a,10000251,2026-07-20,3.5,5.19,1.96,1.86,3.442714203583235,1.65,1.472,2.991171362866588,1.27,1.606,2.2907809085777258,1.4600000000000002,1.695,2.215879664666626,4.332342725733176,3.43,2.9733333333333336,5.341053265693751,2.78,2.428,4.633842612555001,2.16,2.6069999999999998,3.602561741703334,2.5600000000000005,2.8528571428571428,3.593601375028948,6.487685225110002,10,1.1920928955078125e-07,4.693810521978788,5.659319241808962
ante63dc7be17e389c2559fc28374d0a,10000054,2026-03-16,15.4,24.410000000000004,15.269999999999998,14.952512519789641,19.564013087460197,15.079999999999998,14.994190721860063,18.610210469968155,15.079999999999998,15.499392911226304,17.433473646645435,14.67,12.732270355426754,16.164084187987264,22.140420939936313,23.32,22.189829392007532,26.742909357728486,21.05,21.619300419579698,24.92332748618279,23.32,21.64715271518859,25.145551657455194,18.19,37.35717726628543,20.311330994473117,28.796654972365577,10,0.057778120040893555,9.33317128364322,15.18745934094329
antef021afb21032349ff0ef3cd6940a,10000168,2026-07-08,0.8400000000000001,1.4,0.2,0.67,3.0261385372000578,0.7600000000000001,0.772,2.740910829760046,0.35,0.9687499999999999,2.031469869046189,0.35,0.9687499999999999,2.031469869046189,4.721821659520092,0.4600000000000001,1.1866666666666668,2.5133565200880255,1.23,1.3820000000000001,2.48768521607042,0.91,1.8599999999999999,2.0005270892849385,0.91,1.8599999999999999,2.0005270892849385,3.7453704321408408,8,0.15411758422851562,4.075961399818612,2.992746397155228
antysf8ca0e8f5f7c5bc57e25a31130a,10000168,2026-03-18,0.31,0.02,0.21,0.24459606681768017,3.0298885372000575,0.27,0.2543102265418741,2.495910829760046,0.27,0.24438371038818565,1.753940553173364,0.22,0.23140221698720811,1.5440651939764976,4.721821659520092,0.09,0.12309056455687252,2.3746065200880255,0.09,0.1945624936011937,1.9176852160704203,0.0699999999999999,0.15225553118183174,1.2951234773802804,0.0699999999999999,0.12735742345123832,1.1509913035708352,3.7453704321408408,10,0.0,3.467367304910253,1.9956599967175104
ant19b490ddd22ee565685759b0aa80b,1382490022,2026-04-08,14.919999999999998,17.96,22.57,22.962981358943267,27.832640860052706,22.57,22.209153293312173,26.780112688042166,19.84,22.353009427883727,23.556741792028113,17.05,21.742078874784745,19.838045075216865,30.99022537608433,24.2,23.964651594561843,32.1051465485951,24.2,24.144357704171526,30.52411723887608,24.2,27.72751395618482,28.41607815925072,22.1,23.456887754394266,25.04964689555043,36.84823447775216,10,0.11584895849227905,15.07719136342262,18.975819979311844
a4b2e2cb957236d23f5a1eae50b1390b,10000281,2026-04-01,193.38,429.98,220.93,572.6762658252696,815.9441048662832,1251.8000000000002,1095.99029366863,1212.3762838930265,1251.8000000000002,1288.1034430632178,1225.5175225953512,1251.8000000000002,1430.6138746309161,1236.0305135572107,1172.9525677860531,278.95000000000005,598.8450189221153,821.3179062083101,980.4399999999998,1040.6282796618727,1063.5893249666478,1228.43,1220.102711230123,1201.1995499777654,1228.43,1487.6010635241505,1212.0917299866594,1146.738649933296,10,0.10111123323440552,718.1981210134823,661.7293903726776
ant202ff20a7959b37d89d0a6570ed0b,10000193,2026-06-25,0.08,0.4799999999999999,0.4,0.6066666666666668,3.4836118944247825,0.3,0.45,2.816889515539826,0.3,0.598,1.9779263436932177,0.3999999999999999,0.874,1.3867558062159304,5.3337790310796525,0.84,1.21,3.208299134420473,0.69,0.932,2.659639307536379,0.69,1.2349999999999999,2.003092871690919,0.8099999999999999,1.7244999999999997,1.5738557230145513,4.629278615072757,10,1.1920928955078125e-07,3.599719894644144,2.4117144271398123
ant20eb0b91f8e303050aab70611170b,10000129,2026-03-16,0.3500000000000001,0.43,1.2000000000000002,1.3737766019096969,5.634221835325612,1.2000000000000002,2.945881609278744,4.74737746826049,1.2000000000000002,3.354340833568469,3.56491831217366,1.2000000000000002,3.2509505095124958,2.6189509873041956,8.29475493652098,0.51,1.199091837015651,6.084378655455132,0.51,3.5172794239600833,4.969502924364106,0.51,3.678517694492693,3.4830019495760705,0.94,5.72462302363962,2.637801169745642,9.429005848728211,10,0.06225532293319702,4.692641579897567,4.246362787212725
ant21098a8d26a83333881eb7beb210b,10000251,2026-03-16,1.33,2.39,1.73,2.352002596516665,3.3564642035832355,1.73,2.0280115120205346,3.031171362866588,1.73,2.1826417771516566,2.5974475752443924,2.78,2.726800281395804,3.090468545146635,4.332342725733176,1.16,3.817298209054236,4.489803265693751,1.16,3.512919360546547,3.823842612555001,2.12,3.924583617153054,3.5758950750366676,4.98,4.91009337810022,5.2815370450220005,6.487685225110002,10,0.0580059289932251,3.9414386796103535,4.956100457501821
ant210e5f14e503b3adb9b39565bae0b,10000129,2026-06-11,0.25,0.22,5.180000000000001,7.589486887720859,7.126721835325613,4.82,5.198165461820801,6.55737746826049,4.82,5.06014151586275,5.978251645506994,4.82,5.719933454391084,5.5149509873041955,8.29475493652098,7.92,9.942694232398312,8.863128655455132,5.2,6.659252874928154,7.314502924364106,7.59,6.124342319743883,8.20300194957607,5.2,5.974212296986982,6.045801169745642,9.429005848728211,10,0.172471821308136,6.235958538973019,5.431698116567322
ant2153873dd07113e1f874092c3080b,10000217,2026-03-17,4.11,8.42,1.88,1.5713666135095297,14.22853053740712,1.88,1.672706075870428,11.758824429925696,1.88,1.7436619204957318,10.860749481750634,1.88,1.7436619204957318,10.860749481750634,21.637648859851392,1.17,1.16393464181659,16.16241350136647,1.26,1.513781008891732,13.208930801093176,1.26,1.5667375166280406,12.122664364630161,1.26,1.5667375166280406,12.122664364630161,25.15786160218635,6,0.058000385761260986,6.194164405821366,6.968297077159917
ant2204187a15cc532b79957fa4b9a0b,10000251,2026-03-16,2.44,4.43,2.98,3.11342014583036,3.8252142035832355,2.83,2.5322942189224387,3.581171362866588,2.98,2.5690970950135057,3.4307809085777254,2.98,2.670950929820089,3.250468545146635,4.332342725733176,5.2,5.3283050883119945,6.004803265693751,4.93,4.334697752656517,5.708842612555001,5.2,4.456030755620029,5.62922840837,5.2,4.5693543500907765,5.457537045022001,6.487685225110002,10,0.02897244691848755,3.86023697906989,3.741835339150363
ant238a352118c8039dc9993f4ce7d0b,10000149,2026-06-22,2.3200000000000003,2.0,5.57,5.518350658291737,8.01496585170323,5.57,5.795081618093646,7.525972681362584,5.57,7.136896597142059,6.873981787575056,5.0200000000000005,6.516990161944496,5.949571950567743,9.481945362725167,7.08,7.251990761352726,10.557796733759279,7.08,7.688886060074659,9.862237387007422,7.08,9.752928215975821,8.934824924671616,7.069999999999999,8.77507841938153,8.231348911253093,12.644474774014846,10,0.10621237754821777,6.033403606053074,7.538239932415468
ant23fcfc3984aac306396b6f3e1720b,10000038,2026-03-16,0.3999999999999999,0.18,0.44,0.5190211780777018,4.738444000646633,0.43,0.38372671431797223,3.8737552005173064,0.44,1.4410071534220599,2.7325034670115382,0.7,3.0257610132035384,2.023502080206922,7.317510401034613,0.13,0.13916749663056738,5.375455846777746,0.09,0.08525130271383519,4.306364677422197,0.19,1.518384190561467,2.967576451614798,0.22,3.2326575263112467,1.8805458709688783,8.522729354844394,10,0.06029176712036133,4.799571316793956,4.90081332442344
ant240e73290d1ee3c3a9d067bfbbd0b,10000050,2026-03-16,0.1,0.03,1.07,2.4693772346936553,5.032497957934028,0.1,1.6000913166944268,3.7549983663472224,0.25,1.0426802268603201,2.6366655775648153,0.25,2.237073414377289,1.877271984703283,7.409996732694445,2.25,3.0203477419711433,6.250404617987732,0.03,1.921402819634755,4.340323694390185,0.26,1.1861625183525863,3.0568824629267906,0.26,2.6777027201111046,2.1669653156319026,8.65064738878037,10,0.043393492698669434,4.8264602122328295,3.888759948785634
ant24440fa8bf0153fbc9606274e7f0b,10000256,2026-07-07,0.55,0.8,2.8,2.6131651010435726,9.228547374945364,1.99,2.24616956672578,7.537837899956292,1.35,1.728449607950476,6.239864916630243,1.35,1.728449607950476,6.239864916630243,13.085675799912584,2.1999999999999997,3.1161686978957657,10.502829020411646,2.1999999999999997,2.875446309486369,8.842263216329318,1.83,2.300243905970009,7.519386013607764,1.83,2.300243905970009,7.519386013607764,15.484526432658635,7,0.08732432126998901,4.967721546810648,4.898903668748956
ant254401bbe97d13335829e690c690b,10000182,2026-04-15,0.99,0.12,0.3799999999999999,1.0136838550677574,2.0773753358904816,0.33,0.7238326294133193,1.7129002687123853,0.33,0.6142389042149814,1.2519335124749236,0.4,0.9012635246164713,0.939160107484954,3.0958005374247706,0.85,2.0006724116856582,2.5254372934878253,0.5700000000000001,1.4078953503703253,2.0503498347902602,0.5700000000000001,1.2368565643942189,1.5568998898601736,0.79,1.7530662209343728,1.338139933916104,3.53069966958052,10,0.05787688493728638,3.580040240634732,2.5780188078032804
ant25d47e90cdc9d315d844c56fd410b,10000193,2026-07-05,0.08,0.38,0.4,0.6066666666666668,3.4836118944247825,0.3,0.45,2.816889515539826,0.3,0.598,1.9779263436932177,0.3999999999999999,0.874,1.3867558062159304,5.3337790310796525,0.84,1.21,3.208299134420473,0.69,0.932,2.659639307536379,0.69,1.2349999999999999,2.003092871690919,0.8099999999999999,1.7244999999999997,1.5738557230145513,4.629278615072757,10,1.1920928955078125e-07,3.6046957182151473,2.4225053601117086
ant262bff84decaf39049591f417df0b,10000099,2026-03-19,0.1099999999999999,0.0999999999999999,10.3,7.761337491313724,11.47929270152767,5.33,6.074746552480079,8.758434161222137,0.51,3.4360028807821204,4.402289440814758,0.76,3.097414110298139,3.0453736644888543,12.186868322444273,11.63,8.592509557210853,13.224694125512427,5.420000000000001,6.65880637308448,9.800755300409941,0.7100000000000001,3.8003680313407173,5.2005035336066285,0.92,3.6145342652325265,3.572302120163976,14.181510600819882,10,0.02934086322784424,6.0056423516805655,6.591622406116565
ant27a76702e5f1d352aaea565567a0b,10000238,2026-07-22,0.1699999999999999,0.5,0.21,0.21,11.199116748524602,0.21,0.21,11.199116748524602,0.21,0.21,11.199116748524602,0.21,0.21,11.199116748524602,13.396940098229521,0.45,0.45,11.303896159118509,0.45,0.45,11.303896159118509,0.45,0.45,11.303896159118509,0.45,0.45,11.303896159118509,13.474675390942211,1,1.1920928955078125e-07,4.499286799446923,3.8354700967435926
ant284a026dbaf3d3b8f8a9b93f0090b,10000038,2026-07-01,0.11,0.19,5.27,7.329999999999999,6.5496940006466335,5.27,8.7625,6.407505778352563,5.27,8.7625,6.407505778352563,5.27,8.7625,6.407505778352563,7.317510401034613,8.809999999999999,8.116666666666667,8.630455846777746,8.809999999999999,8.88,8.650405197135774,8.809999999999999,8.88,8.650405197135774,8.809999999999999,8.88,8.650405197135774,8.522729354844394,4,1.1920928955078125e-07,5.758239272988337,5.420445445356535
ant286443b48a12f34f1b3237c0bf60b,10000256,2026-05-31,1.7100000000000002,2.64,0.55,0.7166666666666667,8.384797374945366,0.55,0.7166666666666667,8.384797374945366,0.55,0.7166666666666667,8.384797374945366,0.55,0.7166666666666667,8.384797374945366,13.085675799912584,0.88,1.1233333333333333,10.007829020411647,0.88,1.1233333333333333,10.007829020411647,0.88,1.1233333333333333,10.007829020411647,0.88,1.1233333333333333,10.007829020411647,15.484526432658635,3,1.1920928955078125e-07,4.732557227922924,4.5993690499877085
ant292785029fb7e3390877dc154f90b,10000251,2026-03-16,1.67,3.13,2.86,2.6293070661765268,3.7802142035832356,2.86,2.5103659409136765,3.5961713628665883,2.86,2.751017707703343,3.3507809085777254,3.0900000000000003,3.1479553632113295,3.3384685451466356,4.332342725733176,5.249999999999999,4.546933417063517,6.023553265693751,5.249999999999999,4.052142320127724,5.868842612555,5.249999999999999,4.82492727351188,5.662561741703334,5.359999999999999,5.514945828692333,5.585537045021999,6.487685225110002,10,0.0879359245300293,5.9136348067995925,6.602584535542454
ant29c0dbedda197361fa6fcc36cd80b,10000083,2026-05-22,0.91,0.2,3.56,5.741065932836673,10.56934143579139,3.0200000000000005,4.148711864867639,8.897473148633113,2.27,2.852963398865358,6.438315432422076,2.27,3.13353711991125,6.1777957178956955,14.774946297266226,4.16,7.255734460547257,12.318416460902549,3.640000000000001,5.088252418084904,10.42673316872204,2.76,3.3229402887405444,7.57782211248136,2.76,3.657814486987526,7.276708230451274,17.21346633744408,10,0.09293496608734131,6.070646974018446,5.3192439500898026
ant29f07d9d7ab44397d869efda6500b,10000050,2026-05-12,0.09,0.0,7.449999999999999,4.693927844353959,7.424997957934028,3.37,3.563674776386965,5.389998366347223,0.14,3.4894014782063496,2.563332244231482,0.8200000000000001,3.9321328762284073,2.137999346538889,7.409996732694445,11.48,8.781931639871638,9.711654617987731,6.39,6.654890629093013,7.520323694390186,0.0,5.490838946135926,2.883549129593457,0.34,5.735459136448175,2.002129477756074,8.65064738878037,10,0.05155444145202637,5.0187359670786265,4.760609115270182
ant29f07d9d7ab44397d869efda6500b,10000129,2026-07-01,1.1700000000000002,0.98,0.76,5.808649327938253,5.469221835325612,0.7,3.693321861700258,4.497377468260489,0.76,3.6290779466325676,3.271584978840327,1.5499999999999998,4.475019542271738,2.8989509873041954,8.29475493652098,1.0,6.2185330601827635,6.268128655455132,1.0,3.998568345960689,5.214502924364106,1.0,4.242970747435081,3.809668616242737,1.34,5.023747485088707,2.957801169745642,9.429005848728211,10,0.08671623468399048,5.3710267690185685,4.777796297866394
ant2abcd1296106a33f080c9e92f260b,10000050,2026-04-16,0.07,0.0,0.15,1.2345462578866282,4.687497957934029,0.15,0.9831444672845936,3.7799983663472227,0.15,2.12966632677485,2.569998910898149,0.26,2.1045410493054835,1.6899993465388887,7.409996732694445,0.09,0.5935000914893412,5.440404617987732,0.09,0.4692285863996743,4.370323694390185,0.09,2.4424610602168153,2.9435491295934573,0.14,2.2161934858927728,1.842129477756074,8.65064738878037,10,0.03142517805099487,5.249399804580382,4.9057665916378514
ant2ad27076476983f1fa6ed3271670b,10000182,2026-05-13,2.5700000000000003,4.7700000000000005,0.24,0.21,2.0248753358904814,0.15,0.178,1.6229002687123852,0.24,0.352,1.1919335124749235,0.24,0.5625,0.8111601074849539,3.0958005374247706,0.55,0.4866666666666667,2.412937293487825,0.24,0.37800000000000006,1.8853498347902602,0.53,0.654,1.5302332231935067,0.47,1.044,1.0821399339161037,3.53069966958052,10,1.1920928955078125e-07,3.741357811692655,3.5094395530311315
ant2aeb56071ef583fb59908ac81a00b,10000168,2026-05-19,0.38,0.61,0.71,0.5941839580379056,3.2173885372000575,0.71,0.5819444690026759,2.715910829760046,0.38,0.6242445123989757,1.8272738865066973,0.43,0.6236089903278719,1.5594267525052876,4.721821659520092,1.36,1.2043453920159135,2.8508565200880254,0.11,0.777062421682286,1.9276852160704203,0.14,0.8218975089159603,1.341790144046947,0.14,0.8156225623116444,1.0887816926686424,3.7453704321408408,10,0.14125698804855347,4.888884356378462,5.935794107988907
ant2b592ea7431983d3ba19affcfbd0b,10000288,2026-04-09,1.03,0.0,0.4,0.555535541417518,9.615835258656132,0.93,1.4936210802604377,8.037668206924906,0.4,1.2825711562895605,7.1024256426590044,0.4,1.2825711562895605,7.1024256426590044,15.14533641384981,0.0,0.0,10.635622791651025,0.0,0.0,8.50849823332082,0.0,0.042728388382259785,7.734998393928019,0.0,0.042728388382259785,7.734998393928019,17.01699646664164,6,0.09350466728210449,5.208418697923362,4.318407394681343
ant2bba4ff718e82394290eb517d420b,10000251,2026-03-16,5.199999999999999,2.4400000000000004,2.86,2.581404778322982,3.7802142035832356,2.9799999999999995,2.870056329569247,3.656171362866588,2.61,2.220417575793285,3.1841142419110584,1.79,2.1207569173780327,2.298468545146635,4.332342725733176,5.249999999999999,4.901396122066737,6.023553265693751,5.249999999999999,5.18727478389604,5.868842612555,4.51,3.9327234027413054,5.16922840837,3.03,3.7198691477381094,3.721537045022,6.487685225110002,10,0.058760643005371094,4.134022956313207,4.34179388348616
ant2da567b3fecd93a728725fa0c380b,10000193,2026-04-24,0.14,0.23,0.96,1.3087648609632114,3.6936118944247824,0.96,1.1362716675714088,3.146889515539826,0.7600000000000001,0.8389213595508254,2.2845930103598846,0.7600000000000001,0.9911955531285743,1.6747558062159305,5.3337790310796525,2.0200000000000005,2.554592176527811,3.6507991344204735,1.56,1.7085107601327425,3.0946393075363785,1.4,1.4402646789512663,2.4764262050242527,0.92,1.5295541203006826,1.6618557230145514,4.629278615072757,10,0.0578305721282959,3.7264098390260902,2.4960556928023934
ant2dff7fa41cf0730b5b98a2bba9e0b,10000129,2026-04-30,0.38,0.49,12.76,9.47820221788359,9.969221835325612,1.07,6.2840508566465365,4.68237746826049,1.07,5.3395995634273525,3.4782516455069934,1.41,4.372885719006374,2.7869509873041953,8.29475493652098,13.43,10.064166331106566,10.929378655455132,3.0,7.056160598612393,6.214502924364106,3.0,6.202181375631032,5.143001949576071,3.0,4.86024693841935,4.285801169745643,9.429005848728211,10,0.019293904304504395,5.505085760973413,6.922778750928172
ant2e00214db661d340aaf266888f70b,10000084,2026-05-05,25.13,34.3,8.0,6.953333333333334,8.541205224361576,8.0,6.953333333333334,8.541205224361576,8.0,6.953333333333334,8.541205224361576,8.0,6.953333333333334,8.541205224361576,8.865928358978522,13.19,10.816666666666666,16.1386640064658,13.19,10.816666666666666,16.1386640064658,13.19,10.816666666666666,16.1386640064658,13.19,10.816666666666666,16.1386640064658,17.90786241034528,3,1.1920928955078125e-07,5.507652095595427,10.11188134762432
ant2e0a24f7be1d736099993b040ff0b,10000149,2026-03-16,4.34,4.79,3.0500000000000003,3.9746775916740638,7.0699658517032296,5.44,5.441622300734354,7.460972681362584,5.550000000000001,6.992683118985717,6.860648454241723,5.550000000000001,5.918633774700818,6.336389072545034,9.481945362725167,3.11,4.078907710593396,9.06904673375928,6.71,7.471082631320927,9.677237387007423,7.649999999999999,9.907582201018696,9.314824924671615,6.97,8.879546898595995,8.104894954802969,12.644474774014846,10,0.07224291563034058,10.591892378090536,10.952632732139516
ant2e1de9ff79bdd347696b4cb901c0b,10000182,2026-05-13,0.49,0.9600000000000002,0.24,0.21,2.0248753358904814,0.15,0.178,1.6229002687123852,0.24,0.352,1.1919335124749235,0.24,0.5625,0.8111601074849539,3.0958005374247706,0.55,0.4866666666666667,2.412937293487825,0.24,0.37800000000000006,1.8853498347902602,0.53,0.654,1.5302332231935067,0.47,1.044,1.0821399339161037,3.53069966958052,10,1.1920928955078125e-07,3.660826394291804,3.326103286914392
ant2e3eb78d6dede3646a381c2ccb40b,10000038,2026-03-31,0.69,1.01,0.78,1.6112606419794617,4.865944000646634,0.78,1.8485104281101807,4.048755200517307,0.78,1.7100064823972538,2.959170133678205,1.5499999999999998,3.9370233262832515,2.7035020802069223,7.317510401034613,1.0,2.5067725319746894,5.701705846777746,1.0,2.801420768191134,4.761364677422197,1.0,2.450789936576863,3.5075764516147983,1.0,4.51926149398268,2.5045458709688786,8.522729354844394,10,0.06139892339706421,4.608146100378471,4.149902841478636
ant2ea48fb8aa5583e9885f9f828f30b,10000099,2026-03-23,0.32,0.29,0.2,0.38261699704826696,7.69179270152767,0.2,1.147299457693371,6.193434161222136,0.2,0.8584359969083801,4.195622774148092,0.54,1.2497565838835316,2.869373664488854,12.186868322444273,0.25,0.5787008456179281,8.957194125512427,0.2699999999999999,0.9022834982604716,7.225755300409941,0.3600000000000001,0.8066582228850733,4.967170200273295,0.7400000000000001,1.501646584025261,3.428302120163976,14.181510600819882,10,0.07227152585983276,5.221609312742395,4.6453002675219714
ant2ea48fb8aa5583e9885f9f828f30b,10000149,2026-03-23,3.21,3.5,1.38,3.860304580986564,6.44371585170323,2.25,4.42686723137454,5.865972681362583,3.52,4.113826595598774,5.507315120908389,3.77,4.933083262484457,4.912389072545033,9.481945362725167,2.5100000000000007,6.643430914799875,8.84404673375928,3.59,6.170191203953854,8.117237387007423,3.96,5.6602088387216005,6.8548249246716155,5.06,6.655411252699893,6.5768949548029685,12.644474774014846,10,0.061227619647979736,5.619145004500506,7.960083188199116
ant2eea85af261113d1f88d2789eb50b,10000193,2026-05-26,1.79,3.37,0.4,0.6066666666666668,3.4836118944247825,0.3,0.45,2.816889515539826,0.3,0.598,1.9779263436932177,0.3999999999999999,0.874,1.3867558062159304,5.3337790310796525,0.84,1.21,3.208299134420473,0.69,0.932,2.659639307536379,0.69,1.2349999999999999,2.003092871690919,0.8099999999999999,1.7244999999999997,1.5738557230145513,4.629278615072757,10,1.1920928955078125e-07,3.8510839742417153,3.2074545945786737
ant2f45bce960bec367ab2ff8198e40b,10000218,2026-04-02,0.8099999999999999,1.62,11.94139188402882,11.94139188402882,11.94139188402882,11.94139188402882,11.94139188402882,11.94139188402882,11.94139188402882,11.94139188402882,11.94139188402882,11.94139188402882,11.94139188402882,11.94139188402882,11.94139188402882,14.035903702160569,14.035903702160569,14.035903702160569,14.035903702160569,14.035903702160569,14.035903702160569,14.035903702160569,14.035903702160569,14.035903702160569,14.035903702160569,14.035903702160569,14.035903702160569,14.035903702160569,0,,4.406041980819561,3.750863914414505
ant438355a08d99aed9d62da1333ca0b,10000054,2026-03-16,1.04,1.01,1.7700000000000002,1.6600047604129653,14.501513087460197,1.7700000000000002,1.8720032820441204,11.955210469968156,1.7700000000000002,1.9867336018207267,8.560140313312106,1.7700000000000002,2.569491072495789,5.844084187987262,22.140420939936313,1.4800000000000002,1.686668218373148,18.552909357728485,2.27,2.1519941101703353,15.533327486182788,2.27,2.167675379121675,11.11221832412186,2.27,2.8216348717442763,7.575330994473114,28.796654972365577,10,0.014445126056671143,11.302780754788198,12.06688369710264
ant438355a08d99aed9d62da1333ca0b,10000041,2026-04-21,19.57,22.96,8.040000000000001,8.573340375912418,26.972827665159787,8.040000000000001,8.750022428139081,23.18626213212783,8.96,10.139399483322162,18.750841421418556,10.4,15.059177990313911,15.98650485285113,38.33252426425566,10.46,10.880000816560369,32.065208645457425,10.46,10.726030306665807,27.74416691636594,10.58,12.309466789021455,22.06277794424396,12.46,18.298497815291242,18.973666766546376,45.02833383273188,10,0.014444231986999512,21.04876347711703,22.35111035612139
ant53596c01faa810fdc1a8b44bfb90b,1380389889,2026-05-27,26.89,31.590000000000003,16.33,17.68728629827241,29.768593461110996,16.33,21.278289912529072,27.080874768888794,16.33,19.679819046784303,25.289062307407328,16.33,19.679819046784303,25.289062307407328,37.83174953777759,18.7,18.955961136870666,34.30545479785127,18.7,25.137438037075373,31.184363838281016,18.7,22.99563699037291,29.103636531900847,18.7,22.99563699037291,29.103636531900847,43.66872767656203,7,0.07245278358459473,16.96933181340196,20.39520671627144
4fb688ae22997069307293f5637a590b,10000278,2026-04-01,714.6999999999999,974.2,70.06,321.3454344655239,221.70775313438142,100.2,257.44053044192896,206.44820250750513,100.2,198.02082893872782,171.03213500500343,154.59,529.1749843717465,186.21128100300206,312.69640501501027,61.98,298.65168786571854,242.72381896303764,206.58,297.81050483744326,278.87505517043013,209.93,269.3949406646698,257.0100367802867,209.93,554.3507223744814,238.17802206817203,351.1701103408602,10,0.13550138473510742,184.7895967219956,190.69068190738452
4fb688ae22997069307293f5637a590b,10000292,2026-04-14,794.9699999999999,864.87,263.07000000000005,227.5027254520195,533.7506484023279,285.03,291.1909263930389,490.59451872186224,294.83,323.59476584410925,428.60634581457487,285.03,606.4366808325163,367.25580748874484,696.1590374437245,344.15,285.4413897579554,573.5859624769713,410.02,373.53726437910586,560.6337699815771,344.15,393.94170942591705,466.51584665438475,344.15,610.045309936718,417.5695079926308,711.2475399631542,10,0.10111826658248901,405.1172618694601,393.7060985975993
ant6eed0f249d19c5268e581c0904f0b,10000060,2026-03-16,15.260000000000002,13.830000000000002,13.57,13.57,69.10679524522297,13.57,13.57,69.10679524522297,13.57,13.57,69.10679524522297,13.57,13.57,69.10679524522297,80.21415429426756,15.63,15.630000000000003,80.21516211101672,15.63,15.630000000000003,80.21516211101672,15.63,15.630000000000003,80.21516211101672,15.63,15.630000000000003,80.21516211101672,93.13219453322006,1,0.17335176467895508,23.49230571240691,28.70533616337113
ant9216f77dda2afd652fa3b6729880b,10000139,2026-03-16,40.21,40.06,35.660000000000004,31.74451309175338,29.0657774706854,20.33,25.760114267440454,22.719621976548318,20.33,22.084800998219716,21.92308131769888,17.56,22.7383825533579,19.069848790619325,25.109243953096637,34.4,31.169655335103595,33.83438627746796,20.6,25.488090360929277,27.047509021974367,18.93,21.039393703165377,23.78500601464958,16.21,21.18933977032608,19.66700360878975,33.49501804394873,10,5.364418029785156e-07,15.117248740900571,19.59932095204229
ant93ffe3a1e105b7629f1c7cb9b050b,10000139,2026-03-16,11.52,9.6,5.5,12.05050462876351,17.7557774706854,5.5,13.999207530520744,15.304621976548319,5.5,15.284392350121522,12.036414651032214,13.14,14.466520521284709,15.742009555021008,25.109243953096637,9.59,12.746354852681554,24.53063627746796,9.59,13.581897183152702,21.542509021974368,9.59,16.733340389378263,17.558339347982912,15.320000000000002,41.375956189754575,19.271090879119292,33.49501804394873,10,0.17490142583847046,22.828841051010446,22.527956911596668
ant93ffe3a1e105b7629f1c7cb9b050b,10000006,2026-05-18,67.07000000000001,67.51,40.94,42.57369187026533,33.05302668133612,37.48,33.14242118259088,32.9004213450689,36.38,34.96193777886049,33.69361423004594,32.17,38.22917324818655,31.400168538027565,28.320842690137802,38.05,38.99926043282371,36.98174712471887,32.150000000000006,29.89943147170794,34.245397699775104,32.150000000000006,33.717856994275365,33.54693179985007,28.549999999999997,41.51953232357039,30.10815907991004,36.3407953995502,10,0.17434239387512207,23.82181705937024,28.106402637165708
antb4fc796225b8d80673f918e56fb0b,10000019,2026-06-04,101.6,116.91,4.23,30.639999999999997,65.49424961380002,4.23,30.639999999999997,65.49424961380002,4.23,30.639999999999997,65.49424961380002,4.23,30.639999999999997,65.49424961380002,89.99994945932002,6.67,19.11,80.17780070492884,6.67,19.11,80.17780070492884,6.67,19.11,80.17780070492884,6.67,19.11,80.17780070492884,109.58092098690038,2,1.1920928955078125e-07,51.470445291637375,72.75633967101311
antcfc67c5cc9a4bb46e57ac76eeeb0b,10000019,2026-03-16,0.07,0.0,3.549999999999999,7.313785408665758,57.58121841207501,3.549999999999999,6.622796813829284,46.77497472966001,8.149999999999999,10.054065087728342,35.433316486440006,6.13,8.983359652367735,22.903989891864,89.99994945932002,3.1,8.072265054260898,69.65057561681273,3.1,7.974368435345418,56.34046049345019,12.269999999999998,12.537553720934136,44.70697366230013,7.58,11.775231765396205,27.980184197380073,109.58092098690038,10,0.11215841770172119,18.265838862720845,25.092396891215227
antcfc67c5cc9a4bb46e57ac76eeeb0b,10000054,2026-03-16,2.46,2.81,0.86,2.4291526506309973,14.160263087460196,5.49,6.178288881084989,13.815210469968157,5.49,8.659930386372315,11.040140313312104,6.98,11.243361220207996,10.012084187987263,22.140420939936313,0.5800000000000001,2.796144518104991,18.215409357728486,6.87,7.32818091709916,17.83332748618279,6.87,9.040357013852043,14.178884990788527,6.87,11.249992722512758,11.255330994473114,28.796654972365577,10,0.12216734886169434,7.801402289793877,7.962814260188397
antda0b9e36cb8303fb136dc02f60c0b,10000139,2026-05-11,94.61,44.55,25.109243953096637,25.109243953096637,25.109243953096637,25.109243953096637,25.109243953096637,25.109243953096637,25.109243953096637,25.109243953096637,25.109243953096637,25.109243953096637,25.109243953096637,25.109243953096637,25.109243953096637,33.49501804394873,33.49501804394873,33.49501804394873,33.49501804394873,33.49501804394873,33.49501804394873,33.49501804394873,33.49501804394873,33.49501804394873,33.49501804394873,33.49501804394873,33.49501804394873,33.49501804394873,0,,36.98681335852575,18.608201949427052
e6bd4df775d8ea4fcce38c5a9b4b0d0b,10000064,2026-03-16,22.68,29.97,267.83000000000004,366.1795596470237,333.0299916530554,267.83000000000004,299.78732924713785,319.9899933224443,267.83000000000004,319.6085598492313,302.6033288816295,267.83000000000004,334.9408829178093,288.69399732897773,372.1499866448886,370.91,481.42324598863917,465.1459507510249,363.6,382.77569061078714,442.6437606008199,363.6,382.1807077577065,416.29584040054664,363.6,417.14957299466636,395.217504240328,521.6875212016398,10,0.1589255928993225,164.81749917423014,194.81460828534185
3ece7ab03e8c53351a43987c5d42c90b,10000279,2026-04-01,1354.99,667.9699999999999,256.43,298.4239340806929,296.4638358806835,324.69,352.3713171826081,322.5870687045468,256.43,335.01239595092903,277.78137913636454,256.43,304.4841175295671,269.2408274818187,320.4841374090936,520.5999999999999,438.1797978204489,410.10242015510744,520.5999999999999,469.6915269003348,432.20193612408593,520.5999999999999,405.4282265552246,461.6679574160573,350.6,372.3512922757022,349.2407744496344,343.803872248172,10,0.0785626769065857,666.1883748278296,419.772685749884
3ece7ab03e8c53351a43987c5d42c90b,10000295,2026-04-24,57.6,59.370000000000005,131.52,133.43442611479853,136.9162333061107,131.52,154.93366144115114,135.83698664488855,105.47,108.03383614709914,117.0313244299257,105.47,143.1600997601181,113.0099941934298,140.1539732897771,24.33,102.59813958536436,146.2351827520497,73.59,206.05894970372364,146.48414620163976,67.67,147.5587076618624,118.23943080109318,73.59,251.1446465177912,105.2831070441912,219.37829240327952,10,0.0785626769065857,305.31310599903657,196.78822999393765
ante9f866ee0e00a95b2ba954636c40b,10000139,2026-03-17,1.9,3.13,35.660000000000004,36.162753802619626,29.0657774706854,35.660000000000004,33.33910358735951,30.38462197654832,20.37,24.700659207550228,21.949747984365548,20.33,23.563024399533447,21.285848790619326,25.109243953096637,36.45,34.26667774073433,34.60313627746796,34.4,31.74554622931873,33.94750902197437,20.84,23.2167174186371,25.058339347982912,18.93,22.15583546469249,21.843003608789743,33.49501804394873,10,0.13728690147399902,12.46680798048278,12.368211831488257
antf5fc01283c6951cb5ac8cabbb910b,10000256,2026-07-22,2.04,2.4800000000000004,0.55,0.7166666666666667,8.384797374945366,0.55,0.7166666666666667,8.384797374945366,0.55,0.7166666666666667,8.384797374945366,0.55,0.7166666666666667,8.384797374945366,13.085675799912584,0.88,1.1233333333333333,10.007829020411647,0.88,1.1233333333333333,10.007829020411647,0.88,1.1233333333333333,10.007829020411647,0.88,1.1233333333333333,10.007829020411647,15.484526432658635,3,1.1920928955078125e-07,5.093474931801379,5.076310733124728
antfeb6afd90368bdf87bf523ac0ea0b,10000041,2026-05-12,0.07,0.0,4.33,6.539400775923829,25.581577665159788,4.69,6.115810667668215,21.51126213212783,6.01,10.807965139487818,18.44174010163679,6.01,10.807965139487818,18.44174010163679,38.33252426425566,2.49,7.409040335806251,29.076458645457425,6.22,7.126335260918028,25.62416691636594,6.98,12.036114838666737,21.613974551050724,6.98,12.036114838666737,21.613974551050724,45.02833383273188,8,0.07940143346786499,16.585308848907108,23.93045591271816
antys8d7f9bf7fd552aa319e789bb00b,10000168,2026-06-22,0.14,0.0,0.32,0.29333333333333333,3.0711385372000577,0.32,0.636,2.520910829760046,0.32,0.5466666666666667,1.8920791641143184,0.32,0.5466666666666667,1.8920791641143184,4.721821659520092,0.14,0.1366666666666667,2.393356520088026,0.14,0.9880000000000002,1.9426852160704204,0.2,0.8011111111111112,1.4662037257645857,0.2,0.8011111111111112,1.4662037257645857,3.7453704321408408,9,1.1920928955078125e-07,3.400129838164779,1.976386371867926
antysa49547ef62e5bd97e3dfa1e120b,10000168,2026-06-24,0.21,0.3399999999999999,0.32,0.29333333333333333,3.0711385372000577,0.32,0.636,2.520910829760046,0.32,0.5466666666666667,1.8920791641143184,0.32,0.5466666666666667,1.8920791641143184,4.721821659520092,0.14,0.1366666666666667,2.393356520088026,0.14,0.9880000000000002,1.9426852160704204,0.2,0.8011111111111112,1.4662037257645857,0.2,0.8011111111111112,1.4662037257645857,3.7453704321408408,9,1.1920928955078125e-07,3.496753075251667,2.0733672539636383
ant082eb20a279d57b73b04b4dc9de0c,10000054,2026-03-16,1.08,0.3,2.0700000000000003,2.456469531403606,14.614013087460197,2.0700000000000003,6.09439524347691,12.105210469968156,6.609999999999999,16.592562052077184,11.78680697997877,6.300000000000001,14.243863133393932,9.468084187987262,22.140420939936313,2.6499999999999995,4.326291485974717,18.991659357728484,2.6499999999999995,5.391376941504167,15.723327486182788,8.79,21.459791443239503,15.458884990788526,6.78,19.036316150465318,11.183330994473113,28.796654972365577,10,0.05781275033950806,9.152089852650914,16.249257913144167
ant176662ae5c8d40881d411e0b5fe0c,10000054,2026-03-16,11.88,10.5,6.98,9.243010487382989,16.455263087460196,3.08,6.824577603154983,12.610210469968155,4.01,8.82714597262158,10.053473646645438,6.98,9.117317226224724,10.012084187987263,22.140420939936313,4.18,8.085995130705843,19.565409357728484,2.93,5.944886043038599,15.863327486182788,4.18,8.46158418622369,12.385551657455192,5.279999999999999,9.251001051043628,9.983330994473114,28.796654972365577,10,0.07058900594711304,8.088090158813344,8.92530075696584
ant1b5b9d7fb2f3fa9879bac1bb85e0c,10000054,2026-04-23,58.7,63.27,43.74,39.97534504529582,30.240263087460196,43.74,39.97534504529582,30.240263087460196,43.74,39.97534504529582,30.240263087460196,43.74,39.97534504529582,30.240263087460196,22.140420939936313,41.82,42.6747937365188,33.680409357728486,41.82,42.6747937365188,33.680409357728486,41.82,42.6747937365188,33.680409357728486,41.82,42.6747937365188,33.680409357728486,28.796654972365577,3,0.0,28.793931853076657,27.68691345292143
ant1db9e280355cebecda0cd9172a50c,10000041,2026-04-21,5.739999999999999,6.26,8.040000000000001,8.530010859844388,26.972827665159787,8.040000000000001,8.750003237707014,23.18626213212783,8.96,10.193301749881742,18.750841421418556,10.4,15.280569814530258,15.98650485285113,38.33252426425566,9.72,10.193348030362177,31.787708645457425,10.46,10.72600088093153,27.74416691636594,10.8,12.342614987412425,22.20944461091063,12.46,18.575017890850717,18.973666766546376,45.02833383273188,10,1.4901161193847656e-06,16.479553542067663,19.644918268959664
ant204436f23abf63029ab6398943b0c,10000251,2026-03-16,5.22,8.67,0.16,0.26661266140920187,2.7677142035832354,0.1999999999999999,1.3638525253625606,2.2661713628665883,0.23,1.6047540300684942,1.5974475752443922,1.79,2.486530973834083,2.3678051649393583,4.332342725733176,0.52,0.739641040869964,4.249803265693751,0.62,2.4702781688211135,3.553842612555001,0.71,2.8283709538333692,2.635895075036667,2.8800000000000003,4.33192335476253,3.6999284602522735,6.487685225110002,10,0.1052141785621643,4.205884864950321,5.605914057685691
ant204436f23abf63029ab6398943b0c,10000288,2026-04-08,1.5299999999999998,0.0,15.14533641384981,15.14533641384981,15.14533641384981,15.14533641384981,15.14533641384981,15.14533641384981,15.14533641384981,15.14533641384981,15.14533641384981,15.14533641384981,15.14533641384981,15.14533641384981,15.14533641384981,17.01699646664164,17.01699646664164,17.01699646664164,17.01699646664164,17.01699646664164,17.01699646664164,17.01699646664164,17.01699646664164,17.01699646664164,17.01699646664164,17.01699646664164,17.01699646664164,17.01699646664164,0,,4.920857451295115,4.096503661908875
ant204727d6884ba3c648eb6e3a2ae0c,10000168,2026-03-18,0.21,0.02,0.43,0.47725659578344787,3.1123885372000575,0.3999999999999999,0.4338122173102278,2.5609108297600462,0.2299999999999999,0.3164491534778351,1.7272738865066974,0.25,0.29242152500702884,1.1443643319040182,4.721821659520092,0.09,0.09388675507334865,2.3746065200880255,0.0999999999999999,0.17796537311175673,1.9226852160704204,0.09,0.10545247063163816,1.3084568107136139,0.04,0.08415932714200669,0.781074086428168,3.7453704321408408,10,0.06021690368652344,3.3771209010859087,1.975055827279779
ant20482b25002433e5691ece47eef0c,10000050,2026-03-16,2.8800000000000003,3.57,0.32,0.24620800073918495,4.751247957934028,0.19,0.20010743335136258,3.7999983663472228,0.19,0.23824418116424814,2.5966655775648153,0.19,0.7154419943667855,1.633999346538889,7.409996732694445,0.06,0.06315924679727898,5.429154617987732,0.03,0.038468752782291206,4.340323694390185,0.06,0.19348524905147602,2.9235491295934573,0.06,1.0436829002435375,1.7781294777560739,8.65064738878037,10,0.08674699068069458,5.660132166406397,5.63105442766688
ant20500d59689d1389c9ed3b84d420c,10000182,2026-03-16,0.5,0.97,0.27,0.5402075288523653,2.0361253358904814,0.19,0.38577678353862616,1.6429002687123853,0.33,0.8843599648151076,1.2519335124749236,0.33,0.8126851075652665,1.0578422466907291,3.0958005374247706,0.53,1.1126560916971167,2.405437293487825,0.39,0.7970622737404897,1.9603498347902601,0.66,1.283151804602013,1.6168998898601734,0.66,1.15387718708443,1.4154472814685581,3.53069966958052,10,0.05804389715194702,3.4352549770873946,2.733156652804769
ant20500d59689d1389c9ed3b84d420c,10000246,2026-03-16,0.19,0.35,0.3799999999999999,0.3578191060298068,20.520442953800718,0.29,0.29495756682213076,16.447354363040574,0.3799999999999999,0.3378075133882144,15.027594875491433,0.3799999999999999,0.3378075133882144,15.027594875491433,32.60470872608115,0.4999999999999999,0.42551873008637797,23.63999500215758,0.43,0.419611309662155,18.976996001726064,0.43,0.3776074992713271,17.290905456114604,0.43,0.3776074992713271,17.290905456114604,37.52399200345213,6,0.05804389715194702,6.623546693761827,6.84330860659442
ant206dcead71830371393884e7ae90c,10000168,2026-07-09,0.29,0.1399999999999999,0.32,0.29333333333333333,3.0711385372000577,0.32,0.636,2.520910829760046,0.32,0.5466666666666667,1.8920791641143184,0.32,0.5466666666666667,1.8920791641143184,4.721821659520092,0.14,0.1366666666666667,2.393356520088026,0.14,0.9880000000000002,1.9426852160704204,0.2,0.8011111111111112,1.4662037257645857,0.2,0.8011111111111112,1.4662037257645857,3.7453704321408408,9,1.1920928955078125e-07,3.5393167537152155,2.1677297831480087
ant206dcead71830371393884e7ae90c,10000182,2026-07-09,0.38,0.74,0.24,0.21,2.0248753358904814,0.15,0.178,1.6229002687123852,0.24,0.352,1.1919335124749235,0.24,0.5625,0.8111601074849539,3.0958005374247706,0.55,0.4866666666666667,2.412937293487825,0.24,0.37800000000000006,1.8853498347902602,0.53,0.654,1.5302332231935067,0.47,1.044,1.0821399339161037,3.53069966958052,10,1.1920928955078125e-07,3.443050101235877,2.87318453260734
ant20b0b38a4316b394e99a1ab1b300c,10000099,2026-03-17,0.69,1.02,1.12,1.3486414530603756,8.03679270152767,1.71,1.9144919797060898,6.948434161222137,1.12,1.362416493273819,4.808956107481425,1.12,1.2730951591313915,4.374961271307138,12.186868322444273,2.94,2.939487622153638,9.965944125512426,2.94,3.065710824786783,8.56075530040994,1.7600000000000002,2.2664335406481704,5.900503533606628,1.5499999999999998,2.0568777688133597,5.265150176711729,14.181510600819882,10,0.0762215256690979,5.497350489805619,5.85816875489502
ant20d50fbfd85813083913fd24d1f0c,10000193,2026-06-27,0.8300000000000001,1.61,2.0,1.904282657529652,4.083611894424783,0.8,1.4574226046188996,3.066889515539826,0.8,1.1455418563313524,2.311259677026551,0.8,1.1931914109077448,1.7067558062159305,5.3337790310796525,3.75,3.5635272666968696,4.299549134420474,1.5399999999999996,2.824174952649304,3.0846393075363787,1.5399999999999996,2.2615549047026993,2.5697595383575855,1.5399999999999996,2.3369282916453873,2.157855723014551,4.629278615072757,10,0.057799339294433594,4.025619418178898,3.4235537443045208
ant21b628cc631e836849436b401000c,10000038,2026-03-16,0.3399999999999999,0.16,4.47,3.408842104790943,6.249694000646633,1.46,2.4260941793954474,4.3887552005173065,1.46,4.016871059651768,3.412503467011538,0.5,2.733960411740882,1.8635020802069224,7.317510401034613,4.58,3.903051239598237,7.044205846777746,2.64,2.9069746373287644,5.581364677422197,2.64,4.675296678968364,4.600909784948132,0.37,3.276464179313217,2.000545870968878,8.522729354844394,10,0.030953645706176758,6.138752217842962,5.288659375892679
ant21db67f1f93b732a983ddb9ab1b0c,10000084,2026-03-27,0.45,0.44,0.69,1.183199921222655,5.799955224361576,2.18,1.7131658728448667,5.522964179489261,2.44,2.807542673076859,4.581976119659507,3.1,3.143328090152187,4.253185671795705,8.865928358978522,0.8200000000000001,2.2113042624870154,11.499914006465799,4.56,3.1716390794967073,11.23393120517264,5.11,5.106220438644504,9.375954136781761,6.0,5.525931779502099,8.381572482069057,17.90786241034528,10,2.384185791015625e-07,4.747559302463233,5.437895467854622
ant235dcb491f19f30329d9e1925df0c,10000182,2026-05-16,0.66,1.29,0.24,0.21,2.0248753358904814,0.15,0.178,1.6229002687123852,0.24,0.352,1.1919335124749235,0.24,0.5625,0.8111601074849539,3.0958005374247706,0.55,0.4866666666666667,2.412937293487825,0.24,0.37800000000000006,1.8853498347902602,0.53,0.654,1.5302332231935067,0.47,1.044,1.0821399339161037,3.53069966958052,10,1.1920928955078125e-07,3.4562288192729835,3.04919007215146
ant23df3c64b151e309cb83d593aec0c,10000251,2026-07-11,0.24,0.4799999999999999,2.48,2.259541300431253,3.6377142035832355,1.67,1.7634355898853038,3.001171362866588,2.29,2.263044635667613,2.9707809085777255,1.67,2.0629335991848268,2.202468545146635,4.332342725733176,4.0,3.814184727513727,5.554803265693751,2.45,3.0658604243470866,4.468842612555001,3.88,3.8625844423432873,4.7492284083700005,2.45,3.6976726775097966,3.2575370450220005,6.487685225110002,10,0.04993396997451782,3.7819563659463302,3.215681666343628
ant23f68f68905d63f42b44e83c6450c,10000129,2026-03-16,8.71,10.13,0.6100000000000001,4.511991349603717,5.412971835325612,0.65,3.605308288084701,4.47237746826049,0.65,3.231792201780394,3.1982516455069936,0.6100000000000001,2.5556716203190692,2.1469509873041956,8.29475493652098,0.73,3.8504905301938437,6.166878655455132,0.73,3.4722161591104674,5.079502924364106,0.73,3.2610295956572863,3.6296686162427374,0.66,2.5787030712729995,2.413801169745642,9.429005848728211,10,0.03393089771270752,7.244696130761197,6.951359853120973
ant24fa135c1b0d4339387bcd83f0a0c,10000251,2026-03-16,1.77,2.92,0.78,1.7092447245977396,3.0002142035832353,3.68,3.291430702047208,4.0061713628665885,3.0900000000000003,2.933712450458873,3.5041142419110587,2.49,2.7851196425669786,2.858468545146635,4.332342725733176,1.73,3.400716119904679,4.703553265693751,7.15,6.109736798037891,6.818842612555001,4.939999999999999,5.326699475174773,5.455895075036667,4.699999999999999,5.150914572554119,5.057537045022,6.487685225110002,10,0.05320858955383301,3.759991570402277,3.461034446489748
ant2538a3c4b4db93ec0a4db9c98a70c,10000149,2026-05-11,8.62,15.12,1.54,2.5,6.503715851703229,1.54,3.7725,5.952191868180648,1.54,3.7725,5.952191868180648,1.54,3.7725,5.952191868180648,9.481945362725167,2.14,3.2533333333333334,8.705296733759278,2.14,3.99,7.975819318897138,2.14,3.99,7.975819318897138,2.14,3.99,7.975819318897138,12.644474774014846,4,1.1920928955078125e-07,5.468906740281677,7.985813573930141
ant254068322d00436afab9f5fcf290c,10000180,2026-06-24,0.7999999999999999,2.24,1.51,1.51,23.040596586794994,1.51,1.51,23.040596586794994,1.51,1.51,23.040596586794994,1.51,1.51,23.040596586794994,27.346715904153992,4.75,4.75,27.791516234260527,4.75,4.75,27.791516234260527,4.75,4.75,27.791516234260527,4.75,4.75,27.791516234260527,32.39981948111263,1,1.1920928955078125e-07,6.179450708320047,7.438377423227269
ant269e4f8cf2e373e9783f1df90d90c,10000208,2026-07-23,1.7,3.13,0.37,0.8433333333333334,4.5187831662350835,0.37,0.8433333333333334,4.5187831662350835,0.37,0.8433333333333334,4.5187831662350835,0.37,0.8433333333333334,4.5187831662350835,7.008053065976134,0.49,1.2033333333333334,5.412031845058195,0.49,1.2033333333333334,5.412031845058195,0.49,1.2033333333333334,5.412031845058195,0.49,1.2033333333333334,5.412031845058195,8.365250952093112,3,1.1920928955078125e-07,3.976664710288545,3.328974053752864
ant269e4f8cf2e373e9783f1df90d90c,10000209,2026-07-23,0.43,0.95,13.363764608072284,13.363764608072284,13.363764608072284,13.363764608072284,13.363764608072284,13.363764608072284,13.363764608072284,13.363764608072284,13.363764608072284,13.363764608072284,13.363764608072284,13.363764608072284,13.363764608072284,15.618078531950825,15.618078531950825,15.618078531950825,15.618078531950825,15.618078531950825,15.618078531950825,15.618078531950825,15.618078531950825,15.618078531950825,15.618078531950825,15.618078531950825,15.618078531950825,15.618078531950825,0,,4.588039251456269,4.254477388757543
ant269e4f8cf2e373e9783f1df90d90c,10000227,2026-07-23,1.01,2.17,0.2,0.42000000000000004,7.322910809161643,0.2,0.45000000000000007,6.531476274810349,0.2,0.45000000000000007,6.531476274810349,0.2,0.45000000000000007,6.531476274810349,11.596657294658629,0.38,0.7666666666666666,8.753200088438492,0.38,0.825,7.822844523056437,0.38,0.825,7.822844523056437,0.38,0.825,7.822844523056437,13.777120141501587,4,1.1920928955078125e-07,4.430725440254183,4.145736269205138
ant26b472b70ed1631a2abe6469e810c,10000251,2026-06-13,1.74,3.02,1.96,1.86,3.442714203583235,1.65,1.472,2.991171362866588,1.27,1.606,2.2907809085777258,1.4600000000000002,1.695,2.215879664666626,4.332342725733176,3.43,2.9733333333333336,5.341053265693751,2.78,2.428,4.633842612555001,2.16,2.6069999999999998,3.602561741703334,2.5600000000000005,2.8528571428571428,3.593601375028948,6.487685225110002,10,1.1920928955078125e-07,3.83363465869298,4.034943594728286
ant2726e29cd8fd030e6b21c5735440c,10000083,2026-07-13,0.4499999999999999,0.0,14.774946297266226,14.774946297266226,14.774946297266226,14.774946297266226,14.774946297266226,14.774946297266226,14.774946297266226,14.774946297266226,14.774946297266226,14.774946297266226,14.774946297266226,14.774946297266226,14.774946297266226,17.21346633744408,17.21346633744408,17.21346633744408,17.21346633744408,17.21346633744408,17.21346633744408,17.21346633744408,17.21346633744408,17.21346633744408,17.21346633744408,17.21346633744408,17.21346633744408,17.21346633744408,0,,7.241431818764371,6.333826586850339
ant27c003ddd2dc33c8db68ba5f3da0c,10000038,2026-04-30,0.15,0.02,1.06,1.7141976632871117,4.970944000646633,1.06,1.6529330591180882,4.188755200517306,1.06,2.6045046177917204,3.1458368003448713,1.06,2.8209240882173945,2.3115020802069224,7.317510401034613,0.8999999999999999,1.796557051802647,5.6642058467777465,1.2,1.912276319152306,4.861364677422197,1.29,3.1980113665962198,3.7009097849481316,1.29,3.5250451990099263,2.7365458709688784,8.522729354844394,10,0.057790398597717285,4.519071641136746,4.066079753091188
ant2835cfa924d01312d9c968d3f7c0c,10000038,2026-04-09,0.27,0.15,5.44,4.505538843141544,6.613444000646633,1.46,3.0971353894797096,4.3887552005173065,1.46,4.010299259587532,3.412503467011538,1.46,4.684611249362637,2.6315020802069222,7.317510401034613,7.01,6.352965688949413,7.955455846777746,2.64,4.406344096650092,5.581364677422197,2.64,4.649339212527273,4.600909784948132,2.64,5.957879162120655,3.8165458709688784,8.522729354844394,10,0.01470857858657837,5.970762583719617,7.829630813008658
ant2835cfa924d01312d9c968d3f7c0c,10000050,2026-04-30,2.27,0.6900000000000001,0.25,0.2270789739607001,4.724997957934028,0.25,1.374236848246401,3.8299983663472226,0.25,2.912115808009688,2.6366655775648153,0.25,2.4673534139277082,1.6819993465388887,7.409996732694445,0.41,0.29542936284764426,5.560404617987731,0.41,1.5045276151966438,4.5303236943901855,0.41,3.880017217199008,3.1568824629267906,0.11,3.032355944474462,1.818129477756074,8.65064738878037,10,0.00014829635620117188,5.825824170587195,7.351098205090295
ant286172f7fc5903c2284d257c8b90c,10000182,2026-03-16,4.960000000000001,9.26,0.27,0.27520320482335253,2.0361253358904814,0.27,0.26753425353350807,1.6829002687123853,0.51,0.8518179588587207,1.3719335124749237,0.55,0.789870503861069,1.0591601074849541,3.0958005374247706,0.52,0.5930389162583094,2.401687293487825,0.37,0.4670817657407125,1.9503498347902601,0.52,1.4909191898747751,1.5235665565268401,0.52,1.2058899409762882,1.1221399339161038,3.53069966958052,10,0.021800100803375244,3.78979635639715,3.879530224816135
ant2875dbe0d57933299afa06808ca0c,10000129,2026-03-16,0.1099999999999999,0.01,2.53,2.143632176108012,6.132971835325613,2.53,2.5210625380914955,5.412377468260489,2.53,3.2053089852658494,4.451584978840327,0.92,4.627531780527723,2.3949509873041954,8.29475493652098,3.06,2.693920405826322,7.040628655455132,3.06,2.567609312828712,6.244502924364106,3.06,3.3980844760166162,5.18300194957607,1.16,5.01750644852492,2.8138011697456418,9.429005848728211,10,0.06244039535522461,5.334263177930204,5.478085451441544
ant28ae9ef98a9493f579dfa7206df0c,10000149,2026-06-09,3.53,4.31,2.47,2.5114116261961668,6.852465851703229,2.47,2.737316286763078,5.975972681362584,4.17,4.171379354065598,5.940648454241723,4.03,4.213160637713767,5.120389072545033,9.481945362725167,5.01,6.720662937191621,9.781546733759278,5.01,7.254490464661861,8.827237387007422,5.01,7.322170334977706,7.554824924671616,5.01,6.5874745715969,6.5368949548029684,12.644474774014846,10,0.06365585327148438,5.134515761626394,5.025927559152436
ant292a5bac72c9e341383698434ac0c,10000083,2026-07-08,2.12,1.6,14.774946297266226,14.774946297266226,14.774946297266226,14.774946297266226,14.774946297266226,14.774946297266226,14.774946297266226,14.774946297266226,14.774946297266226,14.774946297266226,14.774946297266226,14.774946297266226,14.774946297266226,17.21346633744408,17.21346633744408,17.21346633744408,17.21346633744408,17.21346633744408,17.21346633744408,17.21346633744408,17.21346633744408,17.21346633744408,17.21346633744408,17.21346633744408,17.21346633744408,17.21346633744408,0,,6.539703085860099,6.98882123532799
ant2935d7503696933b09eaa5b01600c,10000050,2026-03-16,0.08,0.0,0.08,0.17874601728551287,4.6612479579340285,0.16,0.655253429774282,3.7849983663472226,0.16,0.6740609398299225,2.5766655775648153,0.32,2.5201231181162806,1.7379993465388888,7.409996732694445,0.06,0.320199763884199,5.429154617987732,0.32,0.860815002437538,4.4853236943901855,0.06,1.0183005565453007,2.9235491295934573,0.12,3.512304799476804,1.826129477756074,8.65064738878037,10,0.06173211336135864,4.563487809562353,3.768228384389637
ant2935d7503696933b09eaa5b01600c,10000129,2026-03-29,0.11,0.17,0.1099999999999999,0.26256158340088354,5.225471835325612,0.6100000000000001,0.9768496527890446,4.452377468260489,0.65,3.376149799022157,3.1982516455069936,0.7999999999999999,4.142178666244294,2.2989509873041953,8.29475493652098,0.15,0.32289850957808763,5.949378655455132,0.66,0.5659622919905395,5.044502924364106,0.73,3.126845506427231,3.6296686162427374,0.77,4.309135705126274,2.501801169745642,9.429005848728211,10,0.061527907848358154,4.829865978204766,4.311616447032479
ant293c30065fdf53f038aa211a3cb0c,10000050,2026-05-17,0.07,0.0,0.4,2.7245838985167183,4.781247957934029,0.4,2.3983752367123654,3.9049983663472227,0.4,2.223052253552352,2.7366655775648154,0.25,1.59256090698633,1.6819993465388887,7.409996732694445,0.28,4.168393944529149,5.511654617987732,0.28,2.9452245320801103,4.465323694390185,0.28,2.658657339460037,3.0702157962601238,0.09,1.8423925456966872,1.802129477756074,8.65064738878037,10,0.0579150915145874,4.27235680116215,3.6588133973503223
ant2a1eedf4f146c3d979a274695b00c,10000084,2026-05-14,24.94,32.52,3.09,2.720939470003771,6.699955224361576,2.26,2.300753304360152,5.562964179489261,3.09,4.504121537247771,5.01530945299284,3.09,4.524537810511244,4.245185671795704,8.865928358978522,3.9,3.7919177841507783,12.6549140064658,2.31,3.0361026839854923,10.10893120517264,3.9,6.516228404226981,8.569287470115093,3.9,6.524550840011242,6.701572482069055,17.90786241034528,10,0.014461040496826172,6.859698366359755,8.872513052145838
ant2acf6e2b848b23ba18e14f4c6a10c,10000256,2026-04-29,1.7000000000000002,2.91,1.3,1.3,11.121396499927155,1.3,1.3,11.121396499927155,1.3,1.3,11.121396499927155,1.3,1.3,11.121396499927155,13.085675799912584,2.03,2.03,13.242105360548862,2.03,2.03,13.242105360548862,2.03,2.03,13.242105360548862,2.03,2.03,13.242105360548862,15.484526432658635,1,0.10863357782363892,5.095867273460076,5.0869834645007845
ant2b2de2916eea43b118fd877c4da0c,10000038,2026-05-09,0.08,0.03,0.44,0.35242790793655876,4.738444000646633,0.44,0.36500064919991443,3.8787552005173067,0.48,2.9987676665137566,2.7591701336782046,0.5700000000000001,4.604068334924149,1.9195020802069225,7.317510401034613,0.09,0.11296616764511283,5.360455846777747,0.09,0.0945243817919253,4.306364677422197,0.13,3.9542930429390157,2.927576451614798,0.42,5.874114878363072,2.040545870968878,8.522729354844394,10,0.014563679695129395,4.828023880889692,3.885202379551575
ant2b41caa54f2b730aba69d95cf860c,10000050,2026-05-30,1.4200000000000002,1.65,7.449999999999999,6.042080266031375,7.424997957934028,7.07,5.0945626068757655,7.239998366347223,7.07,5.3008497141851585,7.183332244231481,1.0699999999999998,3.1540109287671387,2.3379993465388886,7.409996732694445,12.79,11.730529713196338,10.20290461798773,8.0,8.75934467811417,8.325323694390185,9.98,8.634005031046172,9.53688246292679,1.18,5.015496971705526,2.6741294777560736,8.65064738878037,10,0.08741623163223267,4.394364105234499,3.50660252431807
ant2bb8131dc78d335c491cbadeca60c,10000303,2026-07-26,2.6,0.0,0.6399999999999999,0.6462543831043983,5.537708099696324,0.9,1.3509421584855228,4.68816647975706,0.9,1.1446621575660174,3.42544431983804,0.9,1.1446621575660174,3.42544431983804,8.476332959514119,0.0,0.0,4.834568634327804,0.0,0.0,3.867654907462243,0.0,0.0,2.578436604974829,0.0,0.0,2.578436604974829,7.735309814924486,10,0.09207874536514282,4.8516239424046885,2.4476724927582088
ant2be0c7f98f73833049058cb65750c,10000208,2026-05-01,1.81,2.7700000000000005,0.37,0.8433333333333334,4.5187831662350835,0.37,0.8433333333333334,4.5187831662350835,0.37,0.8433333333333334,4.5187831662350835,0.37,0.8433333333333334,4.5187831662350835,7.008053065976134,0.49,1.2033333333333334,5.412031845058195,0.49,1.2033333333333334,5.412031845058195,0.49,1.2033333333333334,5.412031845058195,0.49,1.2033333333333334,5.412031845058195,8.365250952093112,3,1.1920928955078125e-07,4.8138894003581285,3.9504601736849656
ant2c605f7d4b0fc3d79a1337d15120c,10000208,2026-05-05,1.31,1.95,0.37,0.8433333333333334,4.5187831662350835,0.37,0.8433333333333334,4.5187831662350835,0.37,0.8433333333333334,4.5187831662350835,0.37,0.8433333333333334,4.5187831662350835,7.008053065976134,0.49,1.2033333333333334,5.412031845058195,0.49,1.2033333333333334,5.412031845058195,0.49,1.2033333333333334,5.412031845058195,0.49,1.2033333333333334,5.412031845058195,8.365250952093112,3,1.1920928955078125e-07,4.371886390019419,3.511415493799478
ant2c73e787f8b4934bb82e792b1290c,10000149,2026-03-16,24.08,23.3,6.31,8.573186508581635,8.29246585170323,6.31,9.307856537103449,7.895972681362583,6.92,8.497271378105761,7.773981787575056,6.31,8.404692632653191,6.944389072545033,9.481945362725167,8.16,11.036625687431592,10.962796733759278,8.16,13.064777773943549,10.402237387007423,8.16,11.888135023050717,9.654824924671615,8.16,11.864944708497896,9.056894954802969,12.644474774014846,10,0.043335795402526855,5.217838358038253,7.243479392398744
ant2cad74c5b3a803cebb10e1fd0350c,10000168,2026-05-07,0.4199999999999999,0.27,0.36,0.3342100303585791,3.086138537200058,0.31,0.29550012905733525,2.515910829760046,0.31,0.33348925142163344,1.780607219840031,0.31,0.33348925142163344,1.780607219840031,4.721821659520092,0.23,0.39270598353505765,2.4271065200880257,0.09,0.2711955668187978,1.9176852160704203,0.09,0.2972959732735466,1.3084568107136139,0.09,0.2972959732735466,1.3084568107136139,3.7453704321408408,10,0.06126052141189575,5.81722879147825,3.0749963665326736
ant2cad74c5b3a803cebb10e1fd0350c,10000182,2026-05-07,1.13,2.16,0.45,0.4388736608582009,2.1036253358904817,0.52,1.0701648053700852,1.8079002687123853,0.45,0.718634092836898,1.3319335124749236,0.52,0.740546890387994,1.0351601074849541,3.0958005374247706,0.7200000000000001,0.6636492370682583,2.4766872934878252,0.8099999999999999,1.9225686068899597,2.17034983479026,0.7200000000000001,1.2883689019786366,1.6568998898601734,0.7200000000000001,1.3019014421333497,1.282139933916104,3.53069966958052,10,0.07225769758224487,5.729447586964826,3.8253307897362
ant2cc7b58af8abe3fe09fafeb85440c,10000168,2026-07-24,0.3,0.11,0.32,0.29333333333333333,3.0711385372000577,0.32,0.636,2.520910829760046,0.32,0.5466666666666667,1.8920791641143184,0.32,0.5466666666666667,1.8920791641143184,4.721821659520092,0.14,0.1366666666666667,2.393356520088026,0.14,0.9880000000000002,1.9426852160704204,0.2,0.8011111111111112,1.4662037257645857,0.2,0.8011111111111112,1.4662037257645857,3.7453704321408408,9,1.1920928955078125e-07,3.660170786356968,2.405317330028838
ant2cecebe34b6e732e4ba12e4d35f0c,10000038,2026-07-27,0.5499999999999999,0.4599999999999999,5.27,7.329999999999999,6.5496940006466335,5.27,8.7625,6.407505778352563,5.27,8.7625,6.407505778352563,5.27,8.7625,6.407505778352563,7.317510401034613,8.809999999999999,8.116666666666667,8.630455846777746,8.809999999999999,8.88,8.650405197135774,8.809999999999999,8.88,8.650405197135774,8.809999999999999,8.88,8.650405197135774,8.522729354844394,4,1.1920928955078125e-07,4.705394601971406,5.003065127265794
ant2d6a9ecf2ec813bb2bcc1b26e8e0c,10000038,2026-05-07,9.45,7.53,0.25,0.5698946572050801,4.667194000646633,1.1700000000000002,3.9261665326435775,4.243755200517307,1.1700000000000002,3.9653757892620685,3.2191701336782046,1.17,4.083073154123292,2.399502080206922,7.317510401034613,0.14,0.4640973015741405,5.379205846777746,1.05,5.669468588506772,4.786364677422197,1.05,5.446044351856805,3.5409097849481315,1.05,4.82316647042101,2.5445458709688786,8.522729354844394,10,0.04333311319351196,7.059552007893625,6.065991025140262
ant2e26fbeec457f3b17901083f7870c,10000084,2026-05-28,2.05,1.5600000000000005,2.58,1.706531719273343,6.508705224361576,2.58,2.329813869157756,5.722964179489261,2.31,2.307018390262862,4.49530945299284,2.31,2.620920760735118,3.621185671795704,8.865928358978522,4.430000000000001,2.848725661257631,12.8536640064658,4.430000000000001,4.013054233237853,11.16893120517264,4.430000000000001,4.1951841940246615,8.922620803448428,4.34,4.460985461195084,7.053572482069056,17.90786241034528,10,0.04334205389022827,6.131124587922287,7.411805722311624
ant2e2e8fcf1160e3c8c92d803a10b0c,10000288,2026-04-08,0.53,0.0,0.28,0.27105679431976526,9.570835258656132,0.28,0.2708131663247728,8.53852022991656,0.28,0.2708131663247728,8.53852022991656,0.28,0.2708131663247728,8.53852022991656,15.14533641384981,0.21,0.15064845450292633,10.714372791651025,0.0,0.11591872494930837,9.453886925912023,0.0,0.11591872494930837,9.453886925912023,0.0,0.11591872494930837,9.453886925912023,17.01699646664164,4,0.029788076877593994,5.275553918311801,4.29474043130138
ant2e504905ca94838bfb641dbc5380c,10000168,2026-04-07,0.21,0.06,0.5800000000000001,0.5484477560041063,3.1686385372000574,0.53,0.5258705235243037,2.625910829760046,0.4499999999999999,0.5717526961183873,1.8739405531733642,0.4499999999999999,0.5918786260514028,1.3043643319040181,4.721821659520092,0.07,0.3349471087837232,2.3671065200880257,0.45,0.42515750972023364,2.0976852160704205,0.09,0.6385747688140077,1.3084568107136139,0.09,0.6630922111457693,0.8210740864281679,3.7453704321408408,10,0.13331079483032227,3.486262193972307,2.0630956400323472
ant2e86558446043346faeceef23ce0c,10000251,2026-03-16,2.27,3.71,3.06,3.776650437380509,3.8552142035832353,4.76,4.45727573873389,4.546171362866588,3.29,3.6330920442648624,3.6374475752443924,3.06,3.0962445849593894,3.3144685451466356,4.332342725733176,5.03,5.656639219578995,5.941053265693752,7.999999999999999,6.953446942206126,7.243842612555,5.18,5.851087957917775,5.615895075036667,5.03,5.026039221080585,5.321537045022,6.487685225110002,10,0.014444351196289062,4.024605748899766,4.147438081540825
ant2ed3b948e551f30be8f29feec0c0c,10000181,2026-04-06,0.7200000000000001,1.5700000000000005,0.36,0.44999999999999996,7.179217077684262,0.36,0.36,5.81537366214741,0.36,0.36,5.81537366214741,0.36,0.36,5.81537366214741,11.27074732429482,0.8,1.0433333333333334,8.376164370436877,0.8,0.8300000000000001,6.860931496349501,0.8,0.8300000000000001,6.860931496349501,0.8,0.8300000000000001,6.860931496349501,12.921862992699001,5,1.1920928955078125e-07,4.4289214494157765,3.932622916919253
ant2f1267d95ff5e3df799089130840c,10000038,2026-07-25,1.55,0.63,5.27,7.329999999999999,6.5496940006466335,5.27,8.7625,6.407505778352563,5.27,8.7625,6.407505778352563,5.27,8.7625,6.407505778352563,7.317510401034613,8.809999999999999,8.116666666666667,8.630455846777746,8.809999999999999,8.88,8.650405197135774,8.809999999999999,8.88,8.650405197135774,8.809999999999999,8.88,8.650405197135774,8.522729354844394,4,1.1920928955078125e-07,6.12296875508625,6.272676600350817
ant2f532b87665063127a9f1514e8c0c,10000099,2026-03-23,0.52,0.43,0.87,0.7476530626164416,7.94304270152767,0.87,0.7325557055097334,6.528434161222136,0.48,0.5485117604036087,4.382289440814758,0.6499999999999999,1.4443090258230802,2.957373664488854,12.186868322444273,1.0,0.8967135691189765,9.238444125512427,1.0,0.9220462349168563,7.590755300409941,0.7400000000000001,0.7296632082914211,5.220503533606628,0.77,1.9886268817029336,3.452302120163976,14.181510600819882,10,0.09476906061172485,6.581770961843002,6.473019772817036
ant2f5a19b7c2119368483bc0c11190c,10000217,2026-03-17,3.66,1.0,2.1,2.1,18.38137404987616,2.1,2.1,18.38137404987616,2.1,2.1,18.38137404987616,2.1,2.1,18.38137404987616,21.637648859851392,1.08,1.08,21.144884668488626,1.08,1.08,21.144884668488626,1.08,1.08,21.144884668488626,1.08,1.08,21.144884668488626,25.15786160218635,1,0.043400347232818604,6.189157601072996,6.136480271431893
c632b2dfe76525cb709c5d8ce373440c,10000069,2026-03-24,1663.2199999999998,2289.62,1177.53,1201.1289540609462,1394.5523354030554,1281.51,1408.0111759366719,1403.1378683224443,1467.4699999999998,1664.3092370923762,1486.5685788816295,1305.3,1480.2101967850347,1363.0541412223392,1524.7657366448886,2173.16,2303.085787459065,2071.308997626025,2173.16,2205.621956596427,2091.67919810082,2186.57,2312.3602722150035,2127.7794654005465,2173.16,2012.4506160288333,2130.275367421484,2010.1983962016398,10,0.07222932577133179,1663.2199999999998,1181.0755090484815
c632b2dfe76525cb709c5d8ce373440c,10000295,2026-06-22,33.23,210.09,48.91,59.772754162500235,105.93748330611069,41.52,53.78263694570759,90.83698664488855,41.52,53.78263694570759,90.83698664488855,41.52,53.78263694570759,90.83698664488855,140.1539732897771,194.66,245.66129953242037,210.1089327520497,421.63,251.95661080671843,320.50414620163974,421.63,251.95661080671843,320.50414620163974,421.63,251.95661080671843,320.50414620163974,219.37829240327952,5,0.07223546504974365,196.73434223811296,255.76535017103745
70837eeacbc1c16f2a565fd774ae000c,10000282,2026-05-27,436.52,444.7299999999999,51.690000000000005,178.2913337136162,140.9089732897771,81.22999999999999,310.5274411048329,137.83517863182166,81.22999999999999,310.5274411048329,137.83517863182166,81.22999999999999,310.5274411048329,137.83517863182166,194.44035726364334,94.22,257.35102271359045,210.62654240327953,94.22,525.8151633202758,187.3452339226236,94.22,525.8151633202758,187.3452339226236,94.22,525.8151633202758,187.3452339226236,280.47046784524724,5,0.15889132022857666,225.344376441981,480.8332889988158
ant30ad1cd5c734c9e58600192e8040c,1382490022,2026-03-16,22.239999999999995,8.07,20.07,15.741789294727708,26.895140860052706,5.42,10.873900650910493,18.205112688042163,16.83,13.09467438779362,21.550075125361445,15.04,14.426487407047894,18.230045075216864,30.99022537608433,16.35,17.599039452949928,29.1613965485951,5.619999999999999,12.378588362354547,21.234117238876077,16.35,16.196704161750628,23.18274482591739,16.35,18.722836892533973,20.44964689555043,36.84823447775216,10,0.14445257186889648,13.580415128258092,16.457712339395187
ant30ad1cd5c734c9e58600192e8040c,10000006,2026-04-17,7.4300000000000015,8.9,34.86,38.272368725576904,30.773026681336127,34.86,36.28377748424312,31.5904213450689,28.820000000000004,37.148325076799345,28.65361423004594,19.360000000000003,27.70722296792079,21.152168538027563,28.320842690137802,46.13,41.27039918695705,40.01174712471888,46.13,37.311853589218636,41.235397699775106,25.5,42.59419539280136,29.113598466516734,18.4,31.19136444291411,21.988159079910037,36.3407953995502,10,0.18425893783569336,12.599749558278589,15.675200416976596
ant344e095a3f14f01870c0021cb0f0c,10000019,2026-03-16,1.54,1.75,11.97,12.379948585097738,60.738718412075016,17.75,15.87067200610098,53.87497472966001,11.97,14.69682986318035,37.97998315310667,7.53,10.905853304326934,24.023989891864,89.99994945932002,13.419999999999998,15.474724964749727,73.52057561681274,20.63,20.113301974472083,65.1054604934502,13.419999999999998,17.898005232291936,45.473640328966795,7.58,12.774251378896132,27.980184197380073,109.58092098690038,10,0.03566694259643555,28.931129346536807,37.46901463504673
ant46413eddd4136b212d7150cc1b70c,10000181,2026-03-16,0.7500000000000001,0.44,0.9200000000000002,0.994530719148023,7.389217077684262,0.9200000000000002,0.950518027216449,6.670415180163789,0.9200000000000002,0.950518027216449,6.670415180163789,0.9200000000000002,0.950518027216449,6.670415180163789,11.27074732429482,1.98,1.9857910228325015,8.818664370436876,1.98,1.904009258361951,8.058812773721668,1.98,1.904009258361951,8.058812773721668,1.98,1.904009258361951,8.058812773721668,12.921862992699001,4,0.02890145778656006,4.20368081750437,3.360941440649952
ant47fed430254eb699e34f4f1ef160c,1382490022,2026-03-16,5.79,7.300000000000001,8.620000000000001,16.85737304935339,22.601390860052707,12.330000000000002,16.850003534325225,21.660112688042165,30.25,25.442898829869396,30.514366205744402,30.25,25.442898829869396,30.514366205744402,30.99022537608433,15.49,16.973237873588694,28.8388965485951,15.49,16.907224146734812,26.16911723887608,21.82,22.41526123328798,27.187226599197196,21.82,22.41526123328798,27.187226599197196,36.84823447775216,9,0.18114221096038818,15.841233514689243,19.7521404851517
64d5e9978d7ff2bd2953f8d94773f60c,10000069,2026-03-16,557.93,1274.64,353.67,890.1286771585277,1085.6048354030554,353.67,1558.1780181805111,939.2178683224444,2170.6,1824.691182240329,1955.3219122149628,2695.3300000000004,2216.9129085103245,2461.217147328978,1524.7657366448886,2482.13,2050.8506187203225,2187.172747626025,2482.13,2525.5606306241793,2246.1641981008197,3148.4,2669.699556909438,2768.999465400547,3398.7,2947.1289502644117,3120.999679240328,2010.1983962016398,10,0.08668172359466553,893.8572789418649,1213.9912137459492
ant58ebe7c15e4239f96ea43d51e4d0c,10000168,2026-04-08,0.53,0.6400000000000001,0.45,0.7339115725638804,3.1198885372000578,0.45,0.7339115725638804,3.1198885372000578,0.45,0.7339115725638804,3.1198885372000578,0.45,0.7339115725638804,3.1198885372000578,4.721821659520092,0.01,1.2246832330258581,2.3446065200880257,0.01,1.2246832330258581,2.3446065200880257,0.01,1.2246832330258581,2.3446065200880257,0.01,1.2246832330258581,2.3446065200880257,3.7453704321408408,3,0.1022104024887085,3.432579277132189,2.400492046795676
ant58ebe7c15e4239f96ea43d51e4d0c,10000216,2026-04-08,0.26,0.56,0.44,0.4264199994156903,41.26983544126895,0.44,0.4264199994156903,41.26983544126895,0.44,0.4264199994156903,41.26983544126895,0.44,0.4264199994156903,41.26983544126895,57.60176961777653,0.92,0.6246349872912648,46.559340783479904,0.92,0.6246349872912648,46.559340783479904,0.92,0.6246349872912648,46.559340783479904,0.92,0.6246349872912648,46.559340783479904,64.81507709687186,2,0.044331133365631104,9.357354523456504,11.061417457510874
ant8b584a3a8ac04eb78ef789074230c,1380389889,2026-07-20,0.45,0.71,7.55,16.24804651326987,26.476093461110995,7.55,11.948905739409946,22.690874768888794,9.99,16.9887778511712,19.270583179259198,13.38,18.62444672641239,18.270349907555516,37.83174953777759,8.129999999999999,20.620394369929823,30.341704797851264,3.6,13.4408857255119,23.634363838281015,8.129999999999999,18.536394206551414,19.97624255885401,14.7,20.264793363625227,20.493745535312403,43.66872767656203,10,0.07242119312286377,15.43453978359023,20.80993776935191
anta0afe487e981427589680861fe60c,10000006,2026-05-08,13.97,24.52,0.25,12.870637581004516,17.794276681336125,0.33,8.995743179273958,14.3254213450689,2.12,8.779576612138134,10.853614230045936,3.33,15.255783186881526,8.32816853802756,28.320842690137802,0.0,15.848038389213263,22.712997124718875,0.4399999999999999,11.832404334041271,18.3903976997751,3.12,10.859505104228326,14.193598466516736,8.290000000000001,15.471418571420342,13.90015907991004,36.3407953995502,10,0.08837473392486572,19.616981169006777,20.631008141641363
antaefc60dc45a462df189ed4c5d310c,10000019,2026-04-21,6.06,8.22,4.23,30.639999999999997,65.49424961380002,4.23,30.639999999999997,65.49424961380002,4.23,30.639999999999997,65.49424961380002,4.23,30.639999999999997,65.49424961380002,89.99994945932002,6.67,19.11,80.17780070492884,6.67,19.11,80.17780070492884,6.67,19.11,80.17780070492884,6.67,19.11,80.17780070492884,109.58092098690038,2,1.1920928955078125e-07,20.61749716043943,28.51413482964547
ca0a485bb1484d9438f2ff25e241620c,10000069,2026-05-29,423.01,397.46,2695.3300000000004,2651.2650380755695,1963.7273354030556,2695.3300000000004,2588.833082622297,2110.0478683224446,2695.3300000000004,2499.3497943082953,2305.141912214963,2271.71,2257.2784433106362,2122.321147328978,1524.7657366448886,3148.4,3052.1967106695156,2437.023997626025,3148.4,3088.373141537989,2579.29919810082,3148.4,3086.097052307738,2768.999465400547,3420.8499999999995,3103.156359641483,3138.719679240328,2010.1983962016398,10,0.2466537356376648,880.1956845095812,922.7205457025892
244c53fdb7a8565a99e5a0473ea03d0c,10000278,2026-04-01,133.82999999999998,194.12,31.98,30.67479820152823,207.42775313438142,31.98,38.349891252015006,172.33820250750514,50.620000000000005,71.86894899510881,137.9788016716701,54.43000000000001,84.8635176806039,122.39484342500273,312.69640501501027,51.78,36.755131348199114,238.89881896303763,51.78,43.64365508637508,201.4750551704301,54.81999999999999,82.17482157828758,153.6033701136201,54.81999999999999,96.00392267450643,132.80687114233166,351.1701103408602,10,0.11577725410461426,136.1454842426965,198.47753870710736
3ebda9f43e510ee82d0dc596445db00c,10000281,2026-04-28,963.11,1363.04,1140.74,1029.1583353512397,1160.8728548662832,1140.74,1197.8216635774259,1156.8462838930266,1140.74,1213.8237972374661,1151.477522595351,1214.11,1586.446343416292,1205.8785135572107,1172.9525677860531,1570.16,1370.3942430111144,1305.52165620831,1570.16,1446.3002653104554,1358.449324966648,1422.61,1204.7349090030605,1330.6528833110985,1422.61,1583.7686273302347,1367.4357299866592,1146.738649933296,10,0.08667093515396118,1066.2647991680406,1363.039999999999
529e877d014128b693c28dfa107cb10c,10000069,2026-04-23,2570.83,3624.15,2760.4800000000005,2294.6354511406535,1988.1585854030557,2760.4800000000005,2228.975047595494,2142.6228683224444,2889.88,2671.358482372637,2434.841912214963,2760.4800000000005,2533.293556348874,2513.337147328978,1524.7657366448886,3455.82,2776.467558113773,2552.306497626025,3455.82,2716.2142726037814,2733.00919810082,3522.6,3194.2862370483185,3018.466132067213,3455.82,3220.7251946757474,3166.6956792403284,2010.1983962016398,10,0.020401597023010254,1806.7097527908384,2582.9826480257243
antf31ab7e09b35aed9c681483d5ab0c,10000006,2026-05-26,0.07,0.0,28.320842690137802,28.320842690137802,28.320842690137802,28.320842690137802,28.320842690137802,28.320842690137802,28.320842690137802,28.320842690137802,28.320842690137802,28.320842690137802,28.320842690137802,28.320842690137802,28.320842690137802,36.3407953995502,36.3407953995502,36.3407953995502,36.3407953995502,36.3407953995502,36.3407953995502,36.3407953995502,36.3407953995502,36.3407953995502,36.3407953995502,36.3407953995502,36.3407953995502,36.3407953995502,0,,21.858789877915974,27.426726441691784
antfd3ed72654063da6b5e8a1d46620c,10000006,2026-03-18,10.54,12.56,0.91,3.7246297611649406,18.041776681336124,4.949999999999999,5.074541388595247,16.6354213450689,2.3800000000000003,6.85584469799919,11.02694756337927,9.7,9.874775984680051,13.424168538027558,28.320842690137802,1.81,5.388572487435775,23.391747124718876,4.65,6.834658627144725,20.4953976997751,3.63,8.17149422856132,14.533598466516736,11.009999999999998,11.185518698214443,16.07615907991004,36.3407953995502,10,0.07669055461883545,13.22827603713987,16.928029246380675
dd0fdd4d761d986f01b00daf40fafb0c,10000001,2026-05-16,0.07,0.0,0.07,0.07,10.732664336728158,0.07,0.07136086169125844,9.547923854869474,0.07,0.07136086169125844,9.547923854869474,0.07,0.07136086169125844,9.547923854869474,17.130262938765053,0.0,0.0,12.287861945583167,0.0,0.0,10.922543951629482,0.0,0.0,10.922543951629482,0.0,0.0,10.922543951629482,19.660579112933068,4,0.014471173286437988,65.57234805088399,31.55243239968389
antys0a953799b1122ef209234a3be0c,10000211,2026-07-06,0.03,0.1399999999999999,65.07836482058335,65.07836482058335,65.07836482058335,65.07836482058335,65.07836482058335,65.07836482058335,65.07836482058335,65.07836482058335,65.07836482058335,65.07836482058335,65.07836482058335,65.07836482058335,65.07836482058335,75.28535242795688,75.28535242795688,75.28535242795688,75.28535242795688,75.28535242795688,75.28535242795688,75.28535242795688,75.28535242795688,75.28535242795688,75.28535242795688,75.28535242795688,75.28535242795688,75.28535242795688,0,,10.441587834444402,12.516220139762106
antys39d240c2ace72469f5fdc78450c,10000182,2026-03-16,0.22,0.36,0.52,0.3833333333333333,2.1298753358904814,0.45,0.33999999999999997,1.7729002687123854,0.45,0.44288433360561336,1.3319335124749236,0.52,0.5274100548032601,1.0351601074849541,3.0958005374247706,1.01,0.7466666666666667,2.5854372934878254,0.84,0.634,2.18534983479026,0.84,0.8601327418307089,1.7368998898601733,1.06,1.0479402762225123,1.554139933916104,3.53069966958052,10,0.0,3.620969537295908,3.382471575722361
antysb91bc7e2dbf915f4a36ae19010c,10000182,2026-03-16,0.29,0.4599999999999999,0.29,0.31926932296612387,2.0436253358904817,0.29,0.32331467847186574,1.6929002687123853,0.29,0.3517883686396229,1.225266845808257,0.45,0.4405399081830326,0.9791601074849541,3.0958005374247706,0.56,0.5669196127026429,2.416687293487825,0.56,0.5567711940040573,2.04534983479026,0.56,0.6340278498364162,1.5502332231935068,0.8300000000000001,0.8300231957294173,1.370139933916104,3.53069966958052,10,0.0,3.445787666265056,2.82319052875832
antysc17dad5a72fd6f80b933560590c,10000182,2026-06-25,0.05,0.16,0.24,0.21,2.0248753358904814,0.15,0.178,1.6229002687123852,0.24,0.352,1.1919335124749235,0.24,0.5625,0.8111601074849539,3.0958005374247706,0.55,0.4866666666666667,2.412937293487825,0.24,0.37800000000000006,1.8853498347902602,0.53,0.654,1.5302332231935067,0.47,1.044,1.0821399339161037,3.53069966958052,10,1.1920928955078125e-07,3.2887617951205264,2.512358160881085
antysc938410b0c713f3b554ab2c590c,10000182,2026-06-26,0.1599999999999999,0.33,0.24,0.21,2.0248753358904814,0.15,0.178,1.6229002687123852,0.24,0.352,1.1919335124749235,0.24,0.5625,0.8111601074849539,3.0958005374247706,0.55,0.4866666666666667,2.412937293487825,0.24,0.37800000000000006,1.8853498347902602,0.53,0.654,1.5302332231935067,0.47,1.044,1.0821399339161037,3.53069966958052,10,1.1920928955078125e-07,3.312385530892763,2.539600006698
